Date,ATM_ID,Withdrawal,Predicted_Withdrawal,Error,Abs_Pct_Error
1998-03-18,T1,30.0878684807256,41.435702360264756,-11.35,37.7
1998-03-19,T1,54.1383219954649,48.38018734804219,5.76,10.6
1998-03-20,T1,53.500566893424,43.064079621021804,10.44,19.5
1998-03-21,T1,39.6967120181406,33.46863109702423,6.23,15.7
1998-03-22,T1,29.7052154195011,30.583960286373028,-0.88,3.0
1998-03-23,T1,19.9404761904762,24.766983857390514,-4.83,24.2
1998-03-24,T1,28.6139455782313,29.32774324757544,-0.71,2.5
1998-03-25,T1,37.046485260771,38.525917102471894,-1.48,4.0
1998-03-26,T1,60.9268707482993,55.95593313801402,4.97,8.2
1998-03-27,T1,49.4047619047619,49.69968145561573,-0.29,0.6
1998-03-28,T1,30.6547619047619,35.034179936206144,-4.38,14.3
1998-03-29,T1,27.6927437641723,28.356236127286365,-0.66,2.4
1998-03-30,T1,27.593537414966,24.619717334354604,2.97,10.8
1998-03-31,T1,34.5804988662132,31.01706150903593,3.56,10.3
1998-04-01,T1,45.1955782312925,38.914138238798316,6.28,13.9
1998-04-02,T1,55.93820861678,59.523323396234346,-3.59,6.4
1998-04-03,T1,52.4801587301587,48.90797519810651,3.57,6.8
1998-04-04,T1,25.5385487528345,32.282795188495214,-6.74,26.4
1998-04-05,T1,19.2460317460317,26.96926102123316,-7.72,40.1
1998-04-06,T1,23.9937641723356,20.030222035908515,3.96,16.5
1998-04-07,T1,36.5362811791383,29.560253734833204,6.98,19.1
1998-04-08,T1,58.8860544217687,41.12289413723511,17.76,30.2
1998-04-09,T1,46.5277777777778,60.63167518045603,-14.1,30.3
1998-04-10,T1,40.6462585034014,45.832050630161824,-5.19,12.8
1998-04-11,T1,25.2692743764172,27.65287782931459,-2.38,9.4
1998-04-12,T1,30.7256235827664,23.915050198564224,6.81,22.2
1998-04-13,T1,29.5209750566893,23.676144634788088,5.84,19.8
1998-04-14,T1,26.2896825396825,34.68430547433567,-8.39,31.9
1998-04-15,T1,39.3707482993197,39.4741131842123,-0.1,0.3
1998-04-16,T1,54.6201814058957,52.352977483150894,2.27,4.2
1998-04-17,T1,49.0079365079365,41.049966481319586,7.96,16.2
1998-04-18,T1,31.3917233560091,31.443362368675075,-0.05,0.2
1998-04-19,T1,28.8548752834467,28.7898179225751,0.07,0.2
1998-04-20,T1,22.5056689342404,26.481816219650437,-3.98,17.7
1998-04-21,T1,29.1241496598639,28.537895518982936,0.59,2.0
1998-04-22,T1,37.3866213151927,41.39895977822795,-4.01,10.7
1998-04-23,T1,56.7460317460318,54.948530256159955,1.8,3.2
1998-04-24,T1,50.1700680272109,46.618654400152934,3.55,7.1
1998-04-25,T1,32.6530612244898,30.8897583932153,1.76,5.4
1998-04-26,T1,27.1258503401361,28.85688572144431,-1.73,6.4
1998-04-27,T1,22.0946712018141,24.364468761687114,-2.27,10.3
1998-04-28,T1,30.4138321995465,31.110927936992592,-0.7,2.3
1998-04-29,T1,45.9892290249433,41.704318042842395,4.28,9.3
1998-04-30,T1,66.468253968254,57.994709935155925,8.47,12.7
1998-05-01,T1,53.0895691609977,52.53464879173756,0.55,1.0
1998-05-02,T1,40.1643990929705,32.40943460369581,7.75,19.3
1998-05-03,T1,34.5663265306122,32.38627552288245,2.18,6.3
1998-05-04,T1,31.9727891156463,30.96466265574937,1.01,3.2
1998-05-05,T1,22.2789115646259,31.390124825376397,-9.11,40.9
1998-05-06,T1,42.9563492063492,38.05119469430421,4.91,11.4
1998-05-07,T1,62.8259637188209,56.35642418520073,6.47,10.3
1998-05-08,T1,50.1417233560091,48.132384558711536,2.01,4.0
1998-05-09,T1,33.7018140589569,33.04457475806286,0.66,2.0
1998-05-10,T1,28.656462585034,30.720863802936528,-2.06,7.2
1998-05-11,T1,26.4172335600907,27.675437389401914,-1.26,4.8
1998-05-12,T1,27.2534013605442,27.335646320498487,-0.08,0.3
1998-05-13,T1,44.3735827664399,39.96295191183305,4.41,9.9
1998-05-14,T1,65.2069160997732,59.97007463147776,5.24,8.0
1998-05-15,T1,49.7448979591837,49.576816844782726,0.17,0.3
1998-05-16,T1,34.4812925170068,32.61551155316145,1.87,5.4
1998-05-17,T1,32.6672335600907,29.62031683726028,3.05,9.3
1998-03-18,T10,22.8741496598639,19.17097370497531,3.7,16.2
1998-03-19,T10,32.3979591836735,32.79525342538638,-0.4,1.2
1998-03-20,T10,30.8106575963719,28.276445966967255,2.53,8.2
1998-03-21,T10,23.5544217687075,19.782794424963576,3.77,16.0
1998-03-22,T10,16.4115646258503,19.60423691775776,-3.19,19.4
1998-03-23,T10,11.4654195011338,14.674825315371653,-3.21,28.0
1998-03-24,T10,18.3815192743764,15.445852563812405,2.94,16.0
1998-03-25,T10,17.3469387755102,24.08009896993996,-6.73,38.8
1998-03-26,T10,40.4336734693878,31.828202897878466,8.61,21.3
1998-03-27,T10,25.8078231292517,32.02111710805061,-6.21,24.1
1998-03-28,T10,7.27040816326531,18.487931207494135,-11.22,154.3
1998-03-29,T10,13.2511337868481,15.260837128041619,-2.01,15.2
1998-03-30,T10,13.4353741496599,15.391796777961012,-1.96,14.6
1998-03-31,T10,19.4586167800454,17.952080551277803,1.51,7.8
1998-04-01,T10,24.9858276643991,20.750126454197392,4.24,17.0
1998-04-02,T10,36.0969387755102,34.908106861502105,1.19,3.3
1998-04-03,T10,34.7789115646259,29.291652480603137,5.49,15.8
1998-04-04,T10,19.8696145124717,19.64942145079437,0.22,1.1
1998-04-05,T10,14.2431972789116,17.308641464523742,-3.07,21.6
1998-04-06,T10,19.1184807256236,12.963407261266614,6.16,32.2
1998-04-07,T10,21.031746031746,17.624456931108448,3.41,16.2
1998-04-08,T10,34.8639455782313,22.779581659055886,12.08,34.6
1998-04-09,T10,28.4722222222222,38.82981854632289,-10.36,36.4
1998-04-10,T10,30.2862811791383,30.2818046739339,0.0,0.0
1998-04-11,T10,21.1592970521542,18.100718091544838,3.06,14.5
1998-04-12,T10,20.4506802721088,17.2672664728345,3.18,15.5
1998-04-13,T10,23.7670068027211,16.328293813883285,7.44,31.3
1998-04-14,T10,21.2018140589569,21.660914190306595,-0.46,2.2
1998-04-15,T10,24.2772108843537,27.042905342876463,-2.77,11.4
1998-04-16,T10,33.4467120181406,32.292211614591736,1.15,3.4
1998-04-17,T10,26.0770975056689,29.225487275698782,-3.15,12.1
1998-04-18,T10,21.3293650793651,17.378201153696324,3.95,18.5
1998-04-19,T10,18.0272108843537,19.273658383111524,-1.25,6.9
1998-04-20,T10,15.8730158730159,18.24307027847027,-2.37,14.9
1998-04-21,T10,4.12414965986395,19.146894305713577,-15.02,364.2
1998-04-22,T10,38.9172335600907,23.29511995343195,15.62,40.1
1998-04-23,T10,33.3049886621315,34.42988397866284,-1.12,3.4
1998-04-24,T10,28.9257369614512,28.939066158672542,-0.01,0.0
1998-04-25,T10,20.3514739229025,19.139927717658452,1.21,5.9
1998-04-26,T10,20.124716553288,18.64970421767204,1.48,7.4
1998-04-27,T10,16.2273242630386,18.094442659606315,-1.87,11.5
1998-04-28,T10,16.9359410430839,19.03973660287104,-2.1,12.4
1998-04-29,T10,25.0,29.95977883451421,-4.96,19.8
1998-04-30,T10,39.3140589569161,35.651449065483945,3.66,9.3
1998-05-01,T10,34.9631519274376,31.786494584913154,3.18,9.1
1998-05-02,T10,23.6678004535147,21.290724494685527,2.38,10.1
1998-05-03,T10,20.6916099773243,20.159325020206385,0.53,2.6
1998-05-04,T10,20.2947845804989,20.143775612649936,0.15,0.7
1998-05-05,T10,17.2052154195011,18.480493236282424,-1.28,7.4
1998-05-06,T10,20.3373015873016,25.930130327671108,-5.59,27.5
1998-05-07,T10,35.218253968254,32.034544940998266,3.18,9.0
1998-05-08,T10,28.6139455782313,29.788157159587694,-1.17,4.1
1998-05-09,T10,19.7704081632653,18.86714841002246,0.9,4.6
1998-05-10,T10,18.2114512471655,18.98358710867765,-0.77,4.2
1998-05-11,T10,15.8730158730159,16.90151235777093,-1.03,6.5
1998-05-12,T10,17.219387755102,17.071584543298968,0.15,0.9
1998-05-13,T10,22.562358276644,23.088465288152847,-0.53,2.3
1998-05-14,T10,37.7834467120181,35.206268928243226,2.58,6.8
1998-05-15,T10,32.312925170068,29.835357743468716,2.48,7.7
1998-05-16,T10,20.3939909297052,20.0725398379614,0.32,1.6
1998-05-17,T10,20.578231292517,19.04973385948389,1.53,7.4
1998-03-18,T100,17.3724355602315,14.31616925923487,3.06,17.6
1998-03-19,T100,21.3703314045239,21.36778665552455,0.0,0.0
1998-03-20,T100,20.8968963703314,18.978173238117048,1.92,9.2
1998-03-21,T100,9.33719095213046,10.604565942740305,-1.27,13.6
1998-03-22,T100,12.2304050499737,10.725545824519438,1.5,12.3
1998-03-23,T100,12.2961599158338,10.203926792896725,2.09,17.0
1998-03-24,T100,9.87638085218306,12.493776141827526,-2.62,26.5
1998-03-25,T100,14.9789584429248,15.965325547264626,-0.99,6.6
1998-03-26,T100,24.0136770120989,23.04006150083583,0.97,4.0
1998-03-27,T100,20.0552340873225,20.841665085685538,-0.79,3.9
1998-03-28,T100,7.25933719095213,10.235653536868664,-2.98,41.1
1998-03-29,T100,10.1130983692793,12.11615300486402,-2.0,19.8
1998-03-30,T100,13.5849552866912,13.142969286009976,0.44,3.2
1998-03-31,T100,15.215675960021,13.194177926723944,2.02,13.3
1998-04-01,T100,18.753287743293,16.63890384355475,2.11,11.3
1998-04-02,T100,22.8958442924776,22.570775780047917,0.33,1.4
1998-04-03,T100,20.0946870068385,19.69107109558155,0.4,2.0
1998-04-04,T100,10.5470804839558,9.471965932825448,1.08,10.2
1998-04-05,T100,12.7432930036823,12.987085617153362,-0.24,1.9
1998-04-06,T100,10.1262493424513,11.10699634154671,-0.98,9.7
1998-04-07,T100,14.4792214623882,11.408217647779601,3.07,21.2
1998-04-08,T100,19.5423461336139,15.955809921672808,3.59,18.4
1998-04-09,T100,18.1877958968964,22.98331738327736,-4.8,26.4
1998-04-10,T100,16.938453445555,19.37301068097023,-2.43,14.3
1998-04-11,T100,10.1657022619674,9.520119087921776,0.65,6.4
1998-04-12,T100,8.74539715938979,11.453561978730377,-2.71,31.0
1998-04-13,T100,11.4807995791689,9.634515400148022,1.85,16.1
1998-04-14,T100,12.8616517622304,12.391568175740105,0.47,3.7
1998-04-15,T100,14.6107311941084,17.197595889321924,-2.59,17.7
1998-04-16,T100,22.5933719095213,20.215260159710496,2.38,10.5
1998-04-17,T100,18.3587585481326,18.68452501736055,-0.33,1.8
1998-04-18,T100,11.8358758548133,10.123791098089981,1.71,14.4
1998-04-19,T100,11.3624408206207,11.547285923976048,-0.18,1.6
1998-04-20,T100,9.66596528143083,10.62633115335456,-0.96,9.9
1998-04-21,T100,10.8758548132562,11.692775829477522,-0.82,7.5
1998-04-22,T100,11.8621778011573,15.015807998233434,-3.15,26.6
1998-04-23,T100,25.1446607048922,20.343941176192825,4.8,19.1
1998-04-24,T100,5.23408732246186,20.470622431496107,-15.24,291.2
1998-04-25,T100,8.27196212519726,9.430797518696007,-1.16,14.0
1998-04-26,T100,13.4928984744871,11.09321788886478,2.4,17.8
1998-04-27,T100,6.44397685428722,11.691491024750416,-5.25,81.5
1998-04-28,T100,7.25933719095213,11.579779428866356,-4.32,59.5
1998-04-29,T100,16.2940557601262,14.147419402987413,2.15,13.2
1998-04-30,T100,23.3692793266702,24.131420458642523,-0.76,3.3
1998-05-01,T100,23.5402419779064,18.42058360860085,5.12,21.7
1998-05-02,T100,12.3619147816938,11.537268688715535,0.82,6.6
1998-05-03,T100,13.348237769595,13.17865150861417,0.17,1.3
1998-05-04,T100,17.2803787480274,12.780802758835657,4.5,26.0
1998-05-05,T100,9.29773803261441,13.322739201056683,-4.03,43.3
1998-05-06,T100,15.7417148869016,14.453407414913793,1.29,8.2
1998-05-07,T100,19.2267227774855,21.79455105839039,-2.57,13.4
1998-05-08,T100,19.3976854287217,17.21010423205064,2.19,11.3
1998-05-09,T100,9.08732246186218,10.418849964019419,-1.33,14.6
1998-05-10,T100,10.0999473961073,11.545324840107767,-1.45,14.4
1998-05-11,T100,10.6522882693319,11.087059375381005,-0.43,4.0
1998-05-12,T100,14.2030510257759,10.53741952833314,3.67,25.8
1998-05-13,T100,19.7922146238822,15.541848466574294,4.25,21.5
1998-05-14,T100,20.9495002630195,22.782298723554923,-1.83,8.7
1998-05-15,T100,20.1078379800105,18.204716952212596,1.9,9.4
1998-05-16,T100,8.99526564965808,10.329660199038088,-1.33,14.8
1998-05-17,T100,9.03471856917412,11.768284159480926,-2.73,30.2
1998-03-18,T101,24.5323129251701,25.5422177702658,-1.01,4.1
1998-03-19,T101,35.2749433106576,35.22381075916088,0.05,0.1
1998-03-20,T101,19.3310657596372,20.434074547908903,-1.1,5.7
1998-03-21,T101,19.4586167800454,16.817589068031857,2.64,13.6
1998-03-22,T101,19.9546485260771,22.584893199135404,-2.63,13.2
1998-03-23,T101,18.8350340136054,22.00455512252883,-3.17,16.8
1998-03-24,T101,23.9512471655329,20.89707583990947,3.05,12.7
1998-03-25,T101,27.1541950113379,27.141401223715228,0.01,0.0
1998-03-26,T101,35.7851473922902,38.17685824304238,-2.39,6.7
1998-03-27,T101,19.9829931972789,21.590584649441574,-1.61,8.1
1998-03-28,T101,16.6524943310658,17.053110685434522,-0.4,2.4
1998-03-29,T101,16.1848072562358,20.910977004013077,-4.73,29.2
1998-03-30,T101,17.5736961451247,20.488955431611934,-2.92,16.6
1998-03-31,T101,17.8713151927438,22.69412707536961,-4.82,27.0
1998-04-01,T101,19.7278911564626,24.339046972591664,-4.61,23.4
1998-04-02,T101,26.0062358276644,32.37296405443858,-6.37,24.5
1998-04-03,T101,15.8871882086168,19.772770459743718,-3.89,24.5
1998-04-04,T101,17.7295918367347,14.228460639673218,3.5,19.7
1998-04-05,T101,17.6445578231293,18.37656366607053,-0.73,4.1
1998-04-06,T101,15.1643990929705,16.287538401037512,-1.12,7.4
1998-04-07,T101,17.1060090702948,16.82108563910524,0.28,1.6
1998-04-08,T101,20.6774376417234,20.943896409241017,-0.27,1.3
1998-04-09,T101,15.9438775510204,28.738891101382592,-12.8,80.3
1998-04-10,T101,18.4240362811791,17.383707977510085,1.04,5.6
1998-04-11,T101,16.9642857142857,14.43879330373701,2.53,14.9
1998-04-12,T101,11.0260770975057,17.55031665789063,-6.52,59.1
1998-04-13,T101,15.0226757369615,13.817539523706506,1.21,8.1
1998-04-14,T101,16.4540816326531,16.565694699775694,-0.11,0.7
1998-04-15,T101,21.7828798185941,20.694989036055468,1.09,5.0
1998-04-16,T101,24.3622448979592,27.320689802506998,-2.96,12.1
1998-04-17,T101,17.4178004535147,18.415726695326438,-1.0,5.7
1998-04-18,T101,17.5170068027211,13.893657691255346,3.62,20.7
1998-04-19,T101,25.4393424036281,16.22874872276944,9.21,36.2
1998-04-20,T101,19.6995464852608,18.92736147313007,0.77,3.9
1998-04-21,T101,20.6065759637188,18.784563283176546,1.82,8.8
1998-04-22,T101,21.7545351473923,22.810509386465256,-1.06,4.9
1998-04-23,T101,32.4546485260771,27.59802117657878,4.86,15.0
1998-04-24,T101,17.7012471655329,20.08541805741256,-2.38,13.4
1998-04-25,T101,22.0379818594104,14.090567210787603,7.95,36.1
1998-04-26,T101,23.4126984126984,22.193006471533813,1.22,5.2
1998-04-27,T101,21.3860544217687,19.985952417614715,1.4,6.5
1998-04-28,T101,23.8095238095238,21.345294812645548,2.46,10.3
1998-04-29,T101,27.4659863945578,23.829185497692386,3.64,13.3
1998-04-30,T101,37.4007936507936,31.961768828849056,5.44,14.5
1998-05-01,T101,21.9954648526077,21.53420809672445,0.46,2.1
1998-05-02,T101,23.6961451247166,17.066092507854616,6.63,28.0
1998-05-03,T101,20.7057823129252,22.65699197631134,-1.95,9.4
1998-05-04,T101,23.4410430839002,21.233940582184307,2.21,9.4
1998-05-05,T101,26.3463718820862,20.945972501822542,5.4,20.5
1998-05-06,T101,25.0850340136054,25.577789011282384,-0.49,2.0
1998-05-07,T101,32.9506802721088,31.31699241278219,1.63,4.9
1998-05-08,T101,16.312358276644,20.811464637085763,-4.5,27.6
1998-05-09,T101,19.06179138322,15.85221714021181,3.21,16.8
1998-05-10,T101,22.1230158730159,20.389011858686196,1.73,7.8
1998-05-11,T101,22.5907029478458,19.07150867544403,3.52,15.6
1998-05-12,T101,21.8962585034014,22.159247947228558,-0.26,1.2
1998-05-13,T101,20.1672335600907,24.355006218157467,-4.19,20.8
1998-05-14,T101,34.750566893424,30.794266173586507,3.96,11.4
1998-05-15,T101,16.6383219954649,19.427830374477118,-2.79,16.8
1998-05-16,T101,16.9642857142857,16.036090398793032,0.93,5.5
1998-05-17,T101,20.0113378684807,20.885588367209834,-0.87,4.3
1998-03-18,T102,21.5844671201814,21.57118341215053,0.01,0.0
1998-03-19,T102,33.1490929705215,31.06552941323415,2.08,6.3
1998-03-20,T102,39.7250566893424,33.19320347347825,6.53,16.4
1998-03-21,T102,7.22789115646259,12.48671248182541,-5.26,72.8
1998-03-22,T102,11.9472789115646,14.99123915702761,-3.04,25.4
1998-03-23,T102,15.0793650793651,12.68047517756052,2.4,15.9
1998-03-24,T102,18.3956916099773,17.434601315829244,0.96,5.2
1998-03-25,T102,22.5198412698413,24.835941130676144,-2.32,10.3
1998-03-26,T102,38.8605442176871,34.11730977581182,4.74,12.2
1998-03-27,T102,39.4557823129252,35.12637133223121,4.33,11.0
1998-03-28,T102,7.82312925170068,12.801532442475402,-4.98,63.7
1998-03-29,T102,17.6020408163265,15.072749793797257,2.53,14.4
1998-03-30,T102,18.43820861678,17.434781172107858,1.0,5.4
1998-03-31,T102,19.06179138322,19.78861240231115,-0.73,3.8
1998-04-01,T102,23.0867346938775,23.052728723381065,0.03,0.1
1998-04-02,T102,34.8214285714286,33.174261252691664,1.65,4.7
1998-04-03,T102,38.9030612244898,34.282248085126774,4.62,11.9
1998-04-04,T102,6.50510204081633,12.21292266619104,-5.71,87.8
1998-04-05,T102,18.59410430839,16.79686138391946,1.8,9.7
1998-04-06,T102,14.6683673469388,14.912779888430496,-0.24,1.6
1998-04-07,T102,11.1819727891156,16.376446127707318,-5.19,46.4
1998-04-08,T102,29.719387755102,19.72262419138453,10.0,33.6
1998-04-09,T102,23.5685941043084,36.39846373600582,-12.83,54.4
1998-04-10,T102,36.9897959183673,30.942081809336152,6.05,16.4
1998-04-11,T102,6.60430839002268,9.736051075599791,-3.13,47.4
1998-04-12,T102,4.16666666666667,15.75181720543329,-11.59,278.2
1998-04-13,T102,19.2602040816327,14.878270522535107,4.38,22.7
1998-04-14,T102,22.3497732426304,16.47532168635759,5.87,26.3
1998-04-15,T102,23.2568027210884,27.058694590875746,-3.8,16.3
1998-04-16,T102,34.3820861678005,30.556659149592832,3.83,11.1
1998-04-17,T102,38.9880952380952,32.6363953671829,6.35,16.3
1998-04-18,T102,5.34297052154195,9.75196532690876,-4.41,82.5
1998-04-19,T102,12.9251700680272,12.847441821315003,0.08,0.6
1998-04-20,T102,15.5612244897959,16.24000529417129,-0.68,4.4
1998-04-21,T102,13.6621315192744,19.005683686662536,-5.34,39.1
1998-04-22,T102,20.1814058956916,22.40345978826144,-2.22,11.0
1998-04-23,T102,33.9710884353741,32.16185484271209,1.81,5.3
1998-04-24,T102,33.8718820861678,35.84255534991811,-1.97,5.8
1998-04-25,T102,6.30668934240363,7.820638949701567,-1.51,23.9
1998-04-26,T102,17.9138321995465,14.014719458450134,3.9,21.8
1998-04-27,T102,15.1218820861678,16.574877946582262,-1.45,9.6
1998-04-28,T102,20.2097505668934,16.75897687569995,3.45,17.1
1998-04-29,T102,27.9761904761905,24.09592872981045,3.88,13.9
1998-04-30,T102,37.3582766439909,35.56398098336432,1.79,4.8
1998-05-01,T102,34.9206349206349,34.355914027203625,0.56,1.6
1998-05-02,T102,8.12074829931973,7.812027328527931,0.31,3.8
1998-05-03,T102,6.59013605442177,15.536330910320917,-8.95,135.8
1998-05-04,T102,18.0697278911565,17.11161840865686,0.96,5.3
1998-05-05,T102,14.2148526077098,17.78613750627687,-3.57,25.1
1998-05-06,T102,19.7137188208617,23.486858044051637,-3.77,19.1
1998-05-07,T102,25.297619047619,29.572549205221478,-4.27,16.9
1998-05-08,T102,32.9648526077098,27.413625751835642,5.55,16.8
1998-05-09,T102,6.73185941043084,7.4749198347795,-0.74,11.0
1998-05-10,T102,14.0873015873016,12.802945940871837,1.28,9.1
1998-05-11,T102,17.0493197278912,14.453589484430092,2.6,15.2
1998-05-12,T102,2.69274376417234,16.58804970825634,-13.9,516.2
1998-05-13,T102,20.4648526077098,19.71122358603798,0.75,3.7
1998-05-14,T102,36.0402494331066,29.22994712483234,6.81,18.9
1998-05-15,T102,35.2749433106576,32.642603322669515,2.63,7.5
1998-05-16,T102,7.72392290249433,7.45537439046508,0.27,3.5
1998-05-17,T102,14.640022675737,14.374794241511541,0.27,1.8
1998-03-18,T103,6.74603174603175,6.095767166350987,0.65,9.6
1998-03-19,T103,11.3378684807256,10.5193881111426,0.82,7.2
1998-03-20,T103,7.38378684807256,8.774366611013106,-1.39,18.8
1998-03-21,T103,6.46258503401361,5.111457513935829,1.35,20.9
1998-03-22,T103,8.50340136054422,6.966678185621895,1.54,18.1
1998-03-23,T103,6.19331065759637,6.649174081820791,-0.46,7.4
1998-03-24,T103,4.52097505668934,6.0112135488502165,-1.49,33.0
1998-03-25,T103,5.49886621315193,7.326784641080062,-1.83,33.3
1998-03-26,T103,10.0056689342404,10.460059408288323,-0.45,4.5
1998-03-27,T103,7.48299319727891,8.375030925084308,-0.89,11.9
1998-03-28,T103,6.23582766439909,5.627608038598411,0.61,9.8
1998-03-29,T103,8.98526077097506,7.725511045591285,1.26,14.0
1998-03-30,T103,8.64512471655329,8.099748708664771,0.55,6.4
1998-03-31,T103,6.36337868480726,7.571460694607204,-1.21,19.0
1998-04-01,T103,6.97278911564626,7.420498088953581,-0.45,6.5
1998-04-02,T103,11.7913832199546,10.099492967548631,1.69,14.3
1998-04-03,T103,7.32709750566893,9.371874738520285,-2.04,27.8
1998-04-04,T103,6.22165532879819,5.540807955840499,0.68,10.9
1998-04-05,T103,9.53798185941043,7.89354275386032,1.64,17.2
1998-04-06,T103,8.2766439909297,7.681372004989218,0.6,7.2
1998-04-07,T103,10.671768707483,7.250959540720214,3.42,32.0
1998-04-08,T103,11.2103174603175,9.519911879316632,1.69,15.1
1998-04-09,T103,12.3582766439909,12.533751570487524,-0.18,1.5
1998-04-10,T103,14.1014739229025,10.099654113323052,4.0,28.4
1998-04-11,T103,11.1536281179138,7.2306969127941425,3.92,35.1
1998-04-12,T103,10.6009070294785,9.908497115207318,0.69,6.5
1998-04-13,T103,11.3095238095238,8.328417428374305,2.98,26.3
1998-04-14,T103,9.99149659863946,10.246845734542397,-0.26,2.6
1998-04-15,T103,10.2465986394558,10.95478955271157,-0.71,6.9
1998-04-16,T103,12.2732426303855,12.865284034317751,-0.59,4.8
1998-04-17,T103,7.6530612244898,11.927302959187438,-4.27,55.8
1998-04-18,T103,6.47675736961451,8.139418711982579,-1.66,25.6
1998-04-19,T103,9.45294784580499,9.23446180927406,0.22,2.3
1998-04-20,T103,5.82482993197279,9.210669784215003,-3.39,58.2
1998-04-21,T103,5.27210884353742,7.610818447940064,-2.34,44.4
1998-04-22,T103,7.11451247165533,8.585056677139407,-1.47,20.7
1998-04-23,T103,11.9472789115646,11.163799324133429,0.78,6.5
1998-04-24,T103,8.6734693877551,9.9026136615065,-1.23,14.2
1998-04-25,T103,5.55555555555556,6.520242281975683,-0.96,17.3
1998-04-26,T103,6.97278911564626,8.025598789137677,-1.05,15.1
1998-04-27,T103,6.8452380952381,6.768060256611033,0.08,1.2
1998-04-28,T103,4.96031746031746,7.096581114411673,-2.14,43.1
1998-04-29,T103,9.41043083900227,7.977309694582507,1.43,15.2
1998-04-30,T103,10.8985260770975,13.411468676977599,-2.51,23.0
1998-05-01,T103,13.8180272108844,9.96216643635174,3.86,27.9
1998-05-02,T103,9.49546485260771,7.915222130698974,1.58,16.6
1998-05-03,T103,10.7993197278912,9.447508274471028,1.35,12.5
1998-05-04,T103,8.63095238095238,9.933253775799813,-1.3,15.1
1998-05-05,T103,7.11451247165533,7.978386464772568,-0.86,12.1
1998-05-06,T103,7.79478458049887,8.865334057240322,-1.07,13.7
1998-05-07,T103,12.3582766439909,10.825194290731005,1.53,12.4
1998-05-08,T103,9.83560090702948,11.603480478134676,-1.77,18.0
1998-05-09,T103,8.44671201814059,7.58862568790839,0.86,10.2
1998-05-10,T103,7.79478458049887,9.340230142178317,-1.55,19.9
1998-05-11,T103,6.22165532879819,7.424958804499516,-1.2,19.3
1998-05-12,T103,7.96485260770975,6.8207022340886345,1.14,14.3
1998-05-13,T103,8.60260770975057,9.036483208536973,-0.43,5.0
1998-05-14,T103,15.1360544217687,12.160851878565198,2.98,19.7
1998-05-15,T103,11.8764172335601,11.447404047256889,0.43,3.6
1998-05-16,T103,8.48922902494331,8.13138022358327,0.36,4.2
1998-05-17,T103,9.0702947845805,8.93357072532126,0.14,1.5
1998-03-18,T104,23.9229024943311,26.177476090565023,-2.25,9.4
1998-03-19,T104,46.4285714285714,37.84289027204359,8.59,18.5
1998-03-20,T104,42.1910430839002,34.091784970444316,8.1,19.2
1998-03-21,T104,18.3815192743764,14.740661644323325,3.64,19.8
1998-03-22,T104,17.5453514739229,20.186938854281845,-2.64,15.0
1998-03-23,T104,17.4036281179138,16.14486231555003,1.26,7.2
1998-03-24,T104,18.43820861678,17.390954349238488,1.05,5.7
1998-03-25,T104,26.6014739229025,28.226905323280157,-1.63,6.1
1998-03-26,T104,44.671201814059,42.23951607438299,2.43,5.4
1998-03-27,T104,44.3027210884354,39.24038307176917,5.06,11.4
1998-03-28,T104,16.5958049886621,16.94436282531094,-0.35,2.1
1998-03-29,T104,25.4251700680272,19.975133383689744,5.45,21.4
1998-03-30,T104,22.6757369614512,21.17855746317018,1.5,6.6
1998-03-31,T104,14.5124716553288,21.24520240340792,-6.73,46.4
1998-04-01,T104,25.907029478458,26.261266037073426,-0.35,1.4
1998-04-02,T104,42.4744897959184,40.27752722385584,2.2,5.2
1998-04-03,T104,41.156462585034,38.09384866910963,3.06,7.4
1998-04-04,T104,12.5850340136054,15.859839466380581,-3.27,26.0
1998-04-05,T104,21.3010204081633,19.518197310893154,1.78,8.4
1998-04-06,T104,23.5402494331066,17.48862585877833,6.05,25.7
1998-04-07,T104,17.7154195011338,17.69148436073,0.02,0.1
1998-04-08,T104,43.0130385487528,25.27310151165044,17.74,41.2
1998-04-09,T104,29.4642857142857,45.45534957977539,-15.99,54.3
1998-04-10,T104,31.6609977324263,32.90284853884444,-1.24,3.9
1998-04-11,T104,13.7755102040816,13.27522804779796,0.5,3.6
1998-04-12,T104,25.0,19.358890445390976,5.64,22.6
1998-04-13,T104,19.7137188208617,20.51652489425939,-0.8,4.1
1998-04-14,T104,17.7579365079365,18.35351792791043,-0.6,3.4
1998-04-15,T104,23.937074829932,27.777881901698187,-3.84,16.0
1998-04-16,T104,41.9359410430839,34.730522859365536,7.21,17.2
1998-04-17,T104,35.7284580498866,31.03617502117862,4.69,13.1
1998-04-18,T104,14.937641723356,14.228024029001567,0.71,4.8
1998-04-19,T104,18.9767573696145,20.869609207406903,-1.89,10.0
1998-04-20,T104,19.3452380952381,18.64448215574346,0.7,3.6
1998-04-21,T104,9.02777777777778,18.409586312080314,-9.38,103.9
1998-04-22,T104,27.891156462585,22.433098537318468,5.46,19.6
1998-04-23,T104,48.469387755102,40.41567071633284,8.05,16.6
1998-04-24,T104,10.3741496598639,34.989359904675744,-24.62,237.3
1998-04-25,T104,10.1473922902494,11.93424570513497,-1.79,17.6
1998-04-26,T104,16.6241496598639,18.136312202342335,-1.51,9.1
1998-04-27,T104,20.3231292517007,19.20022035921418,1.12,5.5
1998-04-28,T104,22.9024943310658,17.709271981082487,5.19,22.7
1998-04-29,T104,20.6490929705215,30.329477017270328,-9.68,46.9
1998-04-30,T104,49.9858276643991,37.84307930423279,12.14,24.3
1998-05-01,T104,42.5028344671202,35.380632808281604,7.12,16.8
1998-05-02,T104,13.1235827664399,15.133331247369156,-2.01,15.3
1998-05-03,T104,18.1689342403628,19.502315613565273,-1.33,7.3
1998-05-04,T104,20.3231292517007,21.750065773165268,-1.43,7.0
1998-05-05,T104,13.8321995464853,18.75201710333708,-4.92,35.6
1998-05-06,T104,27.9620181405896,24.24870989848988,3.71,13.3
1998-05-07,T104,48.5402494331066,39.07948382314551,9.46,19.5
1998-05-08,T104,38.718820861678,35.724643073440255,2.99,7.7
1998-05-09,T104,13.3645124716553,13.539512743326416,-0.18,1.3
1998-05-10,T104,19.812925170068,18.65429407468206,1.16,5.9
1998-05-11,T104,18.2823129251701,17.729906441393705,0.55,3.0
1998-05-12,T104,16.2981859410431,16.93646033157052,-0.64,3.9
1998-05-13,T104,31.5192743764172,25.962463277664966,5.56,17.6
1998-05-14,T104,43.5374149659864,45.673640319218194,-2.14,4.9
1998-05-15,T104,39.1581632653061,34.90470755623741,4.25,10.9
1998-05-16,T104,14.0873015873016,13.628617340867315,0.46,3.3
1998-05-17,T104,21.5136054421769,19.31002466944804,2.2,10.2
1998-03-18,T105,11.7063492063492,17.16226053044021,-5.46,46.6
1998-03-19,T105,21.9812925170068,23.212857794892408,-1.23,5.6
1998-03-20,T105,28.968253968254,26.524506244402843,2.44,8.4
1998-03-21,T105,15.547052154195,13.902418464639826,1.64,10.5
1998-03-22,T105,3.65646258503401,12.84741611096077,-9.19,251.3
1998-03-23,T105,13.1519274376417,12.519580510130519,0.63,4.8
1998-03-24,T105,11.281179138322,16.15448788286135,-4.87,43.2
1998-03-25,T105,14.9659863945578,15.218258743866755,-0.25,1.7
1998-03-26,T105,21.0742630385488,25.144309229756765,-4.07,19.3
1998-03-27,T105,16.6241496598639,27.130695905202842,-10.51,63.2
1998-03-28,T105,17.1060090702948,11.5616472119245,5.54,32.4
1998-03-29,T105,15.5045351473923,11.81224584388182,3.69,23.8
1998-03-30,T105,11.1819727891156,14.605140339698888,-3.42,30.6
1998-03-31,T105,12.7834467120181,13.316749156760613,-0.53,4.1
1998-04-01,T105,17.6445578231293,14.923120684755354,2.72,15.4
1998-04-02,T105,21.4427437641723,23.19984600086865,-1.76,8.2
1998-04-03,T105,28.7556689342404,20.88747806112073,7.87,27.4
1998-04-04,T105,16.5391156462585,15.186826177095117,1.35,8.2
1998-04-05,T105,12.6700680272109,14.536990189636224,-1.87,14.8
1998-04-06,T105,13.3786848072562,10.825072850810324,2.55,19.1
1998-04-07,T105,13.1660997732426,12.676998236973732,0.49,3.7
1998-04-08,T105,20.4648526077098,14.834433889050349,5.63,27.5
1998-04-09,T105,21.3010204081633,23.941594655920426,-2.64,12.4
1998-04-10,T105,22.8883219954649,24.95328929490967,-2.06,9.0
1998-04-11,T105,13.6763038548753,13.896657206412076,-0.22,1.6
1998-04-12,T105,12.8684807256236,12.855791291153626,0.01,0.1
1998-04-13,T105,18.8492063492063,11.983475886246246,6.87,36.4
1998-04-14,T105,13.1660997732426,15.070416074525166,-1.9,14.4
1998-04-15,T105,14.5124716553288,17.154641246193485,-2.64,18.2
1998-04-16,T105,17.0209750566893,21.66499812593596,-4.64,27.3
1998-04-17,T105,25.9495464852608,21.70090809044338,4.25,16.4
1998-04-18,T105,13.8321995464853,14.835359045887689,-1.0,7.2
1998-04-19,T105,4.52097505668934,13.444099825133293,-8.92,197.3
1998-04-20,T105,9.21201814058957,13.55535070956347,-4.34,47.1
1998-04-21,T105,21.5136054421769,12.054878842200631,9.46,44.0
1998-04-22,T105,22.0946712018141,19.7405080164155,2.35,10.6
1998-04-23,T105,19.0192743764172,23.266471599830783,-4.25,22.3
1998-04-24,T105,8.91439909297052,23.64948637349741,-14.74,165.4
1998-04-25,T105,10.2465986394558,11.82272953796135,-1.58,15.4
1998-04-26,T105,11.2386621315193,10.867135561403185,0.37,3.3
1998-04-27,T105,9.76473922902494,11.2778071332662,-1.51,15.5
1998-04-28,T105,9.66553287981859,14.681181646332096,-5.02,51.9
1998-04-29,T105,18.4098639455782,17.843703450549363,0.57,3.1
1998-04-30,T105,21.1309523809524,22.734132151789893,-1.6,7.6
1998-05-01,T105,27.1683673469388,19.62872769583466,7.54,27.8
1998-05-02,T105,12.9251700680272,13.623814703081122,-0.7,5.4
1998-05-03,T105,15.0085034013605,12.940918114526998,2.07,13.8
1998-05-04,T105,18.8775510204082,14.603513716868651,4.27,22.6
1998-05-05,T105,14.172335600907,14.88593751501676,-0.71,5.0
1998-05-06,T105,16.1989795918367,17.60230405532119,-1.4,8.6
1998-05-07,T105,19.7987528344671,20.567234074008596,-0.77,3.9
1998-05-08,T105,27.6927437641723,21.996684399074624,5.7,20.6
1998-05-09,T105,11.3520408163265,13.000256717902403,-1.65,14.5
1998-05-10,T105,6.94444444444444,13.196485579917448,-6.25,90.0
1998-05-11,T105,16.3832199546485,13.170771094362168,3.21,19.6
1998-05-12,T105,12.1456916099773,14.7014446024094,-2.56,21.1
1998-05-13,T105,14.937641723356,16.193217916094262,-1.26,8.4
1998-05-14,T105,26.062925170068,20.777547980176585,5.29,20.3
1998-05-15,T105,35.9268707482993,25.42759470082798,10.5,29.2
1998-05-16,T105,8.48922902494331,14.158505948532731,-5.67,66.8
1998-05-17,T105,6.88775510204082,10.771975989136179,-3.88,56.3
1998-03-18,T106,20.0538548752834,17.666152716535642,2.39,11.9
1998-03-19,T106,28.6989795918367,28.70229863958019,-0.0,0.0
1998-03-20,T106,35.4024943310658,29.30646223072479,6.1,17.2
1998-03-21,T106,10.5867346938776,11.820744593971499,-1.23,11.6
1998-03-22,T106,12.2448979591837,15.806989059283705,-3.56,29.1
1998-03-23,T106,10.8701814058957,13.12852568009956,-2.26,20.8
1998-03-24,T106,13.6904761904762,14.986787669729964,-1.3,9.5
1998-03-25,T106,18.5657596371882,19.85734788574588,-1.29,6.9
1998-03-26,T106,27.3809523809524,30.095565999451136,-2.71,9.9
1998-03-27,T106,30.4138321995465,31.404302988349734,-0.99,3.3
1998-03-28,T106,5.62641723356009,10.847371318851199,-5.22,92.8
1998-03-29,T106,13.0102040816327,14.086673802611841,-1.08,8.3
1998-03-30,T106,18.4240362811791,14.3427621505515,4.08,22.1
1998-03-31,T106,17.8146258503401,17.21844230013506,0.6,3.4
1998-04-01,T106,20.8333333333333,19.578392021889663,1.25,6.0
1998-04-02,T106,29.2800453514739,27.31382611533959,1.97,6.7
1998-04-03,T106,31.6751700680272,28.15506298536597,3.52,11.1
1998-04-04,T106,8.43253968253968,8.362826257612358,0.07,0.8
1998-04-05,T106,17.2477324263039,15.156599154912254,2.09,12.1
1998-04-06,T106,13.5487528344671,13.870274745108912,-0.32,2.4
1998-04-07,T106,18.140589569161,14.325901347819311,3.81,21.0
1998-04-08,T106,25.6235827664399,19.778463577906084,5.85,22.8
1998-04-09,T106,21.7687074829932,30.301315244769786,-8.53,39.2
1998-04-10,T106,32.624716553288,27.12432358695647,5.5,16.9
1998-04-11,T106,9.8781179138322,8.39676017669894,1.48,15.0
1998-04-12,T106,9.18367346938776,15.590603502268916,-6.41,69.8
1998-04-13,T106,16.0997732426304,12.6001870068278,3.5,21.7
1998-04-14,T106,16.6524943310658,16.43753410059295,0.21,1.3
1998-04-15,T106,17.7579365079365,22.360300711554007,-4.6,25.9
1998-04-16,T106,24.2488662131519,24.738652905537364,-0.49,2.0
1998-04-17,T106,24.4897959183673,27.225246406537735,-2.74,11.2
1998-04-18,T106,12.2448979591837,9.2709845343857,2.97,24.3
1998-04-19,T106,14.6825396825397,13.356476755125104,1.33,9.1
1998-04-20,T106,14.172335600907,14.08718648605398,0.09,0.6
1998-04-21,T106,12.1031746031746,15.460309933132796,-3.36,27.8
1998-04-22,T106,18.4807256235828,17.9408249023611,0.54,2.9
1998-04-23,T106,29.9744897959184,25.688986910741434,4.29,14.3
1998-04-24,T106,33.0215419501134,28.025791868640546,5.0,15.1
1998-04-25,T106,16.7800453514739,10.710184275325641,6.07,36.2
1998-04-26,T106,20.3514739229025,16.123806153506525,4.23,20.8
1998-04-27,T106,15.4195011337868,16.816348311273835,-1.4,9.1
1998-04-28,T106,16.609977324263,16.41614921531301,0.19,1.1
1998-04-29,T106,27.1258503401361,21.56967332108399,5.56,20.5
1998-04-30,T106,30.2579365079365,31.90564075119479,-1.65,5.5
1998-05-01,T106,35.2749433106576,29.657432189071415,5.62,15.9
1998-05-02,T106,12.1031746031746,13.826682814628668,-1.72,14.2
1998-05-03,T106,13.5062358276644,17.26231589301019,-3.76,27.8
1998-05-04,T106,16.4965986394558,16.949392674512133,-0.45,2.7
1998-05-05,T106,14.8809523809524,16.05106332535514,-1.17,7.9
1998-05-06,T106,17.687074829932,21.0794986348843,-3.39,19.2
1998-05-07,T106,28.5856009070295,25.872577477087535,2.71,9.5
1998-05-08,T106,29.1241496598639,30.02224104861032,-0.9,3.1
1998-05-09,T106,10.0056689342404,11.239011185324804,-1.23,12.3
1998-05-10,T106,13.2794784580499,14.724883699465085,-1.45,10.9
1998-05-11,T106,12.2165532879819,13.470747774252878,-1.25,10.2
1998-05-12,T106,15.2352607709751,14.337214884165364,0.9,5.9
1998-05-13,T106,17.5170068027211,18.668343024086045,-1.15,6.6
1998-05-14,T106,33.8151927437642,26.905441646286476,6.91,20.4
1998-05-15,T106,31.6751700680272,29.063661258993868,2.61,8.2
1998-05-16,T106,12.6700680272109,11.417114272156748,1.25,9.9
1998-05-17,T106,14.1865079365079,15.212539700915269,-1.03,7.3
1998-03-18,T107,20.734126984127,16.28101534110435,4.45,21.5
1998-03-19,T107,24.8299319727891,26.365799347226577,-1.54,6.2
1998-03-20,T107,29.6768707482993,26.638106057720925,3.04,10.2
1998-03-21,T107,4.79024943310658,6.373147121012281,-1.58,33.0
1998-03-22,T107,14.328231292517,12.3405756951468,1.99,13.9
1998-03-23,T107,11.8480725623583,13.03344716506374,-1.19,10.0
1998-03-24,T107,11.6780045351474,13.712350615496927,-2.03,17.4
1998-03-25,T107,20.0255102040816,19.00629954064513,1.02,5.1
1998-03-26,T107,26.5447845804989,28.32574488185611,-1.78,6.7
1998-03-27,T107,31.3775510204082,29.538382682453367,1.84,5.9
1998-03-28,T107,6.80272108843537,6.906939457697915,-0.1,1.5
1998-03-29,T107,19.1609977324263,14.34597192147405,4.82,25.2
1998-03-30,T107,20.0963718820862,16.043478878227678,4.05,20.2
1998-03-31,T107,17.7154195011338,16.678391283063416,1.04,5.9
1998-04-01,T107,19.7562358276644,20.16949922924486,-0.41,2.1
1998-04-02,T107,26.0204081632653,25.73331507316486,0.29,1.1
1998-04-03,T107,27.6502267573696,26.55337127784846,1.1,4.0
1998-04-04,T107,5.8531746031746,6.177714737366945,-0.32,5.5
1998-04-05,T107,15.5895691609977,14.800307297873054,0.79,5.1
1998-04-06,T107,13.7755102040816,13.247607399117864,0.53,3.8
1998-04-07,T107,17.1485260770975,13.790899694846269,3.36,19.6
1998-04-08,T107,20.1388888888889,19.093258631697154,1.05,5.2
1998-04-09,T107,5.18707482993197,25.3746274490982,-20.19,389.2
1998-04-10,T107,28.3304988662131,23.107170768111672,5.22,18.4
1998-04-11,T107,5.92403628117914,6.855980348763236,-0.93,15.7
1998-04-12,T107,9.18367346938776,13.313047161672689,-4.13,45.0
1998-04-13,T107,19.4727891156463,11.827766539312234,7.65,39.3
1998-04-14,T107,18.7358276643991,16.957835656674835,1.78,9.5
1998-04-15,T107,18.8492063492063,20.897944212943145,-2.05,10.9
1998-04-16,T107,27.2392290249433,23.59971282145584,3.64,13.4
1998-04-17,T107,25.5385487528345,26.183369017089053,-0.64,2.5
1998-04-18,T107,5.8531746031746,6.9101688302371285,-1.06,18.1
1998-04-19,T107,13.0243764172336,12.119888193577228,0.9,6.9
1998-04-20,T107,10.4733560090703,14.885073930718269,-4.41,42.1
1998-04-21,T107,9.90646258503401,15.194460673315874,-5.29,53.4
1998-04-22,T107,13.4070294784581,17.750710703402376,-4.34,32.4
1998-04-23,T107,19.8696145124717,23.973458046918903,-4.1,20.6
1998-04-24,T107,3.17460317460317,25.8848906746573,-22.71,715.4
1998-04-25,T107,4.70521541950113,5.167101898501289,-0.46,9.8
1998-04-26,T107,19.7137188208617,12.473269181584081,7.24,36.7
1998-04-27,T107,15.2069160997732,15.286933055875792,-0.08,0.5
1998-04-28,T107,17.9705215419501,15.261561053565902,2.71,15.1
1998-04-29,T107,24.5606575963719,19.197424883272397,5.36,21.8
1998-04-30,T107,29.8894557823129,24.00037785876367,5.89,19.7
1998-05-01,T107,31.8027210884354,24.29260799394603,7.51,23.6
1998-05-02,T107,6.19331065759637,7.297123510628457,-1.1,17.8
1998-05-03,T107,10.5867346938776,13.97653291934025,-3.39,32.0
1998-05-04,T107,17.9988662131519,16.28006405625278,1.72,9.6
1998-05-05,T107,17.5028344671202,16.369712804620537,1.13,6.5
1998-05-06,T107,16.9926303854875,20.25822674655513,-3.27,19.2
1998-05-07,T107,25.2551020408163,24.033863563372122,1.22,4.8
1998-05-08,T107,26.4314058956916,25.098435194958384,1.33,5.0
1998-05-09,T107,2.29591836734694,6.536050288567995,-4.24,184.7
1998-05-10,T107,13.6054421768707,11.609534245810568,2.0,14.7
1998-05-11,T107,13.4778911564626,13.806041514222013,-0.33,2.4
1998-05-12,T107,12.3724489795918,15.053740249831481,-2.68,21.7
1998-05-13,T107,0.0708616780045352,16.80320888632047,-16.73,1673.0
1998-05-14,T107,20.9183673469388,25.127230398801764,-4.21,20.1
1998-05-15,T107,26.6439909297052,23.640319461617388,3.0,11.3
1998-05-16,T107,4.73356009070295,8.707131706539492,-3.97,83.9
1998-05-17,T107,12.1315192743764,12.907150533311007,-0.78,6.4
1998-03-18,T108,14.8667800453515,15.320916605178375,-0.45,3.0
1998-03-19,T108,29.109977324263,24.22008112603693,4.89,16.8
1998-03-20,T108,2.77777777777778,20.631556982903156,-17.85,642.6
1998-03-21,T108,0.0,6.598182360777248,-6.6,660.0
1998-03-22,T108,11.7772108843537,8.006279217054397,3.77,32.0
1998-03-23,T108,10.7142857142857,12.86337599544348,-2.15,20.1
1998-03-24,T108,12.3299319727891,13.21231952866019,-0.88,7.1
1998-03-25,T108,13.8605442176871,16.33876753401193,-2.48,17.9
1998-03-26,T108,33.4467120181406,25.98672023125803,7.46,22.3
1998-03-27,T108,20.6774376417234,20.023140799850985,0.65,3.1
1998-03-28,T108,5.71145124716553,9.56323177819025,-3.85,67.4
1998-03-29,T108,5.37131519274376,12.867525140885594,-7.5,139.6
1998-03-30,T108,13.6337868480726,14.698848062341833,-1.07,7.8
1998-03-31,T108,15.8871882086168,14.900026793343796,0.99,6.2
1998-04-01,T108,15.8163265306122,16.522319198699414,-0.71,4.5
1998-04-02,T108,25.2834467120181,25.840560450208933,-0.56,2.2
1998-04-03,T108,21.3010204081633,17.587590421843316,3.71,17.4
1998-04-04,T108,10.1190476190476,7.734784314782434,2.38,23.5
1998-04-05,T108,12.9393424036281,12.352489801960088,0.59,4.6
1998-04-06,T108,13.8321995464853,11.756396174168945,2.08,15.0
1998-04-07,T108,14.5408163265306,13.310523247747785,1.23,8.5
1998-04-08,T108,25.2692743764172,15.326281350085926,9.94,39.3
1998-04-09,T108,21.1451247165533,28.64674005468401,-7.5,35.5
1998-04-10,T108,23.9937641723356,20.49662783759722,3.5,14.6
1998-04-11,T108,8.29081632653061,9.602213594568179,-1.31,15.8
1998-04-12,T108,13.6621315192744,12.427488701129437,1.23,9.0
1998-04-13,T108,15.0085034013605,12.381495940574236,2.63,17.5
1998-04-14,T108,13.421201814059,14.623390557379885,-1.2,8.9
1998-04-15,T108,15.0793650793651,18.144365918935428,-3.07,20.4
1998-04-16,T108,22.6615646258503,23.709293960163325,-1.05,4.6
1998-04-17,T108,21.7120181405896,21.528264860750763,0.18,0.8
1998-04-18,T108,7.70975056689342,9.31913965297416,-1.61,20.9
1998-04-19,T108,12.6700680272109,12.226081162681288,0.44,3.5
1998-04-20,T108,9.83560090702948,12.745283168514657,-2.91,29.6
1998-04-21,T108,10.4308390022676,12.586595788892142,-2.16,20.7
1998-04-22,T108,12.6700680272109,15.032563189541797,-2.36,18.6
1998-04-23,T108,22.406462585034,22.75792856944647,-0.35,1.6
1998-04-24,T108,4.67687074829932,21.514168585114987,-16.84,360.1
1998-04-25,T108,8.70181405895692,6.703024043015111,2.0,23.0
1998-04-26,T108,11.592970521542,11.927571836452712,-0.33,2.8
1998-04-27,T108,12.9960317460317,11.409703660085329,1.59,12.2
1998-04-28,T108,16.1848072562358,13.142705805420949,3.04,18.8
1998-04-29,T108,19.3027210884354,18.351389122997062,0.95,4.9
1998-04-30,T108,28.8973922902494,25.530516394493738,3.37,11.7
1998-05-01,T108,29.7760770975057,20.36545592634841,9.41,31.6
1998-05-02,T108,12.3582766439909,10.58084995565224,1.78,14.4
1998-05-03,T108,13.2936507936508,14.233794880470835,-0.94,7.1
1998-05-04,T108,15.0368480725624,15.48558421667146,-0.45,3.0
1998-05-05,T108,14.4699546485261,14.517684505462631,-0.05,0.3
1998-05-06,T108,18.0413832199547,17.900250622946807,0.14,0.8
1998-05-07,T108,22.2789115646259,24.489629886198763,-2.21,9.9
1998-05-08,T108,21.9812925170068,22.240603704945052,-0.26,1.2
1998-05-09,T108,11.2528344671202,10.697958750978536,0.55,4.9
1998-05-10,T108,11.9472789115646,13.382019564514254,-1.43,12.0
1998-05-11,T108,9.99149659863946,12.253826529651285,-2.26,22.6
1998-05-12,T108,12.7409297052154,12.409567167034808,0.33,2.6
1998-05-13,T108,12.9960317460317,16.082797046453567,-3.09,23.8
1998-05-14,T108,23.9937641723356,22.06751835921977,1.93,8.0
1998-05-15,T108,21.4852607709751,20.89358220492508,0.59,2.7
1998-05-16,T108,10.0765306122449,10.784805979185114,-0.71,7.0
1998-05-17,T108,13.9597505668934,12.097709468275573,1.86,13.3
1998-03-18,T109,33.2766439909297,32.77457462113217,0.5,1.5
1998-03-19,T109,49.9574829931973,49.0116877817115,0.95,1.9
1998-03-20,T109,43.3106575963719,35.242746841380125,8.07,18.6
1998-03-21,T109,19.7845804988662,18.127160342155754,1.66,8.4
1998-03-22,T109,20.578231292517,21.078389956529875,-0.5,2.4
1998-03-23,T109,14.5975056689342,17.61440714252256,-3.02,20.7
1998-03-24,T109,20.3798185941043,19.982470395092925,0.4,2.0
1998-03-25,T109,36.1536281179138,35.647016292161986,0.51,1.4
1998-03-26,T109,51.8849206349206,52.81270954670484,-0.93,1.8
1998-03-27,T109,39.8951247165533,40.81636008139759,-0.92,2.3
1998-03-28,T109,20.1955782312925,18.823595960280528,1.37,6.8
1998-03-29,T109,23.2001133786848,22.338198644960336,0.86,3.7
1998-03-30,T109,18.43820861678,19.795242443003232,-1.36,7.4
1998-03-31,T109,23.327664399093,21.42325257486595,1.9,8.1
1998-04-01,T109,33.0498866213152,33.71412952540012,-0.66,2.0
1998-04-02,T109,49.0646258503401,47.75304745172995,1.31,2.7
1998-04-03,T109,43.1122448979592,38.022784776454856,5.09,11.8
1998-04-04,T109,23.6394557823129,18.58848822224642,5.05,21.4
1998-04-05,T109,21.4710884353741,22.68292892921148,-1.21,5.6
1998-04-06,T109,15.7596371882086,16.878255434661483,-1.12,7.1
1998-04-07,T109,28.6989795918367,19.41242045795367,9.29,32.4
1998-04-08,T109,52.4518140589569,33.620678329228824,18.83,35.9
1998-04-09,T109,26.0345804988662,52.02383271655319,-25.99,99.8
1998-04-10,T109,36.4229024943311,32.02143267351278,4.4,12.1
1998-04-11,T109,16.6950113378685,19.741519295349107,-3.05,18.3
1998-04-12,T109,31.2358276643991,20.532243799337657,10.7,34.3
1998-04-13,T109,22.6190476190476,19.17785490184694,3.44,15.2
1998-04-14,T109,21.9812925170068,24.273649392526806,-2.29,10.4
1998-04-15,T109,29.9744897959184,34.85615394705141,-4.88,16.3
1998-04-16,T109,45.5640589569161,40.159433904312735,5.4,11.9
1998-04-17,T109,35.6292517006803,35.355153743457095,0.27,0.8
1998-04-18,T109,19.4302721088435,18.74087551190759,0.69,3.6
1998-04-19,T109,24.2205215419501,23.01680695867217,1.2,5.0
1998-04-20,T109,16.6524943310658,19.676100951755835,-3.02,18.1
1998-04-21,T109,18.5515873015873,21.265814666634597,-2.71,14.6
1998-04-22,T109,32.1003401360544,32.40976981514801,-0.31,1.0
1998-04-23,T109,49.7874149659864,45.991185440445406,3.8,7.6
1998-04-24,T109,40.0085034013605,36.8609229028297,3.15,7.9
1998-04-25,T109,17.077664399093,19.689625252415432,-2.61,15.3
1998-04-26,T109,21.1309523809524,22.759086676537642,-1.63,7.7
1998-04-27,T109,17.1910430839002,18.48920523204687,-1.3,7.6
1998-04-28,T109,24.9007936507936,21.247666369576045,3.65,14.7
1998-04-29,T109,37.4007936507936,35.59003055008754,1.81,4.8
1998-04-30,T109,50.3826530612245,47.048669912635894,3.33,6.6
1998-05-01,T109,38.6479591836735,38.264920338175344,0.38,1.0
1998-05-02,T109,18.5515873015873,18.89405030640618,-0.34,1.8
1998-05-03,T109,19.9121315192744,21.980843617331807,-2.07,10.4
1998-05-04,T109,23.9937641723356,21.293889586316997,2.7,11.3
1998-05-05,T109,22.4489795918367,23.17230876873346,-0.72,3.2
1998-05-06,T109,31.6468253968254,33.87395612682758,-2.23,7.0
1998-05-07,T109,49.4331065759637,44.29972619027888,5.13,10.4
1998-05-08,T109,38.8605442176871,36.396260937303914,2.46,6.3
1998-05-09,T109,20.8758503401361,17.87909131309826,3.0,14.4
1998-05-10,T109,20.4648526077098,22.450032011696827,-1.99,9.7
1998-05-11,T109,19.1751700680272,18.54177629692599,0.63,3.3
1998-05-12,T109,20.6207482993197,20.937215257973495,-0.32,1.6
1998-05-13,T109,36.5079365079365,32.30705106292159,4.2,11.5
1998-05-14,T109,51.7857142857143,50.74022856436357,1.05,2.0
1998-05-15,T109,42.4886621315193,36.894059631342245,5.59,13.2
1998-05-16,T109,18.4098639455782,20.8693465429758,-2.46,13.4
1998-05-17,T109,22.3072562358277,21.524143042517064,0.78,3.5
1998-03-18,T11,15.4478458049887,20.740348581739507,-5.29,34.2
1998-03-19,T11,38.8321995464853,32.4908744419579,6.34,16.3
1998-03-20,T11,39.6541950113379,37.92615502982104,1.73,4.4
1998-03-21,T11,21.0600907029478,22.075372499655902,-1.02,4.8
1998-03-22,T11,17.1626984126984,18.71359958650304,-1.55,9.0
1998-03-23,T11,12.7267573696145,16.608128992525806,-3.88,30.5
1998-03-24,T11,10.0198412698413,16.77360562408143,-6.75,67.4
1998-03-25,T11,21.5561224489796,18.90651969116267,2.65,12.3
1998-03-26,T11,45.7199546485261,37.562662815540605,8.16,17.8
1998-03-27,T11,38.7755102040816,37.519465581269635,1.26,3.2
1998-03-28,T11,22.5481859410431,21.51354619078184,1.03,4.6
1998-03-29,T11,19.2176870748299,19.480721430611247,-0.26,1.4
1998-03-30,T11,24.3764172335601,17.557931389320835,6.82,28.0
1998-03-31,T11,17.8713151927438,18.689123139097653,-0.82,4.6
1998-04-01,T11,11.4087301587302,21.91236524349023,-10.5,92.0
1998-04-02,T11,49.0362811791383,33.58562477884544,15.45,31.5
1998-04-03,T11,43.1547619047619,37.576604274944984,5.58,12.9
1998-04-04,T11,13.2369614512472,21.78701151438594,-8.55,64.6
1998-04-05,T11,10.7709750566893,18.70873417292517,-7.94,73.7
1998-04-06,T11,16.609977324263,14.555086512086929,2.05,12.3
1998-04-07,T11,21.5419501133787,16.026957853539336,5.51,25.6
1998-04-08,T11,36.0260770975057,19.139435738685293,16.89,46.9
1998-04-09,T11,36.7913832199546,45.15815580233078,-8.37,22.7
1998-04-10,T11,25.609410430839,38.175792685155926,-12.57,49.1
1998-04-11,T11,18.43820861678,15.423119330710428,3.02,16.4
1998-04-12,T11,21.9387755102041,16.755508697952855,5.18,23.6
1998-04-13,T11,10.5867346938776,17.317320309255155,-6.73,63.6
1998-04-14,T11,15.7738095238095,16.720854033132518,-0.95,6.0
1998-04-15,T11,22.6048752834467,22.574217364183163,0.03,0.1
1998-04-16,T11,38.6904761904762,37.34689932314062,1.34,3.5
1998-04-17,T11,38.2936507936508,30.48638253327939,7.81,20.4
1998-04-18,T11,22.562358276644,20.155818194955835,2.41,10.7
1998-04-19,T11,21.952947845805,20.44973319782742,1.5,6.8
1998-04-20,T11,20.8616780045351,17.065069405778036,3.8,18.2
1998-04-21,T11,18.8633786848073,18.807467574561244,0.06,0.3
1998-04-22,T11,24.3339002267574,23.606148831875473,0.73,3.0
1998-04-23,T11,44.203514739229,39.42958250162902,4.77,10.8
1998-04-24,T11,14.3565759637188,37.42141408367287,-23.06,160.6
1998-04-25,T11,46.0459183673469,14.944521258367143,31.1,67.5
1998-04-26,T11,18.3673469387755,25.997628364410676,-7.63,41.5
1998-04-27,T11,19.2318594104308,19.41500891779017,-0.18,0.9
1998-04-28,T11,12.2165532879819,20.525001636517374,-8.31,68.0
1998-04-29,T11,31.2074829931973,24.40833289428933,6.8,21.8
1998-04-30,T11,31.56179138322,44.795488347729524,-13.23,41.9
1998-05-01,T11,41.624149659864,27.631336351900465,13.99,33.6
1998-05-02,T11,23.9654195011338,23.90942134245859,0.06,0.3
1998-05-03,T11,26.8424036281179,19.461657591781844,7.38,27.5
1998-05-04,T11,18.0130385487528,20.950536240272527,-2.94,16.3
1998-05-05,T11,16.4824263038549,17.312319037558495,-0.83,5.0
1998-05-06,T11,16.921768707483,26.13020644611195,-9.21,54.4
1998-05-07,T11,45.1105442176871,30.870696780205257,14.24,31.6
1998-05-08,T11,25.7794784580499,35.25186342631197,-9.47,36.7
1998-05-09,T11,0.0,18.726998250123152,-18.73,1873.0
1998-05-10,T11,9.50963718820862,11.986924069124992,-2.48,26.1
1998-05-11,T11,17.7721088435374,14.48071321995353,3.29,18.5
1998-05-12,T11,18.1264172335601,16.71666512516542,1.41,7.8
1998-05-13,T11,24.9716553287982,22.70330162808618,2.27,9.1
1998-05-14,T11,43.2539682539683,38.722389490653306,4.53,10.5
1998-05-15,T11,33.8293650793651,30.501463052064064,3.33,9.8
1998-05-16,T11,21.031746031746,24.000451530769233,-2.97,14.1
1998-05-17,T11,18.9484126984127,19.183288280162422,-0.23,1.2
1998-03-18,T110,16.3548752834467,16.94170842597791,-0.59,3.6
1998-03-19,T110,25.0708616780045,23.345499948856222,1.73,6.9
1998-03-20,T110,25.2551020408163,29.43570136438231,-4.18,16.6
1998-03-21,T110,21.9387755102041,16.7270116819898,5.21,23.7
1998-03-22,T110,18.5090702947846,17.620746481708608,0.89,4.8
1998-03-23,T110,15.3061224489796,15.519948758925965,-0.21,1.4
1998-03-24,T110,18.2681405895692,14.54601816505225,3.72,20.4
1998-03-25,T110,17.2335600907029,20.23057921428042,-3.0,17.4
1998-03-26,T110,30.7681405895692,25.644345290660734,5.12,16.6
1998-03-27,T110,42.4461451247166,30.16012764394687,12.29,29.0
1998-03-28,T110,21.2868480725624,24.01504742181359,-2.73,12.8
1998-03-29,T110,20.4931972789116,19.625176141645344,0.87,4.2
1998-03-30,T110,18.6791383219955,18.751793137635794,-0.07,0.4
1998-03-31,T110,19.9263038548753,19.118113551849294,0.81,4.1
1998-04-01,T110,22.4206349206349,20.322507663982048,2.1,9.4
1998-04-02,T110,29.1241496598639,27.825978867636184,1.3,4.5
1998-04-03,T110,46.7120181405896,29.796841124387136,16.92,36.2
1998-04-04,T110,33.0924036281179,23.744655701637633,9.35,28.3
1998-04-05,T110,32.2278911564626,23.63757044146948,8.59,26.7
1998-04-06,T110,30.8106575963719,21.02405002577963,9.79,31.8
1998-04-07,T110,30.2437641723356,22.769848484644832,7.47,24.7
1998-04-08,T110,40.3628117913832,24.156913366025663,16.21,40.2
1998-04-09,T110,45.9041950113379,34.50120556287806,11.4,24.8
1998-04-10,T110,60.7284580498866,41.83508887445183,18.89,31.1
1998-04-11,T110,50.8503401360544,31.789523651720245,19.06,37.5
1998-04-12,T110,62.202380952381,34.80318866796721,27.4,44.0
1998-04-13,T110,30.0595238095238,30.889003246368453,-0.83,2.8
1998-04-14,T110,36.2103174603175,27.83529233250181,8.38,23.1
1998-04-15,T110,35.9126984126984,35.29771976381939,0.61,1.7
1998-04-16,T110,40.9863945578231,39.412505251881676,1.57,3.8
1998-04-17,T110,57.5680272108844,39.93006319949307,17.64,30.6
1998-04-18,T110,33.1207482993197,42.826110341146645,-9.71,29.3
1998-04-19,T110,20.5357142857143,33.485185870618295,-12.95,63.1
1998-04-20,T110,16.609977324263,23.421679623989572,-6.81,41.0
1998-04-21,T110,18.3248299319728,24.00185158796238,-5.68,31.0
1998-04-22,T110,19.6003401360544,28.6004267428667,-9.0,45.9
1998-04-23,T110,27.6643990929705,34.31233513026305,-6.65,24.0
1998-04-24,T110,6.60430839002268,36.3096876394104,-29.71,449.9
1998-04-25,T110,17.3044217687075,16.80297018615995,0.5,2.9
1998-04-26,T110,11.5646258503401,20.858102807149958,-9.29,80.3
1998-04-27,T110,19.6003401360544,17.8592676809849,1.74,8.9
1998-04-28,T110,18.5515873015873,21.432443229186415,-2.88,15.5
1998-04-29,T110,25.9353741496599,25.00139162252792,0.93,3.6
1998-04-30,T110,29.1241496598639,33.40222687455083,-4.28,14.7
1998-05-01,T110,54.7902494331066,31.03012071286832,23.76,43.4
1998-05-02,T110,53.2738095238095,33.96288249568418,19.31,36.2
1998-05-03,T110,58.0498866213152,35.81375365844205,22.24,38.3
1998-05-04,T110,28.7414965986395,30.297307571547723,-1.56,5.4
1998-05-05,T110,21.797052154195,28.454905611583776,-6.66,30.6
1998-05-06,T110,21.5561224489796,28.595035445720416,-7.04,32.7
1998-05-07,T110,28.3871882086168,31.49329033131643,-3.11,11.0
1998-05-08,T110,40.6320861678005,34.00039126222343,6.63,16.3
1998-05-09,T110,22.9733560090703,31.899294014039832,-8.93,38.9
1998-05-10,T110,24.4897959183673,27.369981817641797,-2.88,11.8
1998-05-11,T110,17.4036281179138,21.896940134683003,-4.49,25.8
1998-05-12,T110,23.2426303854875,20.660288908412554,2.58,11.1
1998-05-13,T110,29.2091836734694,25.70934549942488,3.5,12.0
1998-05-14,T110,31.1649659863946,32.860346059905886,-1.7,5.5
1998-05-15,T110,40.8163265306122,35.46256546208592,5.35,13.1
1998-05-16,T110,25.7511337868481,28.05019767717679,-2.3,8.9
1998-05-17,T110,26.984126984127,23.41463738291113,3.57,13.2
1998-03-18,T111,19.1083640189374,15.048608227802319,4.06,21.2
1998-03-19,T111,25.5128879537086,26.948605568495008,-1.44,5.6
1998-03-20,T111,22.0278800631247,20.449110435429837,1.58,7.2
1998-03-21,T111,10.678590215676,12.239481964106282,-1.56,14.6
1998-03-22,T111,7.41714886901631,11.223697159023914,-3.81,51.4
1998-03-23,T111,9.66596528143083,10.430794034964238,-0.76,7.9
1998-03-24,T111,10.70489216202,11.78733064239746,-1.08,10.1
1998-03-25,T111,18.8058916359811,17.859612794746173,0.95,5.1
1998-03-26,T111,30.3129931614939,28.255546339569644,2.06,6.8
1998-03-27,T111,29.431877958969,22.749856172285405,6.68,22.7
1998-03-28,T111,12.6117832719621,13.863329375205034,-1.25,9.9
1998-03-29,T111,7.65386638611257,13.172339005881057,-5.52,72.1
1998-03-30,T111,13.8742766964755,13.454886202709982,0.42,3.0
1998-03-31,T111,12.6643871646502,13.699878033372414,-1.04,8.2
1998-04-01,T111,18.6875328774329,18.088388521463102,0.6,3.2
1998-04-02,T111,24.4476591267754,26.327740350673405,-1.88,7.7
1998-04-03,T111,25.5523408732246,22.273366606276927,3.28,12.8
1998-04-04,T111,10.5207785376118,12.832784745432306,-2.31,22.0
1998-04-05,T111,12.8748027354024,12.37646788964938,0.5,3.9
1998-04-06,T111,9.06102051551815,11.084800120357379,-2.02,22.3
1998-04-07,T111,15.0315623356128,11.22324959147125,3.81,25.3
1998-04-08,T111,27.5775907417149,17.783527431460158,9.79,35.5
1998-04-09,T111,22.8563913729616,28.566646679579428,-5.71,25.0
1998-04-10,T111,17.5170962651236,23.874400692467574,-6.36,36.3
1998-04-11,T111,12.3882167280379,9.600979991789723,2.79,22.5
1998-04-12,T111,16.0178853235139,12.43164695409739,3.59,22.4
1998-04-13,T111,14.1635981062599,12.035439106092607,2.13,15.0
1998-04-14,T111,11.6649132035771,13.783475091681066,-2.12,18.2
1998-04-15,T111,20.3314045239348,19.313995102034184,1.02,5.0
1998-04-16,T111,29.6685954760652,25.896304829084183,3.77,12.7
1998-04-17,T111,30.1288795370857,21.685027122625637,8.44,28.0
1998-04-18,T111,14.5581273014203,13.55269954374417,1.01,6.9
1998-04-19,T111,11.0994213571804,14.276845663836694,-3.18,28.7
1998-04-20,T111,13.9400315623356,12.060935477371741,1.88,13.5
1998-04-21,T111,10.3366649132036,13.321234006000498,-2.98,28.8
1998-04-22,T111,20.0157811678064,18.6711078863691,1.34,6.7
1998-04-23,T111,28.8400841662283,29.07150369525536,-0.23,0.8
1998-04-24,T111,7.3250920568122,27.099599956565807,-19.77,269.9
1998-04-25,T111,7.64071541294056,10.81644014781926,-3.18,41.6
1998-04-26,T111,11.7306680694371,11.791091863582334,-0.06,0.5
1998-04-27,T111,15.8074697527617,13.345587296891352,2.46,15.6
1998-04-28,T111,13.7690689110994,14.173260934215392,-0.4,2.9
1998-04-29,T111,24.1583377169911,21.152946872521152,3.01,12.5
1998-04-30,T111,23.1588637559179,29.536477644181698,-6.38,27.5
1998-05-01,T111,21.1730668069437,19.852822894731002,1.32,6.2
1998-05-02,T111,11.4018937401368,10.78101307949474,0.62,5.4
1998-05-03,T111,11.1520252498685,13.418069146716986,-2.27,20.4
1998-05-04,T111,8.67964229352972,14.255803512972456,-5.58,64.3
1998-05-05,T111,11.0599684376644,12.04506965540551,-0.99,9.0
1998-05-06,T111,15.2945817990531,19.597919080422685,-4.3,28.1
1998-05-07,T111,27.7617043661231,22.74792875269855,5.01,18.0
1998-05-08,T111,24.0399789584429,20.879750206268064,3.16,13.1
1998-05-09,T111,8.37716991057338,11.607280483971827,-3.23,38.6
1998-05-10,T111,10.0341925302472,11.993397200919894,-1.96,19.5
1998-05-11,T111,10.8364018937401,10.455250198957884,0.38,3.5
1998-05-12,T111,10.3761178327196,11.481170102644208,-1.11,10.7
1998-05-13,T111,18.0168332456602,16.742515210362022,1.27,7.0
1998-05-14,T111,25.1578116780642,27.292846393438072,-2.14,8.5
1998-05-15,T111,22.0804839558127,22.215527835120113,-0.14,0.6
1998-05-16,T111,10.1130983692793,10.61179299155694,-0.5,4.9
1998-05-17,T111,12.9011046817465,11.018177161622788,1.88,14.6
1998-03-18,T12,7.38378684807256,13.22528402905645,-5.84,79.1
1998-03-19,T12,22.2930839002268,15.025730707212226,7.27,32.6
1998-03-20,T12,16.7942176870748,19.291534573203265,-2.5,14.9
1998-03-21,T12,12.0748299319728,10.640800349969952,1.43,11.8
1998-03-22,T12,7.90816326530612,10.646239673004949,-2.74,34.6
1998-03-23,T12,9.02777777777778,9.187770508966159,-0.16,1.8
1998-03-24,T12,10.1048752834467,10.777381689107976,-0.67,6.6
1998-03-25,T12,12.65589569161,12.27190420519304,0.38,3.0
1998-03-26,T12,20.280612244898,20.87089488273117,-0.59,2.9
1998-03-27,T12,23.9512471655329,17.81680307133086,6.13,25.6
1998-03-28,T12,10.7709750566893,12.841969502289412,-2.07,19.2
1998-03-29,T12,8.2624716553288,11.415214477067252,-3.15,38.1
1998-03-30,T12,16.0856009070295,11.53320955077907,4.55,28.3
1998-03-31,T12,11.6780045351474,13.88085597529707,-2.2,18.8
1998-04-01,T12,14.2148526077098,13.546912171751181,0.67,4.7
1998-04-02,T12,22.2080498866213,19.161930918172292,3.05,13.7
1998-04-03,T12,19.5294784580499,20.100165371603396,-0.57,2.9
1998-04-04,T12,10.4591836734694,10.722615907100282,-0.26,2.5
1998-04-05,T12,14.9234693877551,11.31126802323319,3.61,24.2
1998-04-06,T12,10.9410430839002,11.894252858427421,-0.95,8.7
1998-04-07,T12,11.734693877551,10.899078450665066,0.84,7.2
1998-04-08,T12,23.171768707483,13.09593412052961,10.08,43.5
1998-04-09,T12,16.5674603174603,23.333579697486492,-6.77,40.9
1998-04-10,T12,22.6190476190476,19.063959204813322,3.56,15.7
1998-04-11,T12,12.2307256235828,11.56875670523869,0.66,5.4
1998-04-12,T12,15.0510204081633,12.594133383907291,2.46,16.3
1998-04-13,T12,12.4149659863946,11.843432434749866,0.57,4.6
1998-04-14,T12,15.3769841269841,12.223997971818045,3.15,20.5
1998-04-15,T12,18.0413832199547,17.95591082791756,0.09,0.5
1998-04-16,T12,21.5986394557823,21.225457904941244,0.37,1.7
1998-04-17,T12,22.1230158730159,20.994198994563536,1.13,5.1
1998-04-18,T12,9.65136054421769,11.87936286894939,-2.23,23.1
1998-04-19,T12,10.6434240362812,13.229924780398285,-2.59,24.3
1998-04-20,T12,10.3174603174603,11.261827607029153,-0.94,9.1
1998-04-21,T12,9.58049886621315,12.4823276013514,-2.9,30.3
1998-04-22,T12,13.5062358276644,15.857679534644763,-2.35,17.4
1998-04-23,T12,23.7244897959184,20.84747052423008,2.88,12.1
1998-04-24,T12,3.17460317460317,21.845673837232564,-18.67,588.1
1998-04-25,T12,8.36167800453515,8.71141769322135,-0.35,4.2
1998-04-26,T12,10.6292517006803,11.246578961939331,-0.62,5.8
1998-04-27,T12,10.6292517006803,11.268001581279684,-0.64,6.0
1998-04-28,T12,11.3662131519274,11.36200241580029,0.0,0.0
1998-04-29,T12,22.7891156462585,16.26979265240233,6.52,28.6
1998-04-30,T12,25.4818594104308,25.595534529898682,-0.11,0.4
1998-05-01,T12,27.5793650793651,20.56976292207179,7.01,25.4
1998-05-02,T12,15.4336734693878,12.56605572572531,2.87,18.6
1998-05-03,T12,15.3202947845805,14.677412237255332,0.64,4.2
1998-05-04,T12,11.9614512471655,14.08353965349757,-2.12,17.7
1998-05-05,T12,10.062358276644,12.720771638582603,-2.66,26.4
1998-05-06,T12,14.5691609977324,17.196117010071333,-2.63,18.1
1998-05-07,T12,25.7794784580499,21.062067569247493,4.72,18.3
1998-05-08,T12,25.0708616780045,22.263509636426882,2.81,11.2
1998-05-09,T12,8.17743764172336,12.600608504353664,-4.42,54.1
1998-05-10,T12,12.0181405895692,13.237129104599354,-1.22,10.2
1998-05-11,T12,11.5646258503401,11.217934012879288,0.35,3.0
1998-05-12,T12,9.4812925170068,11.991319922565694,-2.51,26.5
1998-05-13,T12,17.4603174603175,15.067756923349753,2.39,13.7
1998-05-14,T12,21.2159863945578,24.877563975457534,-3.66,17.3
1998-05-15,T12,23.4977324263039,22.08725505677179,1.41,6.0
1998-05-16,T12,10.2749433106576,11.319955595604922,-1.05,10.2
1998-05-17,T12,12.5425170068027,11.864641227656472,0.68,5.4
1998-03-18,T13,21.3010204081633,19.526366433295415,1.77,8.3
1998-03-19,T13,35.1332199546485,32.35183993328844,2.78,7.9
1998-03-20,T13,33.7301587301587,31.62812461615443,2.1,6.2
1998-03-21,T13,13.0243764172336,14.898149980641644,-1.87,14.4
1998-03-22,T13,12.797619047619,14.551186628454241,-1.75,13.7
1998-03-23,T13,12.6842403628118,14.144903266631646,-1.46,11.5
1998-03-24,T13,13.4070294784581,13.583991949368716,-0.18,1.3
1998-03-25,T13,23.0300453514739,22.592224440600702,0.44,1.9
1998-03-26,T13,35.2749433106576,35.071229880911545,0.2,0.6
1998-03-27,T13,32.9931972789116,33.53673162526949,-0.54,1.6
1998-03-28,T13,14.9943310657596,14.79255537732023,0.2,1.3
1998-03-29,T13,14.5691609977324,15.69590410613987,-1.13,7.8
1998-03-30,T13,16.468253968254,15.390039503689302,1.08,6.6
1998-03-31,T13,17.7437641723356,16.252020464366442,1.49,8.4
1998-04-01,T13,22.3214285714286,22.154627613458032,0.17,0.8
1998-04-02,T13,33.2908163265306,31.74819531260676,1.54,4.6
1998-04-03,T13,38.6196145124717,30.008653497121102,8.61,22.3
1998-04-04,T13,14.5266439909297,16.140718762173996,-1.61,11.1
1998-04-05,T13,15.9438775510204,16.0840527667012,-0.14,0.9
1998-04-06,T13,19.3877551020408,13.758522862024542,5.63,29.0
1998-04-07,T13,17.5170068027211,16.170233872615427,1.35,7.7
1998-04-08,T13,33.7018140589569,21.543302831411584,12.16,36.1
1998-04-09,T13,23.4835600907029,36.68041894189081,-13.2,56.2
1998-04-10,T13,26.4880952380952,29.560222677531534,-3.07,11.6
1998-04-11,T13,17.531179138322,13.12474842700012,4.41,25.2
1998-04-12,T13,17.0918367346939,15.78028967268893,1.31,7.7
1998-04-13,T13,17.5736961451247,15.592340524651972,1.98,11.3
1998-04-14,T13,15.4336734693878,16.55608642272274,-1.12,7.3
1998-04-15,T13,23.0583900226757,24.140132637828543,-1.08,4.7
1998-04-16,T13,31.0374149659864,30.224089876447433,0.81,2.6
1998-04-17,T13,30.0453514739229,27.244188322738907,2.8,9.3
1998-04-18,T13,13.3078231292517,15.648553010273977,-2.34,17.6
1998-04-19,T13,14.7392290249433,16.086530239299044,-1.35,9.2
1998-04-20,T13,12.3015873015873,14.985666750341299,-2.68,21.8
1998-04-21,T13,14.7250566893424,14.752193418562129,-0.03,0.2
1998-04-22,T13,21.5136054421769,23.250977703525393,-1.74,8.1
1998-04-23,T13,29.9603174603175,31.872111729304958,-1.91,6.4
1998-04-24,T13,8.77267573696145,29.43183147384244,-20.66,235.5
1998-04-25,T13,10.9410430839002,11.263442153959144,-0.32,2.9
1998-04-26,T13,17.0068027210884,14.525159234925876,2.48,14.6
1998-04-27,T13,16.3690476190476,15.145583092458653,1.22,7.5
1998-04-28,T13,21.0742630385488,16.45382451700135,4.62,21.9
1998-04-29,T13,26.0345804988662,25.052080423050413,0.98,3.8
1998-04-30,T13,40.4336734693878,32.57857349968423,7.86,19.4
1998-05-01,T13,38.0810657596372,28.426078908587193,9.65,25.3
1998-05-02,T13,15.7312925170068,15.913851075419052,-0.18,1.1
1998-05-03,T13,17.2902494331066,16.93568664900819,0.35,2.0
1998-05-04,T13,12.9676870748299,18.87409154974994,-5.91,45.6
1998-05-05,T13,12.0890022675737,16.8168558692192,-4.73,39.1
1998-05-06,T13,24.234693877551,22.59608346489931,1.64,6.8
1998-05-07,T13,28.6848072562358,32.24964139389127,-3.56,12.4
1998-05-08,T13,41.6524943310658,27.80330749499359,13.85,33.3
1998-05-09,T13,22.2222222222222,17.03011047681932,5.19,23.4
1998-05-10,T13,10.4875283446712,17.55629375827264,-7.07,67.4
1998-05-11,T13,16.7375283446712,13.018602669257854,3.72,22.2
1998-05-12,T13,18.6224489795918,15.66664663835703,2.96,15.9
1998-05-13,T13,22.6615646258503,23.656412828754775,-0.99,4.4
1998-05-14,T13,31.2783446712018,32.176487094197185,-0.9,2.9
1998-05-15,T13,31.4342403628118,32.330421195185615,-0.9,2.9
1998-05-16,T13,15.7171201814059,16.63417773396125,-0.92,5.9
1998-05-17,T13,16.7942176870748,15.482256146361582,1.31,7.8
1998-03-18,T14,20.6774376417234,19.874508997070937,0.8,3.9
1998-03-19,T14,28.0045351473923,27.415986512558696,0.59,2.1
1998-03-20,T14,23.4268707482993,23.743395749266625,-0.32,1.4
1998-03-21,T14,13.4778911564626,11.638370490301115,1.84,13.7
1998-03-22,T14,14.6683673469388,15.143394722590795,-0.48,3.3
1998-03-23,T14,12.8543083900227,13.894753250451174,-1.04,8.1
1998-03-24,T14,10.7142857142857,15.405274098295918,-4.69,43.8
1998-03-25,T14,20.1672335600907,19.22180551644233,0.95,4.7
1998-03-26,T14,26.8990929705215,30.435276345019847,-3.54,13.2
1998-03-27,T14,29.421768707483,24.35880718817695,5.06,17.2
1998-03-28,T14,12.9676870748299,14.176532775672094,-1.21,9.3
1998-03-29,T14,19.1609977324263,15.643995486616095,3.52,18.4
1998-03-30,T14,17.7721088435374,16.299851995575985,1.47,8.3
1998-03-31,T14,18.5374149659864,15.782437234003257,2.75,14.8
1998-04-01,T14,19.3027210884354,20.87525096072979,-1.57,8.1
1998-04-02,T14,25.5810657596372,26.900002893417145,-1.32,5.2
1998-04-03,T14,29.3367346938775,24.09720746822324,5.24,17.9
1998-04-04,T14,11.4087301587302,13.352594143484932,-1.94,17.0
1998-04-05,T14,15.9155328798186,17.047501231189173,-1.13,7.1
1998-04-06,T14,15.5895691609977,13.523390603176871,2.07,13.3
1998-04-07,T14,17.2477324263039,15.44043927153989,1.81,10.5
1998-04-08,T14,33.1065759637188,19.343145930155153,13.76,41.6
1998-04-09,T14,20.9892290249433,27.885066453193822,-6.9,32.9
1998-04-10,T14,29.3650793650794,24.891060109631802,4.47,15.2
1998-04-11,T14,13.0952380952381,12.90353501829809,0.19,1.5
1998-04-12,T14,13.9597505668934,15.883770457797478,-1.92,13.8
1998-04-13,T14,19.8554421768708,13.717530581577666,6.14,30.9
1998-04-14,T14,23.8945578231292,17.580744626620703,6.31,26.4
1998-04-15,T14,18.2539682539683,26.859553782299777,-8.61,47.2
1998-04-16,T14,27.4659863945578,24.60307012715846,2.86,10.4
1998-04-17,T14,25.6235827664399,25.892493192234944,-0.27,1.1
1998-04-18,T14,12.0748299319728,13.26072249922277,-1.19,9.9
1998-04-19,T14,17.3611111111111,15.97053982600217,1.39,8.0
1998-04-20,T14,11.5362811791383,16.19158681902938,-4.66,40.4
1998-04-21,T14,14.1014739229025,15.870807314908797,-1.77,12.6
1998-04-22,T14,20.2947845804989,19.76370661402252,0.53,2.6
1998-04-23,T14,30.328798185941,27.487312043252512,2.84,9.4
1998-04-24,T14,7.49716553287982,26.760564364946227,-19.26,256.9
1998-04-25,T14,10.5583900226757,10.644939666029273,-0.09,0.9
1998-04-26,T14,17.5878684807256,15.506888119614999,2.08,11.8
1998-04-27,T14,16.4115646258503,15.02438671442138,1.39,8.5
1998-04-28,T14,20.7908163265306,16.89422647320378,3.9,18.8
1998-04-29,T14,24.8724489795918,23.97107173461174,0.9,3.6
1998-04-30,T14,31.4200680272109,30.054188671564255,1.37,4.4
1998-05-01,T14,30.328798185941,24.66659111907532,5.66,18.7
1998-05-02,T14,15.9155328798186,13.470090555963713,2.45,15.4
1998-05-03,T14,12.9393424036281,17.020108547069164,-4.08,31.5
1998-05-04,T14,16.5958049886621,17.14956588889641,-0.55,3.3
1998-05-05,T14,15.7738095238095,17.559038522604723,-1.79,11.3
1998-05-06,T14,21.3718820861678,22.538254111022685,-1.17,5.5
1998-05-07,T14,29.3934240362812,27.670865590655495,1.72,5.9
1998-05-08,T14,28.047052154195,26.13578857436732,1.91,6.8
1998-05-09,T14,12.953514739229,13.922304614593486,-0.97,7.5
1998-05-10,T14,15.9438775510204,14.92926581798352,1.01,6.3
1998-05-11,T14,15.1785714285714,14.459602453807998,0.72,4.7
1998-05-12,T14,17.0918367346939,16.42801474061014,0.66,3.9
1998-05-13,T14,20.0396825396825,20.71800139988624,-0.68,3.4
1998-05-14,T14,25.9920634920635,29.144889323156928,-3.15,12.1
1998-05-15,T14,26.6014739229025,25.393236241459995,1.21,4.5
1998-05-16,T14,13.9880952380952,13.438317250979761,0.55,3.9
1998-05-17,T14,17.6445578231293,15.796768219983543,1.85,10.5
1998-03-18,T15,22.6615646258503,22.645146913703545,0.02,0.1
1998-03-19,T15,34.2545351473923,35.155235577791416,-0.9,2.6
1998-03-20,T15,27.5226757369614,25.821924406196366,1.7,6.2
1998-03-21,T15,12.1031746031746,11.81004613871785,0.29,2.4
1998-03-22,T15,13.1235827664399,12.750804598639416,0.37,2.8
1998-03-23,T15,11.0685941043084,11.697176736513851,-0.63,5.7
1998-03-24,T15,13.8888888888889,14.027116090787942,-0.14,1.0
1998-03-25,T15,20.6632653061224,23.789461172617088,-3.13,15.1
1998-03-26,T15,31.1791383219955,35.38203566245029,-4.2,13.5
1998-03-27,T15,29.1524943310658,27.136997298624138,2.02,6.9
1998-03-28,T15,12.3724489795918,12.810253460274712,-0.44,3.6
1998-03-29,T15,12.4149659863946,14.810890611048837,-2.4,19.3
1998-03-30,T15,14.9518140589569,13.789693471752575,1.16,7.8
1998-03-31,T15,16.8225623582766,15.995284406030061,0.83,4.9
1998-04-01,T15,26.5873015873016,21.76002589640789,4.83,18.2
1998-04-02,T15,35.2607709750567,33.72258513890077,1.54,4.4
1998-04-03,T15,27.6927437641723,26.44685985237602,1.25,4.5
1998-04-04,T15,10.7851473922902,11.916141066102966,-1.13,10.5
1998-04-05,T15,12.2590702947846,15.200323472019178,-2.94,24.0
1998-04-06,T15,9.75056689342404,11.942807674711512,-2.19,22.5
1998-04-07,T15,20.8191609977324,13.845476530838077,6.97,33.5
1998-04-08,T15,39.6683673469388,24.458113779869098,15.21,38.3
1998-04-09,T15,26.3038548752834,35.25382829529159,-8.95,34.0
1998-04-10,T15,27.1967120181406,27.052287057144618,0.14,0.5
1998-04-11,T15,10.0481859410431,11.553115584627417,-1.5,14.9
1998-04-12,T15,12.3724489795918,13.75007985415946,-1.38,11.2
1998-04-13,T15,14.6541950113379,11.498715693995667,3.16,21.6
1998-04-14,T15,17.2477324263039,17.171822608795207,0.08,0.5
1998-04-15,T15,22.5198412698413,25.793175936773096,-3.27,14.5
1998-04-16,T15,29.9461451247166,30.843602894041148,-0.9,3.0
1998-04-17,T15,26.4455782312925,24.484011495289607,1.96,7.4
1998-04-18,T15,12.4574829931973,11.923929805522803,0.53,4.3
1998-04-19,T15,12.0039682539683,13.554651470147324,-1.55,12.9
1998-04-20,T15,11.3378684807256,12.924085231064323,-1.59,14.0
1998-04-21,T15,14.1865079365079,15.541876782736889,-1.36,9.6
1998-04-22,T15,26.2896825396825,23.27253280675894,3.02,11.5
1998-04-23,T15,42.2902494331066,33.32731449342998,8.96,21.2
1998-04-24,T15,8.29081632653061,26.908439064650857,-18.62,224.6
1998-04-25,T15,6.56179138321996,10.203392232698164,-3.64,55.5
1998-04-26,T15,11.5646258503401,11.99338695063545,-0.43,3.7
1998-04-27,T15,6.40589569160998,12.881540901524296,-6.48,101.2
1998-04-28,T15,14.7959183673469,15.2494260105819,-0.45,3.0
1998-04-29,T15,32.5963718820862,26.33095483002885,6.27,19.2
1998-04-30,T15,38.9314058956916,39.22635566680227,-0.29,0.7
1998-05-01,T15,30.4988662131519,23.88694981636066,6.61,21.7
1998-05-02,T15,13.7755102040816,11.338794002352184,2.44,17.7
1998-05-03,T15,10.6859410430839,14.19816200295756,-3.51,32.8
1998-05-04,T15,11.9614512471655,13.369854681640778,-1.41,11.8
1998-05-05,T15,14.0731292517007,15.643562971938655,-1.57,11.2
1998-05-06,T15,23.7670068027211,25.988744688245177,-2.22,9.3
1998-05-07,T15,36.3378684807256,33.479865847792254,2.86,7.9
1998-05-08,T15,29.3792517006803,26.26820229186606,3.11,10.6
1998-05-09,T15,9.97732426303855,12.0665310415143,-2.09,20.9
1998-05-10,T15,11.6496598639456,13.005311991453354,-1.36,11.7
1998-05-11,T15,11.0544217687075,11.93528930983411,-0.88,8.0
1998-05-12,T15,15.4336734693878,14.14111470445771,1.29,8.4
1998-05-13,T15,23.5969387755102,23.972681009638386,-0.38,1.6
1998-05-14,T15,37.2590702947846,36.010598093745806,1.25,3.4
1998-05-15,T15,28.4297052154195,26.202333411751567,2.23,7.8
1998-05-16,T15,11.9897959183673,11.777874442340803,0.21,1.8
1998-05-17,T15,12.6417233560091,13.403735754710848,-0.76,6.0
1998-03-18,T16,36.4229024943311,31.36578505867535,5.06,13.9
1998-03-19,T16,49.4614512471655,44.24832923567836,5.21,10.5
1998-03-20,T16,31.5192743764172,28.20549332703035,3.31,10.5
1998-03-21,T16,11.6921768707483,13.0219568163736,-1.33,11.4
1998-03-22,T16,15.3769841269841,17.776656885106142,-2.4,15.6
1998-03-23,T16,10.5725623582766,13.391753502087496,-2.82,26.7
1998-03-24,T16,21.499433106576,17.603223301126146,3.9,18.1
1998-03-25,T16,33.3049886621315,36.66844096103678,-3.36,10.1
1998-03-26,T16,50.2125850340136,48.115633484876895,2.1,4.2
1998-03-27,T16,28.7981859410431,31.58541501391121,-2.79,9.7
1998-03-28,T16,10.8560090702948,12.018876962861453,-1.16,10.7
1998-03-29,T16,16.0997732426304,17.445050790522643,-1.35,8.4
1998-03-30,T16,19.7562358276644,15.234190340978994,4.52,22.9
1998-03-31,T16,22.5056689342404,22.245084961407958,0.26,1.2
1998-04-01,T16,44.7562358276644,32.93914389554634,11.82,26.4
1998-04-02,T16,42.4036281179138,46.684650829329556,-4.28,10.1
1998-04-03,T16,25.8361678004535,28.843346175403827,-3.01,11.7
1998-04-04,T16,11.2386621315193,10.691740424962841,0.55,4.9
1998-04-05,T16,19.4160997732426,18.759308363375926,0.66,3.4
1998-04-06,T16,15.1360544217687,14.996914290288263,0.14,0.9
1998-04-07,T16,22.718253968254,18.70849611213616,4.01,17.7
1998-04-08,T16,50.5810657596372,33.82440845435632,16.76,33.1
1998-04-09,T16,24.0221088435374,41.94755483390936,-17.93,74.6
1998-04-10,T16,31.40589569161,26.29518415853424,5.11,16.3
1998-04-11,T16,10.062358276644,11.387001016377653,-1.32,13.1
1998-04-12,T16,16.5391156462585,17.594115580443827,-1.05,6.3
1998-04-13,T16,20.7057823129252,14.360481653674146,6.35,30.7
1998-04-14,T16,16.8650793650794,21.33445239927812,-4.47,26.5
1998-04-15,T16,32.1428571428571,35.32549938344366,-3.18,9.9
1998-04-16,T16,44.1751700680272,37.333993167664865,6.84,15.5
1998-04-17,T16,26.3605442176871,28.14093791185659,-1.78,6.8
1998-04-18,T16,13.8605442176871,10.628396200215633,3.23,23.3
1998-04-19,T16,17.7295918367347,17.21883340805081,0.51,2.9
1998-04-20,T16,13.3645124716553,17.25449258490409,-3.89,29.1
1998-04-21,T16,15.6179138321995,17.609267576630273,-1.99,12.7
1998-04-22,T16,40.0651927437642,33.36028889907412,6.7,16.7
1998-04-23,T16,53.6706349206349,44.460379055479734,9.21,17.2
1998-04-24,T16,24.092970521542,31.85658755176274,-7.76,32.2
1998-04-25,T16,10.671768707483,10.763018498334347,-0.09,0.8
1998-04-26,T16,17.8996598639456,17.486355776286906,0.41,2.3
1998-04-27,T16,14.3849206349206,16.18182966544095,-1.8,12.5
1998-04-28,T16,23.5969387755102,18.450197096128655,5.15,21.8
1998-04-29,T16,37.2590702947846,38.58017694501417,-1.32,3.5
1998-04-30,T16,42.5878684807256,45.63587389172362,-3.05,7.2
1998-05-01,T16,28.4297052154195,27.634051009857153,0.8,2.8
1998-05-02,T16,14.6683673469388,11.517205760668693,3.15,21.5
1998-05-03,T16,20.6490929705215,17.880415242287576,2.77,13.4
1998-05-04,T16,19.7278911564626,18.371576987910565,1.36,6.9
1998-05-05,T16,19.8979591836735,19.7692513252045,0.13,0.7
1998-05-06,T16,34.5521541950113,34.008638427961536,0.54,1.6
1998-05-07,T16,41.2840136054422,42.37676594782065,-1.09,2.6
1998-05-08,T16,27.0549886621315,28.12471761293741,-1.07,4.0
1998-05-09,T16,13.2936507936508,12.044434077260787,1.25,9.4
1998-05-10,T16,17.4178004535147,18.26867802018873,-0.85,4.9
1998-05-11,T16,13.0243764172336,16.192296095273004,-3.17,24.3
1998-05-12,T16,19.5436507936508,17.863611513618405,1.68,8.6
1998-05-13,T16,31.2358276643991,33.2155931123688,-1.98,6.3
1998-05-14,T16,48.3134920634921,43.504937902382345,4.81,10.0
1998-05-15,T16,29.3509070294785,26.448397472197655,2.9,9.9
1998-05-16,T16,10.7993197278912,11.75424503563567,-0.95,8.8
1998-05-17,T16,16.1281179138322,17.950510356774682,-1.82,11.3
1998-03-18,T17,27.4092970521542,22.998287142590506,4.41,16.1
1998-03-19,T17,25.765306122449,34.135505534486605,-8.37,32.5
1998-03-20,T17,31.4200680272109,31.9031896643024,-0.48,1.5
1998-03-21,T17,4.25170068027211,8.803546227006036,-4.55,107.0
1998-03-22,T17,11.578798185941,14.722749108832101,-3.14,27.1
1998-03-23,T17,15.249433106576,14.774427589878249,0.48,3.1
1998-03-24,T17,17.6729024943311,18.140325284796944,-0.47,2.7
1998-03-25,T17,23.327664399093,26.705890033947515,-3.38,14.5
1998-03-26,T17,30.2437641723356,32.640524876648506,-2.4,7.9
1998-03-27,T17,41.8650793650794,33.24136700266065,8.62,20.6
1998-03-28,T17,12.7125850340136,11.949885604365473,0.76,6.0
1998-03-29,T17,23.9512471655329,17.603438013097705,6.35,26.5
1998-03-30,T17,27.3100907029478,20.065033681863763,7.25,26.5
1998-03-31,T17,14.8100907029478,22.41460205620415,-7.6,51.3
1998-04-01,T17,14.0731292517007,23.161082869730414,-9.09,64.6
1998-04-02,T17,32.9931972789116,27.583451451555387,5.41,16.4
1998-04-03,T17,18.8492063492063,33.11011123801781,-14.26,75.7
1998-04-04,T17,0.212585034013605,9.583577945207116,-9.37,937.0
1998-04-05,T17,12.0606575963719,11.591125793554362,0.47,3.9
1998-04-06,T17,20.5215419501134,14.401118862581633,6.12,29.8
1998-04-07,T17,20.4648526077098,16.582271402113378,3.88,19.0
1998-04-08,T17,31.9586167800453,20.97841201083181,10.98,34.4
1998-04-09,T17,38.6479591836735,34.18957063216821,4.46,11.5
1998-04-10,T17,41.0856009070295,32.024046562216384,9.06,22.1
1998-04-11,T17,8.16326530612245,13.579867520151904,-5.42,66.4
1998-04-12,T17,13.9880952380952,16.02274858100826,-2.03,14.5
1998-04-13,T17,22.7465986394558,15.872160159553193,6.87,30.2
1998-04-14,T17,19.3877551020408,19.875633628954972,-0.49,2.5
1998-04-15,T17,22.718253968254,26.982638345746963,-4.26,18.8
1998-04-16,T17,31.7743764172336,33.57575911691934,-1.8,5.7
1998-04-17,T17,35.827664399093,31.42441891951865,4.4,12.3
1998-04-18,T17,7.78061224489796,9.594835143207316,-1.81,23.3
1998-04-19,T17,19.2602040816327,15.803976307114914,3.46,18.0
1998-04-20,T17,5.28628117913832,19.488422128234618,-14.2,268.6
1998-04-21,T17,18.9909297052154,17.183242460552776,1.81,9.5
1998-04-22,T17,22.5907029478458,24.31051003300057,-1.72,7.6
1998-04-23,T17,34.0419501133787,34.66267001494351,-0.62,1.8
1998-04-24,T17,9.38208616780045,35.04907166501949,-25.67,273.6
1998-04-25,T17,11.8197278911565,7.859901322948364,3.96,33.5
1998-04-26,T17,26.7857142857143,17.51368981838827,9.27,34.6
1998-04-27,T17,20.280612244898,20.225668188155463,0.05,0.2
1998-04-28,T17,22.3356009070295,20.25729617874484,2.08,9.3
1998-04-29,T17,21.1026077097506,25.832718929115156,-4.73,22.4
1998-04-30,T17,37.2023809523809,34.307735701066996,2.89,7.8
1998-05-01,T17,39.8242630385487,29.030682183712283,10.79,27.1
1998-05-02,T17,10.0198412698413,12.294772958742158,-2.27,22.7
1998-05-03,T17,14.9234693877551,16.565242993154673,-1.64,11.0
1998-05-04,T17,22.3781179138322,19.39679316048386,2.98,13.3
1998-05-05,T17,19.3027210884354,20.27441516044882,-0.97,5.0
1998-05-06,T17,25.9778911564626,23.51075623523908,2.47,9.5
1998-05-07,T17,33.6734693877551,35.20415463860184,-1.53,4.5
1998-05-08,T17,41.1422902494331,32.886531759734375,8.26,20.1
1998-05-09,T17,7.468820861678,13.032707843789495,-5.56,74.4
1998-05-10,T17,18.0555555555556,17.28546365052097,0.77,4.3
1998-05-11,T17,13.3503401360544,17.05845275764075,-3.71,27.8
1998-05-12,T17,21.2301587301587,17.78816294099948,3.44,16.2
1998-05-13,T17,18.296485260771,25.33549018411592,-7.04,38.5
1998-05-14,T17,32.624716553288,31.8779822406076,0.75,2.3
1998-05-15,T17,38.0243764172336,34.72529706279646,3.3,8.7
1998-05-16,T17,5.76814058956916,10.953353206254377,-5.19,90.0
1998-05-17,T17,18.296485260771,16.00795120152802,2.29,12.5
1998-03-18,T18,26.0345804988662,25.3068046042484,0.73,2.8
1998-03-19,T18,37.9960317460317,39.29821152792563,-1.3,3.4
1998-03-20,T18,35.3316326530612,31.33516092339393,4.0,11.3
1998-03-21,T18,10.3458049886621,12.296994601495214,-1.95,18.8
1998-03-22,T18,17.219387755102,17.4421545464552,-0.22,1.3
1998-03-23,T18,19.1184807256236,16.07996140665959,3.04,15.9
1998-03-24,T18,16.4965986394558,18.596366053828678,-2.1,12.7
1998-03-25,T18,29.2233560090703,26.90064162490441,2.32,7.9
1998-03-26,T18,27.2959183673469,42.62197998161312,-15.33,56.2
1998-03-27,T18,33.0498866213152,31.239134947801062,1.81,5.5
1998-03-28,T18,12.5850340136054,11.460063658035747,1.12,8.9
1998-03-29,T18,18.0272108843537,17.902365785226305,0.12,0.7
1998-03-30,T18,20.890022675737,19.511102159829743,1.38,6.6
1998-03-31,T18,18.1547619047619,19.59425980062717,-1.44,7.9
1998-04-01,T18,25.0708616780045,25.373967579147955,-0.3,1.2
1998-04-02,T18,41.2698412698413,34.059408680456514,7.21,17.5
1998-04-03,T18,32.9931972789116,31.198864964484166,1.79,5.4
1998-04-04,T18,12.046485260771,11.168214760497108,0.88,7.3
1998-04-05,T18,15.8021541950113,21.51899878647609,-5.72,36.2
1998-04-06,T18,15.4195011337868,15.55208050136448,-0.13,0.8
1998-04-07,T18,23.0867346938775,16.955213389210424,6.13,26.6
1998-04-08,T18,37.2874149659864,26.24341680008051,11.04,29.6
1998-04-09,T18,24.0362811791383,40.3432606669791,-16.31,67.9
1998-04-10,T18,28.5572562358277,27.343518518710987,1.21,4.2
1998-04-11,T18,9.2687074829932,11.193062402798713,-1.92,20.7
1998-04-12,T18,9.63718820861678,17.19181393325984,-7.55,78.3
1998-04-13,T18,18.0555555555556,15.527797296888433,2.53,14.0
1998-04-14,T18,20.7057823129252,19.355450857143087,1.35,6.5
1998-04-15,T18,24.1071428571429,30.28933969239226,-6.18,25.6
1998-04-16,T18,41.1706349206349,31.19962823504789,9.97,24.2
1998-04-17,T18,26.4880952380952,29.07788652343084,-2.59,9.8
1998-04-18,T18,8.77267573696145,10.794879904361522,-2.02,23.0
1998-04-19,T18,13.9880952380952,15.424289549715573,-1.44,10.3
1998-04-20,T18,17.1626984126984,16.174016673596785,0.99,5.8
1998-04-21,T18,18.2114512471655,19.2670617144493,-1.06,5.8
1998-04-22,T18,25.4393424036281,27.388314372147192,-1.95,7.7
1998-04-23,T18,39.4982993197279,36.84653205362737,2.65,6.7
1998-04-24,T18,6.42006802721089,28.539275407628267,-22.12,344.5
1998-04-25,T18,7.56802721088435,10.420634317780532,-2.85,37.7
1998-04-26,T18,16.468253968254,15.085587161714345,1.38,8.4
1998-04-27,T18,18.7358276643991,17.195929350942933,1.54,8.2
1998-04-28,T18,20.5073696145125,20.139622907891315,0.37,1.8
1998-04-29,T18,31.5334467120181,28.0861942170993,3.45,10.9
1998-04-30,T18,44.0476190476191,40.77128380340341,3.28,7.4
1998-05-01,T18,33.1065759637188,27.633086605844902,5.47,16.5
1998-05-02,T18,9.63718820861678,10.634004513895942,-1.0,10.4
1998-05-03,T18,8.74433106575964,16.493036442917912,-7.75,88.6
1998-05-04,T18,18.1831065759637,18.533351014332464,-0.35,1.9
1998-05-05,T18,19.0334467120181,19.311678176710053,-0.28,1.5
1998-05-06,T18,29.4075963718821,28.520704937720524,0.89,3.0
1998-05-07,T18,38.8180272108844,38.02648511150474,0.79,2.0
1998-05-08,T18,36.0119047619048,28.79831990189954,7.21,20.0
1998-05-09,T18,10.1615646258503,11.045529404693156,-0.88,8.7
1998-05-10,T18,15.6604308390023,15.609687000990514,0.05,0.3
1998-05-11,T18,16.4540816326531,15.53638823834668,0.92,5.6
1998-05-12,T18,19.0051020408163,18.382847897944227,0.62,3.3
1998-05-13,T18,26.218820861678,28.05712900812186,-1.84,7.0
1998-05-14,T18,38.4920634920635,40.17703454256836,-1.68,4.4
1998-05-15,T18,32.0719954648526,31.34726118100196,0.72,2.2
1998-05-16,T18,17.1485260770975,10.491498879639572,6.66,38.8
1998-05-17,T18,20.1105442176871,16.589969683876667,3.52,17.5
1998-03-18,T19,41.609977324263,32.61717172809011,8.99,21.6
1998-03-19,T19,43.6791383219955,54.19443985143126,-10.52,24.1
1998-03-20,T19,38.407029478458,36.973239099544074,1.43,3.7
1998-03-21,T19,13.6763038548753,16.775958659266504,-3.1,22.7
1998-03-22,T19,9.69387755102041,19.26549233517584,-9.57,98.7
1998-03-23,T19,12.6133786848073,16.765131260610012,-4.15,32.9
1998-03-24,T19,15.9722222222222,19.058558288248463,-3.09,19.3
1998-03-25,T19,36.5362811791383,34.025322691546556,2.51,6.9
1998-03-26,T19,51.1621315192744,50.23896407957703,0.92,1.8
1998-03-27,T19,36.592970521542,37.44041219236924,-0.85,2.3
1998-03-28,T19,17.1343537414966,16.25686139958659,0.88,5.1
1998-03-29,T19,17.1201814058957,18.355750452441786,-1.24,7.2
1998-03-30,T19,18.2397959183673,17.06834385781697,1.17,6.4
1998-03-31,T19,21.5136054421769,19.570038379283655,1.94,9.0
1998-04-01,T19,28.9965986394558,33.27400361291272,-4.28,14.8
1998-04-02,T19,47.2647392290249,44.669404678982865,2.6,5.5
1998-04-03,T19,36.0685941043084,34.74563633072597,1.32,3.7
1998-04-04,T19,17.6729024943311,16.130956915346083,1.54,8.7
1998-04-05,T19,17.1060090702948,18.939637167602974,-1.83,10.7
1998-04-06,T19,17.7862811791383,15.383016701806637,2.4,13.5
1998-04-07,T19,22.0096371882086,18.891969865026674,3.12,14.2
1998-04-08,T19,49.6456916099773,31.87143740338215,17.77,35.8
1998-04-09,T19,30.6122448979592,48.845653785932114,-18.23,59.6
1998-04-10,T19,33.078231292517,33.20516415675546,-0.13,0.4
1998-04-11,T19,12.6984126984127,15.50803760454405,-2.81,22.1
1998-04-12,T19,14.5975056689342,17.020498307596906,-2.42,16.6
1998-04-13,T19,16.7233560090703,15.28755028535462,1.44,8.6
1998-04-14,T19,18.2539682539683,20.133220160393513,-1.88,10.3
1998-04-15,T19,30.0028344671202,34.78770434541325,-4.78,15.9
1998-04-16,T19,48.9937641723356,39.47282829087021,9.52,19.4
1998-04-17,T19,35.8134920634921,29.860860337530944,5.95,16.6
1998-04-18,T19,15.858843537415,15.636655759155852,0.22,1.4
1998-04-19,T19,15.7879818594104,16.522154294423594,-0.73,4.6
1998-04-20,T19,14.3707482993197,15.955672233328187,-1.58,11.0
1998-04-21,T19,16.4540816326531,18.587754479933405,-2.13,12.9
1998-04-22,T19,35.1899092970522,31.845232115077696,3.34,9.5
1998-04-23,T19,47.1513605442177,49.582716343026,-2.43,5.2
1998-04-24,T19,2.04081632653061,33.00031109242231,-30.96,1517.0
1998-04-25,T19,12.3724489795918,10.465837313802417,1.91,15.4
1998-04-26,T19,20.7199546485261,16.779820524981613,3.94,19.0
1998-04-27,T19,21.952947845805,17.474994173465994,4.48,20.4
1998-04-28,T19,15.858843537415,20.65806656082425,-4.8,30.3
1998-04-29,T19,33.5175736961451,33.883477249750165,-0.37,1.1
1998-04-30,T19,37.046485260771,47.082974815893195,-10.04,27.1
1998-05-01,T19,36.8197278911565,30.112989541866398,6.71,18.2
1998-05-02,T19,18.452380952381,15.510563650534845,2.94,15.9
1998-05-03,T19,15.8021541950113,18.9891062692434,-3.19,20.2
1998-05-04,T19,18.8492063492063,18.72109914832228,0.13,0.7
1998-05-05,T19,21.5277777777778,18.000055660810656,3.53,16.4
1998-05-06,T19,28.9540816326531,32.77689217024201,-3.82,13.2
1998-05-07,T19,51.4030612244898,39.59139821202649,11.81,23.0
1998-05-08,T19,36.6071428571429,34.79461572605522,1.81,4.9
1998-05-09,T19,13.9597505668934,16.36610318559919,-2.41,17.3
1998-05-10,T19,16.2414965986395,17.693882998292864,-1.45,8.9
1998-05-11,T19,18.75,15.804170349411052,2.95,15.7
1998-05-12,T19,14.0873015873016,19.052523759500513,-4.97,35.3
1998-05-13,T19,33.3333333333333,28.851678648265477,4.48,13.4
1998-05-14,T19,51.6439909297052,47.98773200931804,3.66,7.1
1998-05-15,T19,35.0056689342404,35.18853260458553,-0.18,0.5
1998-05-16,T19,16.7517006802721,15.074308947440127,1.68,10.0
1998-05-17,T19,19.4586167800454,17.739496906899724,1.72,8.8
1998-03-18,T2,18.75,18.899957714841044,-0.15,0.8
1998-03-19,T2,29.6768707482993,26.870428673201907,2.81,9.5
1998-03-20,T2,30.7256235827664,27.643897804531964,3.08,10.0
1998-03-21,T2,16.7375283446712,15.901409932460204,0.84,5.0
1998-03-22,T2,12.046485260771,15.249678945601373,-3.2,26.6
1998-03-23,T2,12.2732426303855,13.060050771854785,-0.79,6.4
1998-03-24,T2,16.765873015873,15.565714494640813,1.2,7.2
1998-03-25,T2,21.1592970521542,22.14010804391399,-0.98,4.6
1998-03-26,T2,29.9319727891156,31.584290209013613,-1.65,5.5
1998-03-27,T2,29.6343537414966,30.19152164041338,-0.56,1.9
1998-03-28,T2,12.0039682539683,16.150569272234343,-4.15,34.6
1998-03-29,T2,14.7250566893424,14.458048563628562,0.27,1.8
1998-03-30,T2,15.4195011337868,14.995871653664722,0.42,2.7
1998-03-31,T2,19.8270975056689,17.857942630943572,1.97,9.9
1998-04-01,T2,22.2222222222222,21.273700996602578,0.95,4.3
1998-04-02,T2,27.7636054421769,28.516609551184164,-0.75,2.7
1998-04-03,T2,33.1774376417234,26.812873353141917,6.36,19.2
1998-04-04,T2,17.2052154195011,14.635070358207626,2.57,14.9
1998-04-05,T2,14.9518140589569,15.836203654768841,-0.88,5.9
1998-04-06,T2,18.3248299319728,13.164512198093602,5.16,28.2
1998-04-07,T2,19.5861678004535,17.57998921310213,2.01,10.3
1998-04-08,T2,28.6989795918367,20.978753463488303,7.72,26.9
1998-04-09,T2,22.859977324263,30.62479036133141,-7.76,33.9
1998-04-10,T2,27.6360544217687,26.850398992393664,0.79,2.9
1998-04-11,T2,13.1944444444444,15.255057258984605,-2.06,15.6
1998-04-12,T2,13.5062358276644,14.291252287756024,-0.79,5.8
1998-04-13,T2,13.9172335600907,13.430316322244966,0.49,3.5
1998-04-14,T2,17.3469387755102,16.69743422680297,0.65,3.7
1998-04-15,T2,18.1689342403628,23.2728317513557,-5.1,28.1
1998-04-16,T2,26.7857142857143,25.38150347790637,1.4,5.2
1998-04-17,T2,26.0062358276644,25.4269410319699,0.58,2.2
1998-04-18,T2,13.6763038548753,14.14991025325632,-0.47,3.4
1998-04-19,T2,12.3299319727891,14.0915249070897,-1.76,14.3
1998-04-20,T2,15.4478458049887,13.154814140970288,2.29,14.8
1998-04-21,T2,15.3486394557823,16.83187825426068,-1.48,9.6
1998-04-22,T2,20.8616780045351,20.3682125272252,0.49,2.3
1998-04-23,T2,31.2074829931973,28.31966397049918,2.89,9.3
1998-04-24,T2,9.31122448979592,27.624088242338466,-18.31,196.6
1998-04-25,T2,11.437074829932,10.357890609124016,1.08,9.4
1998-04-26,T2,14.6967120181406,13.730148353103324,0.97,6.6
1998-04-27,T2,14.484126984127,15.352935640332973,-0.87,6.0
1998-04-28,T2,18.8917233560091,16.960335728631975,1.93,10.2
1998-04-29,T2,21.8537414965986,23.400838650762367,-1.55,7.1
1998-04-30,T2,30.2862811791383,30.35577412334731,-0.07,0.2
1998-05-01,T2,30.6264172335601,24.201705523478868,6.42,21.0
1998-05-02,T2,13.9739229024943,14.76519749452055,-0.79,5.7
1998-05-03,T2,13.6904761904762,14.858558238329326,-1.17,8.5
1998-05-04,T2,14.5691609977324,16.51205947158801,-1.94,13.3
1998-05-05,T2,19.6570294784581,16.19189441847766,3.47,17.7
1998-05-06,T2,23.1009070294785,22.326988772623217,0.77,3.3
1998-05-07,T2,27.749433106576,28.605702620959462,-0.86,3.1
1998-05-08,T2,34.6655328798186,25.89542500761659,8.77,25.3
1998-05-09,T2,13.9880952380952,14.366083983883609,-0.38,2.7
1998-05-10,T2,13.874716553288,14.314915499704254,-0.44,3.2
1998-05-11,T2,16.3265306122449,13.391864960291057,2.93,17.9
1998-05-12,T2,17.4886621315193,17.203667765663198,0.28,1.6
1998-05-13,T2,20.6632653061224,21.5986261581107,-0.94,4.5
1998-05-14,T2,27.0975056689342,28.77158045632032,-1.67,6.2
1998-05-15,T2,32.171201814059,28.70300518564638,3.47,10.8
1998-05-16,T2,13.6763038548753,15.156250041813053,-1.48,10.8
1998-05-17,T2,16.3690476190476,14.482639911635099,1.89,11.5
1998-03-18,T20,17.1060090702948,16.692929426019745,0.41,2.4
1998-03-19,T20,23.3418367346939,22.122639835750974,1.22,5.2
1998-03-20,T20,24.546485260771,21.324213147335975,3.22,13.1
1998-03-21,T20,15.4620181405896,13.727223602637551,1.73,11.2
1998-03-22,T20,13.3645124716553,15.448503542168194,-2.08,15.6
1998-03-23,T20,9.86394557823129,11.554334426925733,-1.69,17.1
1998-03-24,T20,15.1927437641723,13.692825283913354,1.5,9.9
1998-03-25,T20,19.7704081632653,19.605613271961676,0.16,0.8
1998-03-26,T20,24.3339002267574,25.36975352427296,-1.04,4.3
1998-03-27,T20,35.5725623582766,23.59851693956045,11.97,33.6
1998-03-28,T20,24.1496598639456,16.177844379934797,7.97,33.0
1998-03-29,T20,16.3690476190476,18.524098866197498,-2.16,13.2
1998-03-30,T20,14.4274376417234,14.82322813745262,-0.4,2.8
1998-03-31,T20,15.4336734693878,16.632198554440436,-1.2,7.8
1998-04-01,T20,18.452380952381,18.681147983153654,-0.23,1.2
1998-04-02,T20,26.672335600907,23.256014588960557,3.42,12.8
1998-04-03,T20,25.5527210884354,25.140855974480015,0.41,1.6
1998-04-04,T20,11.7630385487528,15.270273705034262,-3.51,29.8
1998-04-05,T20,16.6950113378685,16.390837761539718,0.3,1.8
1998-04-06,T20,13.8038548752834,12.528675318977877,1.28,9.3
1998-04-07,T20,17.8854875283447,14.090431100870898,3.8,21.2
1998-04-08,T20,24.3622448979592,18.618795198904802,5.74,23.6
1998-04-09,T20,15.9863945578231,26.388725980080192,-10.4,65.1
1998-04-10,T20,24.1213151927438,21.001319927370794,3.12,12.9
1998-04-11,T20,16.0714285714286,13.632109320317054,2.44,15.2
1998-04-12,T20,12.9109977324263,15.475217635529587,-2.56,19.8
1998-04-13,T20,19.0759637188209,12.098867214069852,6.98,36.6
1998-04-14,T20,18.8917233560091,17.058669741257596,1.83,9.7
1998-04-15,T20,20.4081632653061,21.649837475439075,-1.24,6.1
1998-04-16,T20,23.1575963718821,22.776404115447793,0.38,1.6
1998-04-17,T20,20.1814058956916,22.684706524805758,-2.5,12.4
1998-04-18,T20,2.36678004535147,13.932554770193585,-11.57,488.8
1998-04-19,T20,8.82936507936508,11.465165823604805,-2.64,29.9
1998-04-20,T20,13.265306122449,13.42437625057026,-0.16,1.2
1998-04-21,T20,13.2369614512472,15.788437010572238,-2.55,19.3
1998-04-22,T20,20.3231292517007,19.643025887863196,0.68,3.3
1998-04-23,T20,22.9591836734694,24.923104027979164,-1.96,8.5
1998-04-24,T20,19.359410430839,23.80639823415673,-4.45,23.0
1998-04-25,T20,12.7409297052154,11.962470651285225,0.78,6.1
1998-04-26,T20,13.9739229024943,13.304512024543696,0.67,4.8
1998-04-27,T20,14.2431972789116,14.072927296588203,0.17,1.2
1998-04-28,T20,16.9501133786848,15.592204581985897,1.36,8.0
1998-04-29,T20,22.0379818594104,21.964937626729593,0.07,0.3
1998-04-30,T20,26.1196145124717,26.280545259474543,-0.16,0.6
1998-05-01,T20,25.2834467120181,21.529067798848466,3.75,14.8
1998-05-02,T20,14.2006802721088,13.485080907339881,0.72,5.1
1998-05-03,T20,13.6196145124717,14.793718372215224,-1.17,8.6
1998-05-04,T20,17.4461451247166,15.916240642069667,1.53,8.8
1998-05-05,T20,17.9138321995465,16.416523439919118,1.5,8.4
1998-05-06,T20,17.077664399093,21.174868248994514,-4.1,24.0
1998-05-07,T20,20.8333333333333,22.58147264279895,-1.75,8.4
1998-05-08,T20,21.5561224489796,21.660360468189825,-0.1,0.5
1998-05-09,T20,16.9359410430839,12.198118665200226,4.74,28.0
1998-05-10,T20,6.90192743764172,14.762285161319129,-7.86,113.9
1998-05-11,T20,10.5725623582766,13.798078131267182,-3.23,30.6
1998-05-12,T20,16.6383219954649,14.768252650365069,1.87,11.2
1998-05-13,T20,17.9280045351474,19.319713804501724,-1.39,7.8
1998-05-14,T20,24.3622448979592,23.278348394521437,1.08,4.4
1998-05-15,T20,21.2443310657596,21.514290059655703,-0.27,1.3
1998-05-16,T20,14.1581632653061,13.420591412937181,0.74,5.2
1998-05-17,T20,16.4399092970522,12.983306221993345,3.46,21.0
1998-03-18,T21,17.8004535147392,14.881450266588104,2.92,16.4
1998-03-19,T21,23.327664399093,23.690992563482748,-0.36,1.5
1998-03-20,T21,6.859410430839,24.362592058730822,-17.5,255.1
1998-03-21,T21,12.0748299319728,11.2267586462614,0.85,7.0
1998-03-22,T21,1.23299319727891,12.45719352220312,-11.22,910.0
1998-03-23,T21,12.6842403628118,9.574930014993747,3.11,24.5
1998-03-24,T21,9.76473922902494,12.757097327359283,-2.99,30.6
1998-03-25,T21,14.8242630385488,16.54129511996323,-1.72,11.6
1998-03-26,T21,22.7891156462585,24.026611063230558,-1.24,5.4
1998-03-27,T21,22.1371882086168,22.85716627553531,-0.72,3.3
1998-03-28,T21,11.6780045351474,13.78115145094852,-2.1,18.0
1998-03-29,T21,9.19784580498866,12.749768780831157,-3.55,38.6
1998-03-30,T21,11.7772108843537,13.7549414573103,-1.98,16.8
1998-03-31,T21,11.6638321995465,12.835033675027704,-1.17,10.0
1998-04-01,T21,19.3027210884354,14.815372418471537,4.49,23.3
1998-04-02,T21,26.6156462585034,23.610133027862776,3.01,11.3
1998-04-03,T21,28.5289115646259,21.950166943153633,6.58,23.1
1998-04-04,T21,15.9438775510204,14.221399955077487,1.72,10.8
1998-04-05,T21,12.0323129251701,13.841045507733895,-1.81,15.0
1998-04-06,T21,14.9659863945578,11.200137771257928,3.77,25.2
1998-04-07,T21,16.1989795918367,13.097948356517456,3.1,19.1
1998-04-08,T21,26.8990929705215,17.357335584478317,9.54,35.5
1998-04-09,T21,25.2125850340136,27.58166715033515,-2.37,9.4
1998-04-10,T21,19.8270975056689,25.11496019610258,-5.29,26.7
1998-04-11,T21,11.890589569161,12.365349291699435,-0.47,4.0
1998-04-12,T21,14.5975056689342,12.341608933921044,2.26,15.5
1998-04-13,T21,17.1626984126984,12.633247956489182,4.53,26.4
1998-04-14,T21,16.609977324263,15.134333342496568,1.48,8.9
1998-04-15,T21,18.0697278911565,21.250377725745032,-3.18,17.6
1998-04-16,T21,23.6111111111111,25.090129994349198,-1.48,6.3
1998-04-17,T21,25.5952380952381,20.87967676114311,4.72,18.4
1998-04-18,T21,13.3503401360544,13.517018770863654,-0.17,1.3
1998-04-19,T21,12.4574829931973,13.680243755157957,-1.22,9.8
1998-04-20,T21,11.9189342403628,13.533721732991555,-1.61,13.5
1998-04-21,T21,12.6984126984127,14.257290313035327,-1.56,12.3
1998-04-22,T21,16.4540816326531,18.209437529638127,-1.76,10.7
1998-04-23,T21,25.1984126984127,24.49378517505359,0.7,2.8
1998-04-24,T21,9.59467120181406,24.36986750896085,-14.78,154.0
1998-04-25,T21,9.08446712018141,10.375875329754676,-1.29,14.2
1998-04-26,T21,12.6417233560091,12.259793070701647,0.38,3.0
1998-04-27,T21,14.2431972789116,12.662541108343923,1.58,11.1
1998-04-28,T21,13.9030612244898,14.442637471798193,-0.54,3.9
1998-04-29,T21,22.7607709750567,19.077458047710437,3.68,16.2
1998-04-30,T21,27.5368480725624,28.230380802995985,-0.69,2.5
1998-05-01,T21,27.2959183673469,21.617781498583632,5.68,20.8
1998-05-02,T21,15.3202947845805,13.434235875016043,1.89,12.3
1998-05-03,T21,17.1343537414966,14.806429046948526,2.33,13.6
1998-05-04,T21,14.7675736961451,16.526813701098817,-1.76,11.9
1998-05-05,T21,15.2210884353741,14.795061778658699,0.43,2.8
1998-05-06,T21,14.9234693877551,20.368278946035666,-5.44,36.5
1998-05-07,T21,18.6224489795918,23.402069660030815,-4.78,25.7
1998-05-08,T21,24.6173469387755,21.459527741039924,3.16,12.8
1998-05-09,T21,13.3928571428571,13.370515991238236,0.02,0.1
1998-05-10,T21,12.797619047619,14.139670426294385,-1.34,10.5
1998-05-11,T21,12.6133786848073,12.638054109039933,-0.02,0.2
1998-05-12,T21,16.4399092970522,13.913147034707254,2.53,15.4
1998-05-13,T21,16.1989795918367,17.767906175757247,-1.57,9.7
1998-05-14,T21,30.6264172335601,22.37672562884816,8.25,26.9
1998-05-15,T21,25.4251700680272,23.77198361704939,1.65,6.5
1998-05-16,T21,12.5425170068027,13.69615562095062,-1.15,9.2
1998-05-17,T21,13.9314058956916,13.672650544711306,0.26,1.9
1998-03-18,T22,21.797052154195,18.6228125717388,3.17,14.5
1998-03-19,T22,29.1524943310658,27.2278736539587,1.92,6.6
1998-03-20,T22,26.1054421768707,23.790585743664572,2.31,8.8
1998-03-21,T22,14.0731292517007,12.879709230912106,1.19,8.5
1998-03-22,T22,13.0810657596372,15.075906771047446,-1.99,15.2
1998-03-23,T22,12.6275510204082,12.86726523698513,-0.24,1.9
1998-03-24,T22,13.6054421768707,13.335106605166558,0.27,2.0
1998-03-25,T22,20.0963718820862,21.363642079782178,-1.27,6.3
1998-03-26,T22,27.3809523809524,29.907605380079048,-2.53,9.2
1998-03-27,T22,26.6298185941043,26.150106260413335,0.48,1.8
1998-03-28,T22,13.4353741496599,13.801193292632956,-0.37,2.8
1998-03-29,T22,16.3973922902494,15.033706300168683,1.36,8.3
1998-03-30,T22,18.3390022675737,14.988990242274989,3.35,18.3
1998-03-31,T22,13.6904761904762,16.266056804650514,-2.58,18.8
1998-04-01,T22,23.2993197278912,19.420579726444814,3.88,16.7
1998-04-02,T22,29.6626984126984,27.735481476980507,1.93,6.5
1998-04-03,T22,23.7670068027211,24.551846661523182,-0.78,3.3
1998-04-04,T22,12.4291383219955,12.534382686513135,-0.11,0.9
1998-04-05,T22,18.4948979591837,16.209180442437592,2.29,12.4
1998-04-06,T22,17.984693877551,14.351052240706448,3.63,20.2
1998-04-07,T22,17.2902494331066,14.702800271082538,2.59,15.0
1998-04-08,T22,21.5419501133787,21.384962587723383,0.16,0.7
1998-04-09,T22,18.0272108843537,27.97134889555076,-9.94,55.1
1998-04-10,T22,23.7953514739229,21.9837058252918,1.81,7.6
1998-04-11,T22,12.6275510204082,12.40051434211131,0.23,1.8
1998-04-12,T22,12.202380952381,15.392919463237666,-3.19,26.1
1998-04-13,T22,15.547052154195,13.118587103548164,2.43,15.6
1998-04-14,T22,14.2573696145125,15.357253796405306,-1.1,7.7
1998-04-15,T22,19.7420634920635,20.780834412575842,-1.04,5.3
1998-04-16,T22,26.9274376417234,24.77849236793093,2.15,8.0
1998-04-17,T22,20.7766439909297,23.00028184410332,-2.22,10.7
1998-04-18,T22,13.5062358276644,11.746221744173615,1.76,13.0
1998-04-19,T22,13.9172335600907,13.992077870302577,-0.07,0.5
1998-04-20,T22,12.9251700680272,14.04683577846567,-1.12,8.7
1998-04-21,T22,13.6479591836735,13.941279193264517,-0.29,2.1
1998-04-22,T22,22.7607709750567,20.42564634198364,2.34,10.3
1998-04-23,T22,26.3321995464853,28.18158754182949,-1.85,7.0
1998-04-24,T22,22.4206349206349,23.049851880302004,-0.63,2.8
1998-04-25,T22,12.6275510204082,12.90400854595139,-0.28,2.2
1998-04-26,T22,15.5612244897959,14.940923703092995,0.62,4.0
1998-04-27,T22,14.4557823129252,14.55559996062756,-0.1,0.7
1998-04-28,T22,17.219387755102,15.265986392118986,1.95,11.3
1998-04-29,T22,24.5890022675737,23.17643051269548,1.41,5.7
1998-04-30,T22,30.7823129251701,29.205398608213663,1.58,5.1
1998-05-01,T22,26.2471655328798,23.21781692550383,3.03,11.5
1998-05-02,T22,14.8526077097506,13.749319056236597,1.1,7.4
1998-05-03,T22,12.81179138322,15.68821784178647,-2.88,22.5
1998-05-04,T22,19.6853741496599,16.038446276694856,3.65,18.5
1998-05-05,T22,16.1139455782313,16.97983413595642,-0.87,5.4
1998-05-06,T22,21.9104308390023,21.675449426955822,0.23,1.0
1998-05-07,T22,27.749433106576,26.991943181968512,0.76,2.7
1998-05-08,T22,24.6173469387755,23.62460942263262,0.99,4.0
1998-05-09,T22,11.6213151927438,12.979409827600662,-1.36,11.7
1998-05-10,T22,14.4416099773243,14.198193304996671,0.24,1.7
1998-05-11,T22,10.9977324263039,13.981719225035967,-2.98,27.1
1998-05-12,T22,14.1581632653061,14.120402816073648,0.04,0.3
1998-05-13,T22,25.2834467120181,21.275558148373364,4.01,15.9
1998-05-14,T22,31.1366213151927,29.68709442369788,1.45,4.7
1998-05-15,T22,24.3339002267574,23.6946778006087,0.64,2.6
1998-05-16,T22,14.0731292517007,12.728998933155324,1.34,9.5
1998-05-17,T22,12.8684807256236,14.554020132194042,-1.69,13.1
1998-03-18,T23,12.6906891109942,13.9476404831818,-1.26,9.9
1998-03-19,T23,11.2309310889006,19.2436890862682,-8.01,71.3
1998-03-20,T23,20.1078379800105,15.101804111785995,5.01,24.9
1998-03-21,T23,3.69542346133614,6.407110676305669,-2.71,73.3
1998-03-22,T23,7.140978432404,6.748483102839186,0.39,5.5
1998-03-23,T23,5.94423987375066,7.176327315628385,-1.23,20.7
1998-03-24,T23,11.3624408206207,8.97612347354982,2.39,21.0
1998-03-25,T23,15.5839032088375,14.42626973733057,1.16,7.4
1998-03-26,T23,21.3440294581799,18.896720650829643,2.45,11.5
1998-03-27,T23,16.7806417674908,20.176718196308926,-3.4,20.3
1998-03-28,T23,4.05049973698054,5.5342413686268905,-1.48,36.5
1998-03-29,T23,7.82482903734876,7.800266813852801,0.02,0.3
1998-03-30,T23,7.87743293003682,8.287282265292633,-0.41,5.2
1998-03-31,T23,11.4150447133088,11.137517753218688,0.28,2.5
1998-04-01,T23,15.215675960021,14.199191289171985,1.02,6.7
1998-04-02,T23,20.6207259337191,19.814816271243913,0.81,3.9
1998-04-03,T23,17.9905312993162,17.292330093994597,0.7,3.9
1998-04-04,T23,3.26144134665965,5.822467533418468,-2.56,78.5
1998-04-05,T23,7.53550762756444,8.512970614784047,-0.98,13.0
1998-04-06,T23,7.78537611783272,7.381240547028668,0.4,5.1
1998-04-07,T23,11.5465544450289,9.781679310522168,1.76,15.2
1998-04-08,T23,17.0436612309311,14.09960730523758,2.94,17.2
1998-04-09,T23,17.6617569700158,20.129784429739832,-2.47,14.0
1998-04-10,T23,15.5839032088375,18.495539769238583,-2.91,18.7
1998-04-11,T23,2.93266701735928,4.985796579317326,-2.05,69.9
1998-04-12,T23,3.91899000526039,7.780288001617583,-3.86,98.5
1998-04-13,T23,8.20620725933719,6.993387130605437,1.21,14.7
1998-04-14,T23,8.74539715938979,10.386598087748705,-1.64,18.8
1998-04-15,T23,14.1109942135718,14.150133435309662,-0.04,0.3
1998-04-16,T23,21.0284061020516,18.217593650745435,2.81,13.4
1998-04-17,T23,18.0036822724882,17.26434907455685,0.74,4.1
1998-04-18,T23,1.76223040504997,5.646008190818801,-3.88,220.2
1998-04-19,T23,6.86480799579169,6.618324495463072,0.25,3.6
1998-04-20,T23,6.37822198842714,7.688640598889326,-1.31,20.5
1998-04-21,T23,9.71856917411889,8.772680880755377,0.95,9.8
1998-04-22,T23,12.8090478695423,14.058859188886103,-1.25,9.8
1998-04-23,T23,21.2519726459758,19.822120139431185,1.43,6.7
1998-04-24,T23,2.19621251972646,18.348188311171967,-16.15,735.4
1998-04-25,T23,2.95896896370331,3.705433004100723,-0.75,25.3
1998-04-26,T23,8.56128353498159,7.581009148532579,0.98,11.4
1998-04-27,T23,6.07574960547081,8.056858228189151,-1.98,32.6
1998-04-28,T23,11.1914781693845,9.423381430492404,1.77,15.8
1998-04-29,T23,14.3477117306681,14.59777877692131,-0.25,1.7
1998-04-30,T23,23.17201472909,21.590685670308424,1.58,6.8
1998-05-01,T23,19.621251972646,17.90197451335095,1.72,8.8
1998-05-02,T23,7.96948974224093,6.3720719701329775,1.6,20.1
1998-05-03,T23,8.95581273014203,9.595425581412032,-0.64,7.1
1998-05-04,T23,9.33719095213046,9.897480531107732,-0.56,6.0
1998-05-05,T23,9.13992635455024,10.377535282715867,-1.24,13.6
1998-05-06,T23,15.189374013677,13.263118660967788,1.93,12.7
1998-05-07,T23,25.0,20.648690773291676,4.35,17.4
1998-05-08,T23,20.4629142556549,18.181399520348414,2.28,11.1
1998-05-09,T23,4.41872698579695,7.302375905897424,-2.88,65.2
1998-05-10,T23,7.36454497632825,8.817727018462065,-1.45,19.7
1998-05-11,T23,7.07522356654392,8.211591179344119,-1.14,16.1
1998-05-12,T23,9.95528669121515,9.127131399772214,0.83,8.3
1998-05-13,T23,15.0973172014729,13.770549958245146,1.33,8.8
1998-05-14,T23,22.7117306680694,22.513144099465787,0.2,0.9
1998-05-15,T23,19.4502893214098,18.689695998947343,0.76,3.9
1998-05-16,T23,5.26038926880589,6.54402718097033,-1.28,24.3
1998-05-17,T23,9.65281430825881,8.426580236696216,1.23,12.7
1998-03-18,T24,33.6734693877551,28.773604321985417,4.9,14.6
1998-03-19,T24,43.3248299319728,42.75470525769937,0.57,1.3
1998-03-20,T24,45.8333333333333,41.10387301800475,4.73,10.3
1998-03-21,T24,21.3010204081633,26.090997440075988,-4.79,22.5
1998-03-22,T24,20.9467120181406,24.863177636734164,-3.92,18.7
1998-03-23,T24,20.8758503401361,22.430063952787776,-1.55,7.4
1998-03-24,T24,26.8565759637188,25.175029050517978,1.68,6.3
1998-03-25,T24,29.9036281179138,35.196311794928434,-5.29,17.7
1998-03-26,T24,54.0391156462585,44.483419527419386,9.56,17.7
1998-03-27,T24,48.5969387755102,44.68642019508859,3.91,8.0
1998-03-28,T24,17.828798185941,26.502331812160683,-8.67,48.6
1998-03-29,T24,21.343537414966,24.90555785393167,-3.56,16.7
1998-03-30,T24,23.6111111111111,24.772862622262235,-1.16,4.9
1998-03-31,T24,25.1417233560091,28.149320789188245,-3.01,12.0
1998-04-01,T24,19.1893424036281,28.942713655586548,-9.75,50.8
1998-04-02,T24,41.2556689342404,37.31226262952691,3.94,9.6
1998-04-03,T24,40.3344671201814,40.23963964776375,0.09,0.2
1998-04-04,T24,14.781746031746,22.008904585808374,-7.23,48.9
1998-04-05,T24,23.7528344671202,22.398775547737007,1.35,5.7
1998-04-06,T24,18.59410430839,20.609618178966066,-2.02,10.9
1998-04-07,T24,21.9246031746032,22.255681515826755,-0.33,1.5
1998-04-08,T24,35.3032879818594,24.500211638903927,10.8,30.6
1998-04-09,T24,43.8917233560091,43.51755069522646,0.37,0.8
1998-04-10,T24,49.7590702947846,42.02931909637087,7.73,15.5
1998-04-11,T24,20.124716553288,21.30710622818124,-1.18,5.9
1998-04-12,T24,27.7069160997732,21.897331792517228,5.81,21.0
1998-04-13,T24,30.1162131519274,21.45474036932321,8.66,28.8
1998-04-14,T24,32.312925170068,25.842433161968177,6.47,20.0
1998-04-15,T24,30.9240362811791,34.73800996369542,-3.81,12.3
1998-04-16,T24,36.3945578231293,43.39651763643221,-7.0,19.2
1998-04-17,T24,37.1740362811791,38.135532514731274,-0.96,2.6
1998-04-18,T24,10.062358276644,20.88642460667186,-10.82,107.5
1998-04-19,T24,15.3202947845805,19.927881163845704,-4.61,30.1
1998-04-20,T24,20.3089569160998,20.46210116878231,-0.15,0.7
1998-04-21,T24,18.0413832199547,26.355065942606757,-8.31,46.1
1998-04-22,T24,35.7426303854875,29.19635449871211,6.55,18.3
1998-04-23,T24,40.7879818594104,44.151403284705346,-3.36,8.2
1998-04-24,T24,4.66269841269841,37.91256274995861,-33.25,713.1
1998-04-25,T24,0.0,12.172261358984562,-12.17,1217.0
1998-04-26,T24,17.6020408163265,13.185838016431738,4.42,25.1
1998-04-27,T24,21.4002267573696,20.71314063959785,0.69,3.2
1998-04-28,T24,23.2851473922902,23.656000598038677,-0.37,1.6
1998-04-29,T24,34.452947845805,33.40426348737762,1.05,3.0
1998-04-30,T24,42.4461451247166,43.700308692562665,-1.25,2.9
1998-05-01,T24,46.2443310657596,33.01569789580911,13.23,28.6
1998-05-02,T24,14.937641723356,20.59630071305924,-5.66,37.9
1998-05-03,T24,23.0442176870748,19.45691423014676,3.59,15.6
1998-05-04,T24,20.1388888888889,23.604145062271954,-3.47,17.2
1998-05-05,T24,21.9104308390023,21.377225849168333,0.53,2.4
1998-05-06,T24,24.8157596371882,32.20057770971036,-7.38,29.7
1998-05-07,T24,37.4433106575964,38.35047053920336,-0.91,2.4
1998-05-08,T24,41.7517006802721,35.79106463482945,5.96,14.3
1998-05-09,T24,12.6417233560091,16.861931971866053,-4.22,33.4
1998-05-10,T24,20.7766439909297,20.582842655734893,0.19,0.9
1998-05-11,T24,18.9909297052154,19.32088263532287,-0.33,1.7
1998-05-12,T24,21.1167800453515,21.04829623852449,0.07,0.3
1998-05-13,T24,30.2862811791383,27.778135982498938,2.51,8.3
1998-05-14,T24,40.9013605442177,40.30938775110329,0.59,1.4
1998-05-15,T24,35.0340136054422,37.63915989058263,-2.61,7.4
1998-05-16,T24,6.71768707482993,12.944544921854437,-6.23,92.7
1998-05-17,T24,17.4744897959184,17.808556852569538,-0.33,1.9
1998-03-18,T25,20.7766439909297,20.04883237665575,0.73,3.5
1998-03-19,T25,32.7239229024943,31.105951742622807,1.62,5.0
1998-03-20,T25,29.2091836734694,27.701999965467994,1.51,5.2
1998-03-21,T25,20.3231292517007,17.731366275507636,2.59,12.7
1998-03-22,T25,18.0272108843537,21.565464122284297,-3.54,19.6
1998-03-23,T25,11.4087301587302,15.212489765827403,-3.8,33.3
1998-03-24,T25,14.5549886621315,15.63055601659071,-1.08,7.4
1998-03-25,T25,22.9450113378685,22.052334029371686,0.89,3.9
1998-03-26,T25,30.3571428571429,35.09410320053372,-4.74,15.6
1998-03-27,T25,30.1303854875283,27.60856562331809,2.52,8.4
1998-03-28,T25,15.9580498866213,17.868113259710153,-1.91,12.0
1998-03-29,T25,15.0651927437642,18.79661866853981,-3.73,24.8
1998-03-30,T25,19.6145124716553,15.169991330068978,4.44,22.6
1998-03-31,T25,21.2585034013605,17.970538339810055,3.29,15.5
1998-04-01,T25,22.5481859410431,22.883372088396683,-0.34,1.5
1998-04-02,T25,28.3163265306122,30.454159074959072,-2.14,7.6
1998-04-03,T25,32.468820861678,25.512421460134725,6.96,21.4
1998-04-04,T25,16.5391156462585,17.139667745817157,-0.6,3.6
1998-04-05,T25,17.0209750566893,18.645893780341044,-1.62,9.5
1998-04-06,T25,15.3769841269841,14.52707825904402,0.85,5.5
1998-04-07,T25,16.2698412698413,16.53838854336335,-0.27,1.7
1998-04-08,T25,32.8514739229025,20.55875553085763,12.29,37.4
1998-04-09,T25,24.7732426303855,32.18555975456145,-7.41,29.9
1998-04-10,T25,21.5419501133787,27.222761141229363,-5.68,26.4
1998-04-11,T25,16.5107709750567,14.747623701483512,1.76,10.7
1998-04-12,T25,22.7607709750567,17.071999748820538,5.69,25.0
1998-04-13,T25,21.2301587301587,16.42566049993481,4.8,22.6
1998-04-14,T25,16.5249433106576,18.025224298261474,-1.5,9.1
1998-04-15,T25,22.9875283446712,24.074633240220553,-1.09,4.7
1998-04-16,T25,28.6706349206349,29.11808286863635,-0.45,1.6
1998-04-17,T25,29.7760770975057,24.752658347308753,5.02,16.9
1998-04-18,T25,13.265306122449,16.426114531078813,-3.16,23.8
1998-04-19,T25,16.3690476190476,17.279873940011395,-0.91,5.6
1998-04-20,T25,14.2290249433107,16.186602225311056,-1.96,13.8
1998-04-21,T25,16.2414965986395,16.037145318106393,0.2,1.2
1998-04-22,T25,22.2647392290249,23.557032252644333,-1.29,5.8
1998-04-23,T25,33.0357142857143,30.26245609474539,2.77,8.4
1998-04-24,T25,11.1678004535147,28.617325191380505,-17.45,156.3
1998-04-25,T25,12.0890022675737,10.890342254931358,1.2,9.9
1998-04-26,T25,14.030612244898,15.304512195199287,-1.27,9.1
1998-04-27,T25,15.9438775510204,15.147639179287998,0.8,5.0
1998-04-28,T25,17.2760770975057,17.369886220569686,-0.09,0.5
1998-04-29,T25,25.1984126984127,24.324961516475184,0.87,3.5
1998-04-30,T25,33.8151927437642,33.26991995713048,0.55,1.6
1998-05-01,T25,30.0028344671202,24.253321643067373,5.75,19.2
1998-05-02,T25,18.9342403628118,15.312008011130496,3.62,19.1
1998-05-03,T25,2.77777777777778,17.320709582478067,-14.54,523.4
1998-05-04,T25,13.7613378684807,15.295876908329667,-1.53,11.1
1998-05-05,T25,13.9314058956916,15.964641315192281,-2.03,14.6
1998-05-06,T25,19.1326530612245,22.599345645484835,-3.47,18.1
1998-05-07,T25,33.1207482993197,27.768375004839108,5.35,16.2
1998-05-08,T25,25.1417233560091,25.79032736060905,-0.65,2.6
1998-05-09,T25,16.0856009070295,14.144214829490728,1.94,12.1
1998-05-10,T25,16.468253968254,15.846891380109222,0.62,3.8
1998-05-11,T25,17.828798185941,14.143939495405599,3.68,20.6
1998-05-12,T25,15.5895691609977,16.129896176757633,-0.54,3.5
1998-05-13,T25,22.6757369614512,20.80543592764899,1.87,8.2
1998-05-14,T25,32.624716553288,32.14301632653004,0.48,1.5
1998-05-15,T25,32.1286848072562,25.20874908260847,6.92,21.5
1998-05-16,T25,6.25,16.104395252027565,-9.85,157.6
1998-05-17,T25,18.4098639455782,13.93745042079971,4.47,24.3
1998-03-18,T26,16.8990005260389,17.71508211449867,-0.82,4.9
1998-03-19,T26,28.0773277222514,23.657498508493624,4.42,15.7
1998-03-20,T26,35.3761178327196,27.97360865593675,7.4,20.9
1998-03-21,T26,13.9005786428196,12.728182582501011,1.17,8.4
1998-03-22,T26,14.6896370331405,14.376179881190922,0.31,2.1
1998-03-23,T26,13.7427669647554,14.035451787371795,-0.29,2.1
1998-03-24,T26,18.2009468700684,15.935071979978108,2.27,12.5
1998-03-25,T26,14.6107311941084,20.58803858185602,-5.98,40.9
1998-03-26,T26,23.9347711730668,26.22243357891795,-2.29,9.6
1998-03-27,T26,30.8916359810626,29.279336971188766,1.61,5.2
1998-03-28,T26,4.69489742240926,14.024848161704785,-9.33,198.7
1998-03-29,T26,9.27143608627038,12.730728752314814,-3.46,37.3
1998-03-30,T26,15.4260915307733,16.411166608380675,-0.99,6.4
1998-03-31,T26,14.6633350867964,17.438069809190008,-2.77,18.9
1998-04-01,T26,19.0557601262493,16.620805612718232,2.43,12.8
1998-04-02,T26,24.6580746975276,24.24809755804966,0.41,1.7
1998-04-03,T26,33.061546554445,27.031916507052788,6.03,18.2
1998-04-04,T26,13.7559179379274,10.929075803200464,2.83,20.6
1998-04-05,T26,19.0820620725934,14.280577913341473,4.8,25.2
1998-04-06,T26,16.0178853235139,14.407008138435703,1.61,10.1
1998-04-07,T26,19.8842714360863,15.16209518100706,4.72,23.7
1998-04-08,T26,26.1967385586533,19.119050948519106,7.08,27.0
1998-04-09,T26,23.3429773803261,27.45660996781663,-4.11,17.6
1998-04-10,T26,29.8527091004734,27.823433304053808,2.03,6.8
1998-04-11,T26,10.8232509205681,12.334641467530156,-1.51,14.0
1998-04-12,T26,14.7553918990005,15.224884335690843,-0.47,3.2
1998-04-13,T26,18.5034192530247,13.77069292914712,4.73,25.6
1998-04-14,T26,19.5028932140978,18.10910627793543,1.39,7.1
1998-04-15,T26,18.1220410310363,22.552921103940946,-4.43,24.4
1998-04-16,T26,21.9095213045765,24.973109513533483,-3.06,14.0
1998-04-17,T26,30.9310889005786,26.884426740001707,4.05,13.1
1998-04-18,T26,12.1646501841136,12.598825935048797,-0.43,3.5
1998-04-19,T26,13.7033140452393,14.76296097544785,-1.06,7.7
1998-04-20,T26,13.1246712256707,14.92160707744289,-1.8,13.7
1998-04-21,T26,12.9668595476065,16.954784907356213,-3.99,30.8
1998-04-22,T26,18.2535507627564,18.389722282873386,-0.14,0.8
1998-04-23,T26,25.5523408732246,24.422588398715924,1.13,4.4
1998-04-24,T26,5.26038926880589,29.351403350110242,-24.09,458.0
1998-04-25,T26,8.07469752761704,9.192943601335584,-1.12,13.9
1998-04-26,T26,14.1241451867438,12.703001881982814,1.42,10.1
1998-04-27,T26,14.1899000526039,14.084854252952914,0.11,0.8
1998-04-28,T26,16.7674907943188,15.274343505556685,1.49,8.9
1998-04-29,T26,22.356654392425,20.83627109057502,1.52,6.8
1998-04-30,T26,28.9847448711205,27.18941620158386,1.8,6.2
1998-05-01,T26,29.7343503419253,25.461333707023748,4.27,14.4
1998-05-02,T26,16.2151499210942,11.355895362994259,4.86,30.0
1998-05-03,T26,17.7538137822199,15.999731620768433,1.75,9.9
1998-05-04,T26,17.7275118358759,16.947896217028255,0.78,4.4
1998-05-05,T26,13.7427669647554,16.853724563588003,-3.11,22.6
1998-05-06,T26,18.5428721725408,20.08153836656087,-1.54,8.3
1998-05-07,T26,24.8947922146239,25.05718001130907,-0.16,0.6
1998-05-08,T26,29.6028406102052,26.80425630542819,2.8,9.5
1998-05-09,T26,11.0994213571804,13.154264096647605,-2.05,18.5
1998-05-10,T26,13.5455023671752,15.318736371481526,-1.77,13.1
1998-05-11,T26,14.6896370331405,13.95648510843478,0.73,5.0
1998-05-12,T26,15.8600736454498,14.983461047110342,0.88,5.5
1998-05-13,T26,16.1362440820621,18.97038199986898,-2.83,17.5
1998-05-14,T26,25.6312467122567,24.51219088971836,1.12,4.4
1998-05-15,T26,30.2735402419779,27.048137851244324,3.23,10.7
1998-05-16,T26,13.9400315623356,12.709458417512433,1.23,8.8
1998-05-17,T26,13.9926354550237,14.489676537295137,-0.5,3.6
1998-03-18,T27,5.05952380952381,6.335997205920561,-1.28,25.3
1998-03-19,T27,10.6150793650794,10.058176237451661,0.56,5.3
1998-03-20,T27,11.5362811791383,9.861936305622121,1.67,14.5
1998-03-21,T27,7.51133786848073,6.508702591491999,1.0,13.3
1998-03-22,T27,4.45011337868481,6.602567073752198,-2.15,48.3
1998-03-23,T27,4.10997732426304,4.452387611299651,-0.34,8.3
1998-03-24,T27,5.47052154195011,4.890012706608498,0.58,10.6
1998-03-25,T27,5.25793650793651,7.185606636255079,-1.93,36.7
1998-03-26,T27,12.4574829931973,10.599339079470775,1.86,14.9
1998-03-27,T27,10.8134920634921,11.758796047964628,-0.95,8.8
1998-03-28,T27,5.38548752834467,6.936278937522584,-1.55,28.8
1998-03-29,T27,8.37585034013605,5.588373219680095,2.79,33.3
1998-03-30,T27,5.51303854875283,7.0540478695551805,-1.54,27.9
1998-03-31,T27,5.32879818594104,6.177719774244714,-0.85,16.0
1998-04-01,T27,7.68140589569161,6.684144969505789,1.0,13.0
1998-04-02,T27,9.2828798185941,11.34565275093434,-2.06,22.2
1998-04-03,T27,11.1536281179138,10.250665456312639,0.9,8.1
1998-04-04,T27,6.12244897959184,6.139718188785199,-0.02,0.3
1998-04-05,T27,6.95861678004535,7.858778202917539,-0.9,12.9
1998-04-06,T27,6.88775510204082,5.482817150844019,1.4,20.3
1998-04-07,T27,6.81689342403628,6.147172221908031,0.67,9.8
1998-04-08,T27,11.9756235827664,7.794308194006212,4.18,34.9
1998-04-09,T27,10.062358276644,12.527685761959049,-2.47,24.5
1998-04-10,T27,15.0510204081633,12.033224517440878,3.02,20.1
1998-04-11,T27,7.42630385487528,7.1584818588193215,0.27,3.6
1998-04-12,T27,8.94274376417234,7.391938240319986,1.55,17.3
1998-04-13,T27,9.76473922902494,7.079430581742072,2.69,27.5
1998-04-14,T27,5.78231292517007,8.605253864120915,-2.82,48.8
1998-04-15,T27,8.82936507936508,9.20325871755215,-0.37,4.2
1998-04-16,T27,9.39625850340136,11.728491466941477,-2.33,24.8
1998-04-17,T27,12.0606575963719,12.053956476833184,0.01,0.1
1998-04-18,T27,6.57596371882086,6.933217923950822,-0.36,5.5
1998-04-19,T27,6.02324263038549,7.827459649311269,-1.8,29.9
1998-04-20,T27,5.21541950113379,7.082414618029336,-1.87,35.9
1998-04-21,T27,4.28004535147392,5.697611362586257,-1.42,33.2
1998-04-22,T27,6.87358276643991,7.684374897231283,-0.81,11.8
1998-04-23,T27,9.60884353741497,10.186034527082409,-0.58,6.0
1998-04-24,T27,1.96995464852608,11.506139579206167,-9.54,484.3
1998-04-25,T27,4.13832199546485,4.604552526370788,-0.47,11.4
1998-04-26,T27,5.15873015873016,5.363262936299213,-0.2,3.9
1998-04-27,T27,5.71145124716553,5.276695007433055,0.43,7.5
1998-04-28,T27,6.0515873015873,5.668198176453583,0.38,6.3
1998-04-29,T27,7.04365079365079,8.538843490469,-1.5,21.3
1998-04-30,T27,11.2103174603175,11.208283364577909,0.0,0.0
1998-05-01,T27,13.4637188208617,10.077623863360667,3.39,25.2
1998-05-02,T27,7.75226757369615,6.666477040787353,1.09,14.1
1998-05-03,T27,8.41836734693878,7.6086409199205605,0.81,9.6
1998-05-04,T27,5.45634920634921,8.870600341974498,-3.41,62.5
1998-05-05,T27,5.88151927437642,5.907605401259797,-0.03,0.5
1998-05-06,T27,6.70351473922903,7.549679576031468,-0.85,12.7
1998-05-07,T27,12.1031746031746,9.975744808750575,2.13,17.6
1998-05-08,T27,11.2670068027211,12.341452149806154,-1.07,9.5
1998-05-09,T27,5.75396825396825,6.971523914169416,-1.22,21.2
1998-05-10,T27,4.87528344671202,7.112487908767102,-2.24,45.9
1998-05-11,T27,5.21541950113379,4.7737155195228675,0.44,8.4
1998-05-12,T27,6.37755102040816,5.63901149546899,0.74,11.6
1998-05-13,T27,8.13492063492063,7.75402139360822,0.38,4.7
1998-05-14,T27,11.6780045351474,11.602948787140726,0.08,0.7
1998-05-15,T27,9.60884353741497,11.075671498934497,-1.47,15.3
1998-05-16,T27,8.2766439909297,5.932572270354868,2.34,28.3
1998-05-17,T27,6.19331065759637,7.248249212162492,-1.05,17.0
1998-03-18,T28,19.8270975056689,21.447123622738555,-1.62,8.2
1998-03-19,T28,25.2125850340136,25.156162454733213,0.06,0.2
1998-03-20,T28,24.9716553287982,23.77786033171935,1.19,4.8
1998-03-21,T28,0.240929705215419,11.171519308904546,-10.93,1093.0
1998-03-22,T28,7.2562358276644,7.749108485895059,-0.49,6.8
1998-03-23,T28,9.33956916099773,11.301044402302981,-1.96,21.0
1998-03-24,T28,12.2590702947846,13.584247515525373,-1.33,10.8
1998-03-25,T28,20.9041950113379,20.715307773605574,0.19,0.9
1998-03-26,T28,28.6848072562358,28.198002777518884,0.49,1.7
1998-03-27,T28,27.6360544217687,25.153751803817766,2.48,9.0
1998-03-28,T28,12.2448979591837,11.606652552397035,0.64,5.2
1998-03-29,T28,15.8730158730159,12.732757994224507,3.14,19.8
1998-03-30,T28,17.4036281179138,14.121660788197072,3.28,18.8
1998-03-31,T28,16.2698412698413,15.883791371897928,0.39,2.4
1998-04-01,T28,24.3764172335601,21.14563408845689,3.23,13.3
1998-04-02,T28,27.9620181405896,27.573918091840284,0.39,1.4
1998-04-03,T28,24.68820861678,24.776187184564677,-0.09,0.4
1998-04-04,T28,9.62301587301587,11.288048438024227,-1.67,17.4
1998-04-05,T28,14.030612244898,14.619519244130494,-0.59,4.2
1998-04-06,T28,12.9393424036281,12.470929792371432,0.47,3.6
1998-04-07,T28,13.421201814059,13.861654854826643,-0.44,3.3
1998-04-08,T28,29.1241496598639,20.369717886967585,8.75,30.0
1998-04-09,T28,20.1388888888889,28.989235732627307,-8.85,43.9
1998-04-10,T28,18.140589569161,22.98780238306504,-4.85,26.7
1998-04-11,T28,11.5362811791383,9.409830851780944,2.13,18.5
1998-04-12,T28,12.7692743764172,13.033048673121261,-0.26,2.0
1998-04-13,T28,13.2227891156463,11.819846844505848,1.4,10.6
1998-04-14,T28,14.328231292517,13.669605315848079,0.66,4.6
1998-04-15,T28,22.5907029478458,22.132344730553484,0.46,2.0
1998-04-16,T28,25.2834467120181,25.568005791554786,-0.28,1.1
1998-04-17,T28,31.6893424036281,21.505074186475742,10.18,32.1
1998-04-18,T28,18.7358276643991,13.169065465574075,5.57,29.7
1998-04-19,T28,16.8650793650794,15.152333732517315,1.71,10.1
1998-04-20,T28,9.94897959183673,13.4974628432985,-3.55,35.7
1998-04-21,T28,10.8418367346939,13.480584696351944,-2.64,24.4
1998-04-22,T28,19.7562358276644,20.638718118415447,-0.88,4.5
1998-04-23,T28,29.7902494331066,26.76971484572301,3.02,10.1
1998-04-24,T28,6.57596371882086,27.767876126224195,-21.19,322.2
1998-04-25,T28,5.71145124716553,10.374778343248789,-4.66,81.6
1998-04-26,T28,8.58843537414966,12.735306544896225,-4.15,48.3
1998-04-27,T28,14.4982993197279,11.939459080929977,2.56,17.7
1998-04-28,T28,12.4291383219955,13.99475562578133,-1.57,12.6
1998-04-29,T28,29.7760770975057,21.28673290107832,8.49,28.5
1998-04-30,T28,27.2959183673469,29.977274602177857,-2.68,9.8
1998-05-01,T28,23.1150793650794,21.001050337708886,2.11,9.1
1998-05-02,T28,12.7692743764172,11.316955773394891,1.45,11.4
1998-05-03,T28,12.1173469387755,13.989163167884742,-1.87,15.4
1998-05-04,T28,13.3645124716553,14.490027267539825,-1.13,8.5
1998-05-05,T28,12.3157596371882,13.48480270211353,-1.17,9.5
1998-05-06,T28,21.5986394557823,21.946598379187833,-0.35,1.6
1998-05-07,T28,24.9433106575964,25.980233226259813,-1.04,4.2
1998-05-08,T28,23.1575963718821,21.486393704193915,1.67,7.2
1998-05-09,T28,11.9047619047619,11.910117219824077,-0.01,0.1
1998-05-10,T28,11.0969387755102,13.31636078536574,-2.22,20.0
1998-05-11,T28,9.92063492063492,11.563158514758285,-1.64,16.5
1998-05-12,T28,11.9614512471655,12.274048736295256,-0.31,2.6
1998-05-13,T28,29.0249433106576,20.329532677207336,8.7,30.0
1998-05-14,T28,27.2534013605442,28.548947833819348,-1.3,4.8
1998-05-15,T28,22.1230158730159,23.181922921182288,-1.06,4.8
1998-05-16,T28,7.72392290249433,11.887502245508513,-4.16,53.9
1998-05-17,T28,8.14909297052154,12.156344058975801,-4.01,49.2
1998-03-18,T29,18.753287743293,25.92286883399889,-7.17,38.2
1998-03-19,T29,16.7375283446712,35.62563922231505,-18.89,112.9
1998-03-20,T29,48.7386621315193,25.784434626325424,22.95,47.1
1998-03-21,T29,28.812358276644,24.707791606806907,4.1,14.2
1998-03-22,T29,14.4274376417234,22.426025256106012,-8.0,55.4
1998-03-23,T29,13.0385487528345,14.638399494996333,-1.6,12.3
1998-03-24,T29,15.9863945578231,15.583727331735922,0.4,2.5
1998-03-25,T29,30.0736961451247,26.01961176690804,4.05,13.5
1998-03-26,T29,45.4506802721088,38.16213015785941,7.29,16.0
1998-03-27,T29,41.7233560090703,39.129314784194634,2.59,6.2
1998-03-28,T29,16.6950113378685,25.983145390508803,-9.29,55.6
1998-03-29,T29,7.6530612244898,18.098717723750354,-10.45,136.5
1998-03-30,T29,21.3718820861678,17.955565758960677,3.42,16.0
1998-03-31,T29,21.3577097505669,19.910575251979413,1.45,6.8
1998-04-01,T29,29.6768707482993,28.96182292287942,0.72,2.4
1998-04-02,T29,48.4977324263039,39.021357809459914,9.48,19.5
1998-04-03,T29,23.2993197278912,36.35939988932868,-13.06,56.1
1998-04-04,T29,19.9404761904762,14.464112711394202,5.48,27.5
1998-04-05,T29,17.4178004535147,17.95935205148564,-0.54,3.1
1998-04-06,T29,18.59410430839,15.355695239483955,3.24,17.4
1998-04-07,T29,21.8112244897959,18.205559122721297,3.61,16.6
1998-04-08,T29,25.609410430839,28.734997180255625,-3.13,12.2
1998-04-09,T29,35.1473922902494,38.35253508810775,-3.21,9.1
1998-04-10,T29,29.9461451247166,31.24674545915837,-1.3,4.3
1998-04-11,T29,15.8304988662132,18.395523511227122,-2.57,16.2
1998-04-12,T29,17.9988662131519,16.5641030052634,1.43,7.9
1998-04-13,T29,16.4965986394558,16.22518357123212,0.27,1.6
1998-04-14,T29,21.1451247165533,18.382927518558535,2.76,13.1
1998-04-15,T29,19.3027210884354,26.271848673394235,-6.97,36.1
1998-04-16,T29,44.0759637188209,31.770429382005283,12.31,27.9
1998-04-17,T29,30.8673469387755,30.691560242175335,0.18,0.6
1998-04-18,T29,18.3106575963719,17.807951915442764,0.5,2.7
1998-04-19,T29,14.030612244898,17.103146337555792,-3.07,21.9
1998-04-20,T29,14.484126984127,15.246900040409587,-0.76,5.2
1998-04-21,T29,14.328231292517,19.452773783834896,-5.12,35.7
1998-04-22,T29,25.6235827664399,23.082730228523,2.54,9.9
1998-04-23,T29,46.3860544217687,41.84418055042596,4.54,9.8
1998-04-24,T29,13.1660997732426,30.989539790506477,-17.82,135.3
1998-04-25,T29,0.0,13.746702545435983,-13.75,1375.0
1998-04-26,T29,10.7709750566893,9.978123596206975,0.79,7.3
1998-04-27,T29,18.4665532879819,16.314378425131924,2.15,11.6
1998-04-28,T29,19.7278911564626,19.219372747172137,0.51,2.6
1998-04-29,T29,25.765306122449,27.786901501927048,-2.02,7.8
1998-04-30,T29,50.765306122449,42.89868960042516,7.87,15.5
1998-05-01,T29,37.8259637188209,29.511225435991697,8.31,22.0
1998-05-02,T29,27.7069160997732,19.531878706083166,8.18,29.5
1998-05-03,T29,25.6802721088435,19.32485263158649,6.36,24.8
1998-05-04,T29,23.2993197278912,21.04764763735045,2.25,9.7
1998-05-05,T29,17.5028344671202,20.42378509859664,-2.92,16.7
1998-05-06,T29,28.812358276644,24.217818137611136,4.59,15.9
1998-05-07,T29,38.2936507936508,41.13599694932091,-2.84,7.4
1998-05-08,T29,36.5362811791383,31.854095914753586,4.68,12.8
1998-05-09,T29,20.0680272108844,21.328911096632122,-1.26,6.3
1998-05-10,T29,15.1927437641723,19.596904907463685,-4.4,29.0
1998-05-11,T29,17.2052154195011,16.364355101768524,0.84,4.9
1998-05-12,T29,15.5045351473923,17.76145256658705,-2.26,14.6
1998-05-13,T29,17.5736961451247,25.492242922895922,-7.92,45.1
1998-05-14,T29,45.0963718820862,36.37068761958325,8.73,19.4
1998-05-15,T29,29.9603174603175,33.226823527630266,-3.27,10.9
1998-05-16,T29,13.1802721088435,17.669310257724074,-4.49,34.1
1998-05-17,T29,13.6621315192744,15.308280054813196,-1.65,12.1
1998-03-18,T3,18.753287743293,29.896886799575014,-11.14,59.4
1998-03-19,T3,21.6836734693878,37.41071473562177,-15.73,72.5
1998-03-20,T3,35.5867346938775,26.509369346358426,9.08,25.5
1998-03-21,T3,18.6366213151927,18.798169608379446,-0.16,0.9
1998-03-22,T3,13.0952380952381,17.36583374635786,-4.27,32.6
1998-03-23,T3,10.5725623582766,14.454573666480867,-3.88,36.7
1998-03-24,T3,19.2176870748299,15.60937846478342,3.61,18.8
1998-03-25,T3,34.8214285714286,29.094674197315825,5.73,16.5
1998-03-26,T3,50.3543083900227,40.09413774051386,10.26,20.4
1998-03-27,T3,36.7063492063492,35.61086498847821,1.1,3.0
1998-03-28,T3,17.687074829932,19.71682482606301,-2.03,11.5
1998-03-29,T3,15.0651927437642,16.932414429752114,-1.87,12.4
1998-03-30,T3,17.1201814058957,15.678242731487611,1.44,8.4
1998-03-31,T3,25.5385487528345,21.496026385040118,4.04,15.8
1998-04-01,T3,33.9427437641723,32.58738441538304,1.36,4.0
1998-04-02,T3,46.499433106576,43.96667176516259,2.53,5.4
1998-04-03,T3,40.8163265306122,33.4008157261534,7.42,18.2
1998-04-04,T3,18.5515873015873,19.358744693039316,-0.81,4.4
1998-04-05,T3,11.4229024943311,17.646381889624323,-6.22,54.5
1998-04-06,T3,15.6746031746032,14.213337808787607,1.46,9.3
1998-04-07,T3,22.718253968254,19.445417792252798,3.27,14.4
1998-04-08,T3,50.0,30.749832120000733,19.25,38.5
1998-04-09,T3,37.0039682539683,44.9854548046784,-7.98,21.6
1998-04-10,T3,27.3951247165533,35.80550442113227,-8.41,30.7
1998-04-11,T3,15.5612244897959,15.56323170540929,-0.0,0.0
1998-04-12,T3,18.5515873015873,15.28410354584374,3.27,17.6
1998-04-13,T3,16.9075963718821,15.501898449786971,1.41,8.3
1998-04-14,T3,20.6632653061224,20.444834308332823,0.22,1.1
1998-04-15,T3,30.9948979591837,31.80398169912714,-0.81,2.6
1998-04-16,T3,46.7687074829932,38.58013214364634,8.19,17.5
1998-04-17,T3,34.8356009070295,30.065181783837872,4.77,13.7
1998-04-18,T3,19.1609977324263,17.607759591112256,1.55,8.1
1998-04-19,T3,16.2840136054422,17.859844737063554,-1.58,9.7
1998-04-20,T3,14.640022675737,15.50093918636236,-0.86,5.9
1998-04-21,T3,24.2772108843537,20.60610436785748,3.67,15.1
1998-04-22,T3,33.6167800453515,35.301057242871124,-1.68,5.0
1998-04-23,T3,46.8679138321996,46.7695566723596,0.1,0.2
1998-04-24,T3,9.84977324263039,34.01241614012455,-24.16,245.3
1998-04-25,T3,12.5566893424036,12.722572549984674,-0.17,1.4
1998-04-26,T3,16.1706349206349,16.276117848403405,-0.11,0.7
1998-04-27,T3,16.156462585034,15.493119714106323,0.66,4.1
1998-04-28,T3,23.2568027210884,23.47547114227266,-0.22,0.9
1998-04-29,T3,39.5408163265306,36.096330811485316,3.44,8.7
1998-04-30,T3,46.9671201814059,46.862912447887936,0.1,0.2
1998-05-01,T3,42.4603174603175,30.10334712714619,12.36,29.1
1998-05-02,T3,19.1326530612245,19.22920850393546,-0.1,0.5
1998-05-03,T3,19.203514739229,17.927539525738833,1.28,6.7
1998-05-04,T3,17.8146258503401,18.92796224748443,-1.11,6.2
1998-05-05,T3,19.968820861678,20.96290646777145,-0.99,5.0
1998-05-06,T3,31.4200680272109,33.70402786221891,-2.28,7.3
1998-05-07,T3,45.422335600907,43.39393067661749,2.03,4.5
1998-05-08,T3,38.3645124716553,35.61460722122569,2.75,7.2
1998-05-09,T3,17.9280045351474,18.64663019061331,-0.72,4.0
1998-05-10,T3,18.0413832199547,18.139923316210062,-0.1,0.6
1998-05-11,T3,16.9784580498866,15.746150094342894,1.23,7.2
1998-05-12,T3,22.2930839002268,20.34861052172926,1.94,8.7
1998-05-13,T3,36.5221088435374,32.624022429541135,3.9,10.7
1998-05-14,T3,42.7862811791383,47.049571171505164,-4.26,10.0
1998-05-15,T3,39.2715419501134,34.309464125889804,4.96,12.6
1998-05-16,T3,17.4461451247166,18.801790281977148,-1.36,7.8
1998-05-17,T3,17.1485260770975,18.12575043902619,-0.98,5.7
1998-03-18,T30,18.9342403628118,19.42806635545479,-0.49,2.6
1998-03-19,T30,28.8265306122449,33.296831985870824,-4.47,15.5
1998-03-20,T30,21.2018140589569,20.96214422889336,0.24,1.1
1998-03-21,T30,9.92063492063492,9.573050005737883,0.35,3.5
1998-03-22,T30,9.15532879818594,12.265109608389757,-3.11,34.0
1998-03-23,T30,7.82312925170068,9.062707339304886,-1.24,15.9
1998-03-24,T30,10.1615646258503,11.043558867510413,-0.88,8.7
1998-03-25,T30,17.9138321995465,19.110502399869087,-1.2,6.7
1998-03-26,T30,29.5918367346939,31.585729202739497,-1.99,6.7
1998-03-27,T30,21.2868480725624,21.8774773396976,-0.59,2.8
1998-03-28,T30,8.10657596371882,9.898607372280818,-1.79,22.1
1998-03-29,T30,13.9030612244898,11.193005596696507,2.71,19.5
1998-03-30,T30,10.9977324263039,12.291677181973931,-1.29,11.7
1998-03-31,T30,11.7630385487528,12.785002482799253,-1.02,8.7
1998-04-01,T30,19.9971655328798,19.042666841423365,0.95,4.8
1998-04-02,T30,30.5555555555556,29.95338134948735,0.6,2.0
1998-04-03,T30,23.1009070294785,21.583031173758137,1.52,6.6
1998-04-04,T30,6.54761904761905,9.681480217265092,-3.13,47.8
1998-04-05,T30,9.8781179138322,12.951414247333124,-3.07,31.1
1998-04-06,T30,11.3378684807256,9.760794107812714,1.58,13.9
1998-04-07,T30,11.5079365079365,11.541977629753333,-0.03,0.3
1998-04-08,T30,33.531746031746,18.747144227767265,14.78,44.1
1998-04-09,T30,33.4467120181406,34.60218966155169,-1.16,3.5
1998-04-10,T30,32.6672335600907,23.847551299088785,8.82,27.0
1998-04-11,T30,4.12414965986395,10.505407260978732,-6.38,154.7
1998-04-12,T30,0.0,11.531713081183398,-11.53,1153.0
1998-04-13,T30,17.4319727891156,10.724017920980573,6.71,38.5
1998-04-14,T30,15.3486394557823,13.93742909701282,1.41,9.2
1998-04-15,T30,13.9739229024943,23.0477576634483,-9.07,64.9
1998-04-16,T30,23.8662131519274,27.39408333677663,-3.53,14.8
1998-04-17,T30,25.15589569161,23.952100083212287,1.2,4.8
1998-04-18,T30,7.61054421768707,8.995550296815887,-1.39,18.3
1998-04-19,T30,7.41213151927438,10.062525727516357,-2.65,35.8
1998-04-20,T30,6.73185941043084,12.481390721183406,-5.75,85.4
1998-04-21,T30,4.32256235827664,12.75170067724585,-8.43,195.0
1998-04-22,T30,9.18367346938776,16.53035122567005,-7.35,80.0
1998-04-23,T30,26.7857142857143,23.61668129369822,3.17,11.8
1998-04-24,T30,3.8407029478458,24.890198405995374,-21.05,548.1
1998-04-25,T30,8.80102040816327,6.960125589022025,1.84,20.9
1998-04-26,T30,10.3032879818594,9.567420700242135,0.74,7.2
1998-04-27,T30,5.99489795918367,9.965285317622566,-3.97,66.2
1998-04-28,T30,11.0685941043084,8.362385769909437,2.71,24.5
1998-04-29,T30,16.6241496598639,16.54964674292203,0.07,0.4
1998-04-30,T30,30.0595238095238,28.622448337306746,1.44,4.8
1998-05-01,T30,18.0697278911565,23.60582240363879,-5.54,30.7
1998-05-02,T30,6.53344671201814,8.391394270394017,-1.86,28.5
1998-05-03,T30,5.45634920634921,9.819696332939278,-4.36,79.9
1998-05-04,T30,8.56009070294785,9.877172844598498,-1.32,15.4
1998-05-05,T30,9.0702947845805,10.999819674681364,-1.93,21.3
1998-05-06,T30,14.8526077097506,16.307837455155855,-1.46,9.8
1998-05-07,T30,26.4172335600907,26.19090118744328,0.23,0.9
1998-05-08,T30,18.59410430839,21.1973359479956,-2.6,14.0
1998-05-09,T30,6.54761904761905,7.377899526704368,-0.83,12.7
1998-05-10,T30,10.8985260770975,8.596270434319699,2.3,21.1
1998-05-11,T30,5.28628117913832,9.684545702547418,-4.4,83.2
1998-05-12,T30,12.5425170068027,9.167691615738084,3.37,26.9
1998-05-13,T30,20.1672335600907,15.190803123645102,4.98,24.7
1998-05-14,T30,30.8390022675737,27.004213349404566,3.83,12.4
1998-05-15,T30,16.9784580498866,20.086365829593305,-3.11,18.3
1998-05-16,T30,7.56802721088435,7.664737643951108,-0.1,1.3
1998-05-17,T30,9.2687074829932,10.706132486342579,-1.44,15.5
1998-03-18,T31,16.7233560090703,17.415428155562598,-0.69,4.1
1998-03-19,T31,27.4659863945578,25.166033216973595,2.3,8.4
1998-03-20,T31,30.2437641723356,26.448437623748113,3.8,12.6
1998-03-21,T31,9.80725623582766,10.290666332843541,-0.48,4.9
1998-03-22,T31,13.109410430839,13.368794992788711,-0.26,2.0
1998-03-23,T31,9.55215419501134,11.286116459634922,-1.73,18.1
1998-03-24,T31,16.1706349206349,14.984885592229844,1.19,7.4
1998-03-25,T31,17.0493197278912,19.720197138672027,-2.67,15.7
1998-03-26,T31,28.8973922902494,29.106738892458864,-0.21,0.7
1998-03-27,T31,29.719387755102,29.290104130007236,0.43,1.4
1998-03-28,T31,11.1678004535147,10.945251775706323,0.22,2.0
1998-03-29,T31,13.4920634920635,14.597424331843047,-1.11,8.2
1998-03-30,T31,14.3707482993197,13.46029000023105,0.91,6.3
1998-03-31,T31,19.968820861678,16.86386837836471,3.1,15.5
1998-04-01,T31,19.8412698412698,19.415458344934294,0.43,2.2
1998-04-02,T31,27.0833333333333,27.879276047787517,-0.8,3.0
1998-04-03,T31,26.9132653061224,26.050375594909898,0.86,3.2
1998-04-04,T31,12.3866213151927,10.836916392941209,1.55,12.5
1998-04-05,T31,11.7488662131519,15.569860251825967,-3.82,32.5
1998-04-06,T31,11.1961451247166,11.88375976003127,-0.69,6.2
1998-04-07,T31,20.0396825396825,15.177608308622322,4.86,24.3
1998-04-08,T31,26.5447845804989,19.479126958606685,7.07,26.6
1998-04-09,T31,24.8866213151927,29.184252642955514,-4.3,17.3
1998-04-10,T31,26.0770975056689,26.513346189914728,-0.44,1.7
1998-04-11,T31,7.80895691609977,11.331618013316714,-3.52,45.1
1998-04-12,T31,10.5017006802721,12.878877442874074,-2.38,22.7
1998-04-13,T31,14.7392290249433,11.285122456109251,3.45,23.4
1998-04-14,T31,15.1927437641723,17.152192293616885,-1.96,12.9
1998-04-15,T31,16.8792517006803,21.379918499632915,-4.5,26.7
1998-04-16,T31,29.3650793650794,26.05203463694581,3.31,11.3
1998-04-17,T31,24.390589569161,23.989367838462005,0.4,1.6
1998-04-18,T31,10.1757369614512,10.662278505904714,-0.49,4.8
1998-04-19,T31,13.1944444444444,12.139569335869638,1.05,8.0
1998-04-20,T31,12.1031746031746,13.031151126620088,-0.93,7.7
1998-04-21,T31,17.077664399093,15.126213701667858,1.95,11.4
1998-04-22,T31,17.1201814058957,19.71678839130444,-2.6,15.2
1998-04-23,T31,26.4597505668934,27.7924931051417,-1.33,5.0
1998-04-24,T31,7.01530612244898,24.956544599414762,-17.94,255.7
1998-04-25,T31,8.12074829931973,8.227204083082512,-0.11,1.4
1998-04-26,T31,14.0731292517007,12.57995311419603,1.49,10.6
1998-04-27,T31,10.9835600907029,12.824240633076457,-1.84,16.8
1998-04-28,T31,18.5657596371882,16.708369750605055,1.86,10.0
1998-04-29,T31,22.6332199546485,21.27546494256668,1.36,6.0
1998-04-30,T31,28.4863945578231,29.806185394986144,-1.32,4.6
1998-05-01,T31,27.9053287981859,21.620945930390047,6.28,22.5
1998-05-02,T31,11.2244897959184,10.88198871487876,0.34,3.0
1998-05-03,T31,14.2715419501134,14.227874766830436,0.04,0.3
1998-05-04,T31,16.312358276644,14.279868003127849,2.03,12.4
1998-05-05,T31,11.6780045351474,16.859854309486163,-5.18,44.4
1998-05-06,T31,17.3894557823129,19.255885308352866,-1.87,10.8
1998-05-07,T31,27.0833333333333,25.611974795683196,1.47,5.4
1998-05-08,T31,29.577664399093,23.88137002071837,5.7,19.3
1998-05-09,T31,8.03571428571429,10.898255079894625,-2.86,35.6
1998-05-10,T31,8.75850340136054,13.520434221219375,-4.76,54.3
1998-05-11,T31,13.7329931972789,12.784952320247704,0.95,6.9
1998-05-12,T31,17.3611111111111,13.849446669562818,3.51,20.2
1998-05-13,T31,18.1831065759637,18.67881455075718,-0.5,2.7
1998-05-14,T31,28.3163265306122,27.89071515306089,0.43,1.5
1998-05-15,T31,26.1479591836735,25.521656297258357,0.63,2.4
1998-05-16,T31,10.9268707482993,10.58941156413988,0.34,3.1
1998-05-17,T31,12.797619047619,12.38023239941798,0.42,3.3
1998-03-18,T32,26.9416099773243,22.89235831114943,4.05,15.0
1998-03-19,T32,31.9586167800453,32.68987499127593,-0.73,2.3
1998-03-20,T32,34.5379818594104,30.096976550102934,4.44,12.9
1998-03-21,T32,14.1865079365079,14.319263403757862,-0.13,0.9
1998-03-22,T32,16.312358276644,16.697615851010053,-0.39,2.4
1998-03-23,T32,14.6541950113379,15.602263776342555,-0.95,6.5
1998-03-24,T32,13.3928571428571,18.238624785021575,-4.85,36.2
1998-03-25,T32,24.7874149659864,24.23635097524839,0.55,2.2
1998-03-26,T32,35.671768707483,34.78132155048923,0.89,2.5
1998-03-27,T32,29.2800453514739,33.58395832368779,-4.3,14.7
1998-03-28,T32,15.3202947845805,14.190909562614944,1.13,7.4
1998-03-29,T32,17.2335600907029,17.46806775138971,-0.23,1.3
1998-03-30,T32,22.562358276644,16.778580406861966,5.78,25.6
1998-03-31,T32,9.66553287981859,19.100110059763004,-9.43,97.6
1998-04-01,T32,20.2380952380952,21.38171367923956,-1.14,5.6
1998-04-02,T32,15.0651927437642,30.077010230720603,-15.01,99.6
1998-04-03,T32,30.187074829932,24.941032788483273,5.25,17.4
1998-04-04,T32,10.7993197278912,14.435281021826114,-3.64,33.7
1998-04-05,T32,13.6763038548753,16.4550374104248,-2.78,20.3
1998-04-06,T32,14.4132653061225,13.395280006550962,1.02,7.1
1998-04-07,T32,17.5736961451247,14.139030283597531,3.43,19.5
1998-04-08,T32,28.5147392290249,21.372308470237623,7.14,25.0
1998-04-09,T32,17.1626984126984,30.958694276078887,-13.8,80.4
1998-04-10,T32,22.7465986394558,24.09303591183083,-1.35,5.9
1998-04-11,T32,9.43877551020408,11.438986710986576,-2.0,21.2
1998-04-12,T32,10.7001133786848,14.22656677549004,-3.53,33.0
1998-04-13,T32,16.7800453514739,13.68842769168648,3.09,18.4
1998-04-14,T32,15.8446712018141,16.682060212432315,-0.84,5.3
1998-04-15,T32,17.0634920634921,24.73873369359041,-7.68,45.0
1998-04-16,T32,25.6377551020408,22.84948586720859,2.79,10.9
1998-04-17,T32,22.9166666666667,24.352700100761524,-1.44,6.3
1998-04-18,T32,10.7851473922902,11.171082863468781,-0.39,3.6
1998-04-19,T32,12.1315192743764,12.989992263944561,-0.86,7.1
1998-04-20,T32,11.1678004535147,14.336848568117636,-3.17,28.4
1998-04-21,T32,12.6700680272109,14.008625173752968,-1.34,10.6
1998-04-22,T32,20.5640589569161,19.338576489592405,1.23,6.0
1998-04-23,T32,26.7715419501134,26.388066309540804,0.38,1.4
1998-04-24,T32,6.53344671201814,25.40563446254704,-18.87,288.8
1998-04-25,T32,8.2624716553288,9.650902765580259,-1.39,16.8
1998-04-26,T32,15.0085034013605,12.780505130683547,2.23,14.9
1998-04-27,T32,13.2086167800454,13.879184780582769,-0.67,5.1
1998-04-28,T32,16.1989795918367,14.55107708791751,1.65,10.2
1998-04-29,T32,26.5164399092971,22.491267701834666,4.03,15.2
1998-04-30,T32,28.1037414965986,28.30186029931688,-0.2,0.7
1998-05-01,T32,25.8503401360544,22.032755967328377,3.82,14.8
1998-05-02,T32,9.01360544217687,10.957063844276835,-1.94,21.5
1998-05-03,T32,10.6575963718821,13.920252149706641,-3.26,30.6
1998-05-04,T32,12.8401360544218,14.664975022138904,-1.82,14.2
1998-05-05,T32,10.515873015873,14.97343224844873,-4.46,42.4
1998-05-06,T32,18.7216553287982,20.050433818232737,-1.33,7.1
1998-05-07,T32,23.2851473922902,24.489509451656133,-1.2,5.2
1998-05-08,T32,37.9251700680272,21.88915366766475,16.04,42.3
1998-05-09,T32,14.9659863945578,13.59100008442984,1.37,9.2
1998-05-10,T32,15.4053287981859,13.89481474594717,1.51,9.8
1998-05-11,T32,16.1848072562358,12.945984646957834,3.24,20.0
1998-05-12,T32,13.4070294784581,14.39662021465167,-0.99,7.4
1998-05-13,T32,20.890022675737,19.092580492469423,1.8,8.6
1998-05-14,T32,27.2675736961451,26.602237968614073,0.67,2.5
1998-05-15,T32,30.7256235827664,27.390021207980542,3.34,10.9
1998-05-16,T32,10.7568027210884,13.58754137878492,-2.83,26.3
1998-05-17,T32,17.6162131519274,14.42855970691344,3.19,18.1
1998-03-18,T33,26.1054421768707,23.38195896770558,2.72,10.4
1998-03-19,T33,35.6859410430839,35.68874262690938,-0.0,0.0
1998-03-20,T33,35.4733560090703,26.033754828197797,9.44,26.6
1998-03-21,T33,12.5566893424036,13.583383636790106,-1.03,8.2
1998-03-22,T33,11.6496598639456,14.644910710998595,-3.0,25.8
1998-03-23,T33,8.82936507936508,12.669006475897833,-3.84,43.5
1998-03-24,T33,12.7834467120181,14.775757734967362,-1.99,15.6
1998-03-25,T33,24.8724489795918,24.765261697793463,0.11,0.4
1998-03-26,T33,42.077664399093,38.758752068787445,3.32,7.9
1998-03-27,T33,32.157029478458,32.20498004717956,-0.05,0.2
1998-03-28,T33,4.97448979591837,13.743302425768753,-8.77,176.3
1998-03-29,T33,10.062358276644,12.684880843091781,-2.62,26.0
1998-03-30,T33,14.5408163265306,13.407516391705979,1.13,7.8
1998-03-31,T33,16.4257369614512,15.749586741383519,0.68,4.1
1998-04-01,T33,24.092970521542,24.326863108512867,-0.23,1.0
1998-04-02,T33,37.6417233560091,35.70374568777815,1.94,5.2
1998-04-03,T33,31.7176870748299,28.82682293602673,2.89,9.1
1998-04-04,T33,14.2431972789116,11.503689878620067,2.74,19.2
1998-04-05,T33,23.1859410430839,14.7021698436082,8.48,36.6
1998-04-06,T33,16.0997732426304,14.857346585599,1.24,7.7
1998-04-07,T33,16.3832199546485,15.57085777159655,0.81,4.9
1998-04-08,T33,43.9909297052154,23.327830916216858,20.66,47.0
1998-04-09,T33,28.9399092970522,38.70775470002498,-9.77,33.8
1998-04-10,T33,26.3605442176871,29.773344565610916,-3.41,12.9
1998-04-11,T33,12.9960317460317,11.45133463784813,1.54,11.8
1998-04-12,T33,13.3786848072562,16.381146091408105,-3.0,22.4
1998-04-13,T33,17.531179138322,13.4460905030292,4.09,23.3
1998-04-14,T33,19.7987528344671,16.752753051060743,3.05,15.4
1998-04-15,T33,24.9149659863946,29.506115647727697,-4.59,18.4
1998-04-16,T33,38.1660997732426,33.5792429895115,4.59,12.0
1998-04-17,T33,37.2307256235828,27.618938272221058,9.61,25.8
1998-04-18,T33,26.374716553288,14.872043348325096,11.5,43.6
1998-04-19,T33,26.062925170068,18.55827687132679,7.5,28.8
1998-04-20,T33,2.4092970521542,18.03354712168527,-15.62,648.3
1998-04-21,T33,12.2307256235828,17.260878020729766,-5.03,41.1
1998-04-22,T33,23.4126984126984,23.81229546970214,-0.4,1.7
1998-04-23,T33,39.5124716553288,36.083501259108196,3.43,8.7
1998-04-24,T33,6.87358276643991,31.852276621197745,-24.98,363.4
1998-04-25,T33,7.38378684807256,10.104578982666553,-2.72,36.8
1998-04-26,T33,20.8191609977324,15.837109126360524,4.98,23.9
1998-04-27,T33,11.592970521542,15.857690305145656,-4.26,36.7
1998-04-28,T33,15.8021541950113,15.449468750481913,0.35,2.2
1998-04-29,T33,20.1530612244898,26.334776827816903,-6.18,30.7
1998-04-30,T33,40.6179138321996,35.240244946639365,5.38,13.2
1998-05-01,T33,36.1536281179138,28.017520975381213,8.14,22.5
1998-05-02,T33,12.1598639455782,16.963534791661786,-4.8,39.5
1998-05-03,T33,14.1581632653061,18.297075328266658,-4.14,29.2
1998-05-04,T33,15.1077097505669,15.27127811707323,-0.16,1.1
1998-05-05,T33,14.1439909297052,16.13281455935522,-1.99,14.1
1998-05-06,T33,23.5119047619048,23.079099640273995,0.43,1.8
1998-05-07,T33,33.6451247165533,35.1030865256754,-1.46,4.3
1998-05-08,T33,45.7057823129252,29.861116504939126,15.84,34.7
1998-05-09,T33,26.9557823129252,19.49462624385412,7.46,27.7
1998-05-10,T33,20.9325396825397,20.106374570640003,0.83,4.0
1998-05-11,T33,12.5425170068027,14.825189978142486,-2.28,18.2
1998-05-12,T33,13.2511337868481,15.349019953556361,-2.1,15.8
1998-05-13,T33,23.3701814058957,22.662010000275444,0.71,3.0
1998-05-14,T33,42.3185941043084,35.83938385055205,6.48,15.3
1998-05-15,T33,34.5238095238095,37.39706103046083,-2.87,8.3
1998-05-16,T33,13.2369614512472,19.53601463506503,-6.3,47.6
1998-05-17,T33,12.34410430839,18.356098132192425,-6.01,48.7
1998-03-18,T34,36.2670068027211,34.048481901256764,2.22,6.1
1998-03-19,T34,57.8373015873016,53.89603359654417,3.94,6.8
1998-03-20,T34,58.4892290249433,50.11589713611588,8.37,14.3
1998-03-21,T34,30.8673469387755,34.93734837207717,-4.07,13.2
1998-03-22,T34,25.2125850340136,27.378714189386457,-2.17,8.6
1998-03-23,T34,24.6456916099773,26.41640573502034,-1.77,7.2
1998-03-24,T34,25.7511337868481,24.2067491774572,1.54,6.0
1998-03-25,T34,37.6842403628118,39.57693669441599,-1.89,5.0
1998-03-26,T34,65.6320861678005,57.019247715463855,8.61,13.1
1998-03-27,T34,60.3316326530612,56.852935126395025,3.48,5.8
1998-03-28,T34,34.9773242630385,36.529280924902366,-1.55,4.4
1998-03-29,T34,28.1887755102041,31.013796578260077,-2.83,10.0
1998-03-30,T34,28.0753968253968,29.04481402556846,-0.97,3.5
1998-03-31,T34,24.9716553287982,31.038524980818686,-6.07,24.3
1998-04-01,T34,37.6417233560091,35.23208857392262,2.41,6.4
1998-04-02,T34,61.0969387755102,53.36410690750907,7.73,12.7
1998-04-03,T34,61.437074829932,51.94954436189798,9.49,15.4
1998-04-04,T34,30.1587301587302,36.66905611370032,-6.51,21.6
1998-04-05,T34,28.9115646258503,27.54896222812768,1.36,4.7
1998-04-06,T34,26.4597505668934,25.317309525121665,1.14,4.3
1998-04-07,T34,21.3577097505669,25.297653699766613,-3.94,18.4
1998-04-08,T34,33.6451247165533,33.02845488328023,0.62,1.8
1998-04-09,T34,46.3293650793651,51.92751511487832,-5.6,12.1
1998-04-10,T34,42.7154195011338,47.71719066603084,-5.0,11.7
1998-04-11,T34,32.5963718820862,29.360510702371577,3.24,9.9
1998-04-12,T34,27.9903628117914,27.839436334693364,0.15,0.5
1998-04-13,T34,26.7857142857143,24.82840779970523,1.96,7.3
1998-04-14,T34,32.4121315192744,23.83265632637011,8.58,26.5
1998-04-15,T34,38.2794784580499,36.78412262074387,1.5,3.9
1998-04-16,T34,56.4484126984127,52.34590143198311,4.1,7.3
1998-04-17,T34,54.5634920634921,45.00392505976767,9.56,17.5
1998-04-18,T34,28.7840136054422,35.23457412642507,-6.45,22.4
1998-04-19,T34,22.9308390022676,28.0030930785859,-5.07,22.1
1998-04-20,T34,25.0992063492063,25.259143559426306,-0.16,0.6
1998-04-21,T34,25.0141723356009,28.799683105840476,-3.79,15.2
1998-04-22,T34,38.7755102040816,37.018741818788925,1.76,4.5
1998-04-23,T34,61.8480725623583,56.310586826615484,5.54,9.0
1998-04-24,T34,20.0821995464853,51.573333337313116,-31.49,156.8
1998-04-25,T34,26.4739229024943,23.63962674952385,2.83,10.7
1998-04-26,T34,27.9195011337868,25.361176949530687,2.56,9.2
1998-04-27,T34,29.577664399093,25.997805447390057,3.58,12.1
1998-04-28,T34,31.0090702947846,28.068026715343272,2.94,9.5
1998-04-29,T34,42.5453514739229,40.627708336166606,1.92,4.5
1998-04-30,T34,67.6445578231292,59.29252867376291,8.35,12.3
1998-05-01,T34,59.4387755102041,47.83960483974544,11.6,19.5
1998-05-02,T34,35.5725623582766,34.36520876520372,1.21,3.4
1998-05-03,T34,34.4246031746032,30.901315142906643,3.52,10.2
1998-05-04,T34,21.9104308390023,30.239276790411402,-8.33,38.0
1998-05-05,T34,25.3259637188209,27.9407038126504,-2.61,10.3
1998-05-06,T34,37.4716553287982,35.407101279169886,2.06,5.5
1998-05-07,T34,60.0481859410431,52.10875974624035,7.94,13.2
1998-05-08,T34,54.5209750566893,48.352982977226915,6.17,11.3
1998-05-09,T34,28.4297052154195,35.064294159750844,-6.63,23.3
1998-05-10,T34,23.9654195011338,28.689765834085495,-4.72,19.7
1998-05-11,T34,21.9246031746032,22.659353704076256,-0.73,3.3
1998-05-12,T34,23.171768707483,26.072765069919434,-2.9,12.5
1998-05-13,T34,41.0714285714286,35.405881647277965,5.67,13.8
1998-05-14,T34,61.2670068027211,57.83159396994505,3.44,5.6
1998-05-15,T34,49.5748299319728,50.403275367413684,-0.83,1.7
1998-05-16,T34,0.0,30.835284087058316,-30.84,3084.0
1998-05-17,T34,17.6587301587302,16.343806560486616,1.31,7.4
1998-03-18,T35,24.2063492063492,20.767265484314372,3.44,14.2
1998-03-19,T35,27.2959183673469,33.76407187909475,-6.47,23.7
1998-03-20,T35,24.9149659863946,22.22056609428381,2.69,10.8
1998-03-21,T35,5.05952380952381,6.8052841065912295,-1.75,34.6
1998-03-22,T35,12.1031746031746,12.726917173503619,-0.62,5.1
1998-03-23,T35,11.5079365079365,11.39765994690564,0.11,1.0
1998-03-24,T35,14.4982993197279,15.378408218879777,-0.88,6.1
1998-03-25,T35,19.8696145124717,23.57177598610288,-3.7,18.6
1998-03-26,T35,37.8259637188209,32.45568903962787,5.37,14.2
1998-03-27,T35,30.1303854875283,26.077385021222305,4.05,13.4
1998-03-28,T35,4.22335600907029,7.738308652557175,-3.51,83.1
1998-03-29,T35,14.5975056689342,13.168590488942542,1.43,9.8
1998-03-30,T35,17.8004535147392,13.876297845618172,3.92,22.0
1998-03-31,T35,20.3373015873016,17.46895328562193,2.87,14.1
1998-04-01,T35,24.1638321995465,22.80882849864537,1.36,5.6
1998-04-02,T35,31.7176870748299,33.60252193577002,-1.88,5.9
1998-04-03,T35,28.7981859410431,25.331267170546816,3.47,12.0
1998-04-04,T35,6.97278911564626,7.572698032043244,-0.6,8.6
1998-04-05,T35,16.6524943310658,15.357483319653287,1.3,7.8
1998-04-06,T35,10.2040816326531,13.310528185099862,-3.11,30.5
1998-04-07,T35,18.8775510204082,14.938178234282177,3.94,20.9
1998-04-08,T35,36.6071428571429,22.704998597199165,13.9,38.0
1998-04-09,T35,12.6275510204082,33.250495476803536,-20.62,163.3
1998-04-10,T35,23.2709750566893,20.765163336461022,2.51,10.8
1998-04-11,T35,5.27210884353742,7.352032526610766,-2.08,39.5
1998-04-12,T35,8.81519274376417,13.802322651175807,-4.99,56.6
1998-04-13,T35,13.6337868480726,11.39225114418883,2.24,16.4
1998-04-14,T35,15.8446712018141,16.577929789307763,-0.73,4.6
1998-04-15,T35,20.6774376417234,24.886599825408712,-4.21,20.4
1998-04-16,T35,31.859410430839,25.981047960594744,5.88,18.5
1998-04-17,T35,23.2426303854875,23.337935417878295,-0.1,0.4
1998-04-18,T35,5.32879818594104,7.2734142499812116,-1.94,36.4
1998-04-19,T35,16.4257369614512,11.717529397182759,4.71,28.7
1998-04-20,T35,11.0685941043084,13.258573732358528,-2.19,19.8
1998-04-21,T35,14.4274376417234,15.347445067232293,-0.92,6.4
1998-04-22,T35,21.9246031746032,22.12566029544385,-0.2,0.9
1998-04-23,T35,35.7001133786848,32.60602263891845,3.09,8.7
1998-04-24,T35,2.4234693877551,24.95251792251738,-22.53,929.7
1998-04-25,T35,0.396825396825397,6.283911089102883,-5.89,589.0
1998-04-26,T35,10.8560090702948,9.789971165732494,1.07,9.9
1998-04-27,T35,10.7142857142857,12.468923168049827,-1.75,16.3
1998-04-28,T35,18.8633786848073,15.773079351303581,3.09,16.4
1998-04-29,T35,28.2454648526077,25.04361332555449,3.2,11.3
1998-04-30,T35,37.6984126984127,35.05994132008613,2.64,7.0
1998-05-01,T35,23.1575963718821,23.551223069899997,-0.39,1.7
1998-05-02,T35,5.69727891156463,8.38060566643983,-2.68,47.0
1998-05-03,T35,5.75396825396825,12.544376672800674,-6.79,118.0
1998-05-04,T35,12.7834467120181,12.890005120441591,-0.11,0.9
1998-05-05,T35,15.3061224489796,16.085731954004768,-0.78,5.1
1998-05-06,T35,22.7749433106576,24.570403230376954,-1.8,7.9
1998-05-07,T35,34.0136054421769,31.0260937633117,2.99,8.8
1998-05-08,T35,22.8316326530612,22.099366988806832,0.73,3.2
1998-05-09,T35,4.8469387755102,6.68837724300418,-1.84,38.0
1998-05-10,T35,13.2369614512472,11.839572402015829,1.4,10.6
1998-05-11,T35,12.5283446712018,11.937970171164094,0.59,4.7
1998-05-12,T35,12.202380952381,14.96468231616149,-2.76,22.6
1998-05-13,T35,24.0079365079365,21.095746695802177,2.91,12.1
1998-05-14,T35,32.2845804988662,34.51158842859895,-2.23,6.9
1998-05-15,T35,24.1354875283447,21.670951409442708,2.46,10.2
1998-05-16,T35,6.90192743764172,6.977972441323774,-0.08,1.2
1998-05-17,T35,13.7896825396825,13.5918666011417,0.2,1.5
1998-03-18,T36,14.8809523809524,11.19110873934859,3.69,24.8
1998-03-19,T36,15.8730158730159,15.348032084808581,0.52,3.3
1998-03-20,T36,21.7545351473923,18.486483351176286,3.27,15.0
1998-03-21,T36,6.98696145124717,7.504102396370607,-0.52,7.4
1998-03-22,T36,7.22789115646259,8.278678387102383,-1.05,14.5
1998-03-23,T36,5.95238095238095,7.39837080621948,-1.45,24.4
1998-03-24,T36,7.41213151927438,7.9081099740874645,-0.5,6.7
1998-03-25,T36,16.7091836734694,12.919142259351363,3.79,22.7
1998-03-26,T36,17.5170068027211,18.076764860927632,-0.56,3.2
1998-03-27,T36,18.6082766439909,20.26936049664142,-1.66,8.9
1998-03-28,T36,4.64852607709751,7.019772117705751,-2.37,51.0
1998-03-29,T36,5.88151927437642,7.982166766952311,-2.1,35.7
1998-03-30,T36,7.49716553287982,7.728866983651418,-0.23,3.1
1998-03-31,T36,8.77267573696145,8.666844057444608,0.11,1.3
1998-04-01,T36,12.6133786848073,13.17896053592255,-0.57,4.5
1998-04-02,T36,14.4557823129252,15.872230039450027,-1.42,9.8
1998-04-03,T36,21.952947845805,16.654229419767557,5.3,24.1
1998-04-04,T36,3.28798185941043,6.895083784494311,-3.61,109.8
1998-04-05,T36,7.85147392290249,8.077837768606623,-0.23,2.9
1998-04-06,T36,6.67517006802721,7.186201903052317,-0.51,7.6
1998-04-07,T36,8.57426303854875,7.789809944402517,0.78,9.1
1998-04-08,T36,14.781746031746,11.80041788439761,2.98,20.2
1998-04-09,T36,6.33503401360544,16.129468782560807,-9.79,154.5
1998-04-10,T36,17.6162131519274,15.312415664085677,2.3,13.1
1998-04-11,T36,2.90532879818594,5.481536637127876,-2.58,88.8
1998-04-12,T36,3.33049886621315,7.6442166595952745,-4.31,129.4
1998-04-13,T36,5.71145124716553,6.410743653798078,-0.7,12.3
1998-04-14,T36,5.86734693877551,7.523786782277969,-1.66,28.3
1998-04-15,T36,13.2936507936508,12.019194329163954,1.27,9.6
1998-04-16,T36,13.6054421768707,14.862289215681997,-1.26,9.3
1998-04-17,T36,20.5357142857143,16.09749785027278,4.44,21.6
1998-04-18,T36,9.84977324263039,6.572841388920596,3.28,33.3
1998-04-19,T36,16.0147392290249,8.690548950297845,7.32,45.7
1998-04-20,T36,10.9977324263039,10.42716257128732,0.57,5.2
1998-04-21,T36,8.34750566893424,9.39771601752733,-1.05,12.6
1998-04-22,T36,11.8764172335601,13.067274376402947,-1.19,10.0
1998-04-23,T36,19.4869614512472,15.598595803887621,3.89,20.0
1998-04-24,T36,3.85487528344671,20.22513411508142,-16.37,424.7
1998-04-25,T36,3.11791383219955,6.8815289293457065,-3.76,120.6
1998-04-26,T36,7.08616780045352,9.890964652629314,-2.8,39.5
1998-04-27,T36,8.34750566893424,9.148954116904285,-0.8,9.6
1998-04-28,T36,9.25453514739229,8.973671204389884,0.28,3.0
1998-04-29,T36,15.2352607709751,12.739214790308711,2.5,16.4
1998-04-30,T36,17.077664399093,18.445270785427816,-1.37,8.0
1998-05-01,T36,26.5447845804989,15.737841228156972,10.81,40.7
1998-05-02,T36,4.33673469387755,9.117030602155875,-4.78,110.2
1998-05-03,T36,5.08786848072562,9.207843414767735,-4.12,81.0
1998-05-04,T36,10.7284580498866,9.062033814253766,1.67,15.6
1998-05-05,T36,7.90816326530612,10.115237771076464,-2.21,27.9
1998-05-06,T36,13.5062358276644,12.647342847846776,0.86,6.4
1998-05-07,T36,14.937641723356,16.130889245953497,-1.19,8.0
1998-05-08,T36,24.1921768707483,17.78689198688354,6.41,26.5
1998-05-09,T36,3.30215419501134,6.977455193497781,-3.68,111.4
1998-05-10,T36,7.39795918367347,9.195230745444917,-1.8,24.3
1998-05-11,T36,5.66893424036281,8.598633042345595,-2.93,51.7
1998-05-12,T36,8.41836734693878,7.874263572200814,0.54,6.4
1998-05-13,T36,15.4478458049887,12.337222779886105,3.11,20.1
1998-05-14,T36,16.4399092970522,17.30937657621798,-0.87,5.3
1998-05-15,T36,23.7528344671202,19.089755404464487,4.66,19.6
1998-05-16,T36,3.96825396825397,7.966950970436336,-4.0,100.8
1998-05-17,T36,10.0907029478458,8.675319464283428,1.42,14.1
1998-03-18,T37,16.8650793650794,18.215097357420852,-1.35,8.0
1998-03-19,T37,20.2239229024943,21.59549163967546,-1.37,6.8
1998-03-20,T37,9.29705215419501,10.081048305612539,-0.78,8.4
1998-03-21,T37,3.04705215419501,6.656559274101994,-3.61,118.5
1998-03-22,T37,13.9172335600907,9.730293900761945,4.19,30.1
1998-03-23,T37,14.2148526077098,13.637538105261587,0.58,4.1
1998-03-24,T37,16.3265306122449,14.327807376075748,2.0,12.2
1998-03-25,T37,18.0980725623583,20.070857421561733,-1.97,10.9
1998-03-26,T37,24.2205215419501,23.654468266914954,0.57,2.4
1998-03-27,T37,9.92063492063492,11.535204274285288,-1.61,16.2
1998-03-28,T37,2.39512471655329,4.722693902710876,-2.33,97.3
1998-03-29,T37,16.3548752834467,13.089799314402619,3.27,20.0
1998-03-30,T37,13.2369614512472,15.74025099789144,-2.5,18.9
1998-03-31,T37,14.0164399092971,15.985354709346755,-1.97,14.1
1998-04-01,T37,13.0243764172336,17.625614584198008,-4.6,35.3
1998-04-02,T37,18.3673469387755,20.403902383499663,-2.04,11.1
1998-04-03,T37,6.50510204081633,10.674419974645032,-4.17,64.1
1998-04-04,T37,3.28798185941043,4.35706959239036,-1.07,32.5
1998-04-05,T37,11.2244897959184,12.422026754309904,-1.2,10.7
1998-04-06,T37,11.7063492063492,11.204820712314383,0.5,4.3
1998-04-07,T37,10.6150793650794,12.41117267034991,-1.8,17.0
1998-04-08,T37,20.0255102040816,14.204982893669431,5.82,29.1
1998-04-09,T37,3.2312925170068,20.826580676396276,-17.6,544.7
1998-04-10,T37,4.52097505668934,8.791535805770152,-4.27,94.4
1998-04-11,T37,1.65816326530612,4.021762515117657,-2.36,142.3
1998-04-12,T37,1.24716553287982,9.737343100997974,-8.49,680.7
1998-04-13,T37,11.592970521542,10.8788937563351,0.71,6.1
1998-04-14,T37,10.8843537414966,11.327707525825012,-0.44,4.0
1998-04-15,T37,10.515873015873,16.20706166643954,-5.69,54.1
1998-04-16,T37,14.781746031746,14.784023348026732,-0.0,0.0
1998-04-17,T37,4.28004535147392,8.732830390738926,-4.45,104.0
1998-04-18,T37,2.65022675736961,2.4610528107119607,0.19,7.2
1998-04-19,T37,14.3565759637188,7.263789495074562,7.09,49.4
1998-04-20,T37,15.0368480725624,11.294386953050989,3.74,24.9
1998-04-21,T37,13.7046485260771,12.946001605049348,0.76,5.5
1998-04-22,T37,14.6825396825397,14.824128133148852,-0.14,1.0
1998-04-23,T37,20.9467120181406,17.438983439431894,3.51,16.8
1998-04-24,T37,2.2250566893424,9.961281587525141,-7.74,347.9
1998-04-25,T37,3.0328798185941,4.0999172434793465,-1.07,35.3
1998-04-26,T37,15.7596371882086,11.807630121225293,3.95,25.1
1998-04-27,T37,14.7675736961451,13.788297134610458,0.98,6.6
1998-04-28,T37,17.8713151927438,14.033578741759595,3.84,21.5
1998-04-29,T37,19.4586167800454,18.160654751346858,1.3,6.7
1998-04-30,T37,31.9160997732426,21.51927593667231,10.4,32.6
1998-05-01,T37,33.4608843537415,12.198532854375657,21.26,63.5
1998-05-02,T37,4.37925170068027,9.77628402920331,-5.4,123.3
1998-05-03,T37,4.56349206349206,13.03849699658236,-8.48,185.8
1998-05-04,T37,34.6938775510204,14.361649975349513,20.33,58.6
1998-05-05,T37,38.7471655328798,17.109884304450908,21.64,55.8
1998-05-06,T37,41.000566893424,22.958071245478052,18.04,44.0
1998-05-07,T37,33.2766439909297,27.03493362998166,6.24,18.8
1998-05-08,T37,7.97902494331066,20.455313291394745,-12.48,156.4
1998-05-09,T37,3.24546485260771,6.317550498349983,-3.07,94.6
1998-05-10,T37,13.8888888888889,13.469705409830173,0.42,3.0
1998-05-11,T37,14.2715419501134,15.09192886505846,-0.82,5.7
1998-05-12,T37,14.1865079365079,17.642237808980713,-3.46,24.4
1998-05-13,T37,13.7613378684807,20.823908329138288,-7.06,51.3
1998-05-14,T37,20.7057823129252,22.876141487407438,-2.17,10.5
1998-05-15,T37,6.33503401360544,13.319960343144489,-6.98,110.2
1998-05-16,T37,4.28004535147392,3.5316429602896933,0.75,17.5
1998-05-17,T37,12.9251700680272,11.967233535641656,0.96,7.4
1998-03-18,T38,32.0011337868481,32.33699526965926,-0.34,1.1
1998-03-19,T38,47.7040816326531,44.6370189612926,3.07,6.4
1998-03-20,T38,42.8713151927438,37.86046830980371,5.01,11.7
1998-03-21,T38,26.6439909297052,20.355893014838923,6.29,23.6
1998-03-22,T38,21.1026077097506,22.03767922603914,-0.94,4.5
1998-03-23,T38,21.2868480725624,21.305218974618203,-0.02,0.1
1998-03-24,T38,23.1150793650794,22.924892464877367,0.19,0.8
1998-03-25,T38,35.671768707483,35.31597613367721,0.36,1.0
1998-03-26,T38,45.7624716553288,49.455509330350935,-3.69,8.1
1998-03-27,T38,36.7630385487528,40.65185420137168,-3.89,10.6
1998-03-28,T38,8.07823129251701,22.280388133062157,-14.2,175.8
1998-03-29,T38,17.1485260770975,18.108396824049258,-0.96,5.6
1998-03-30,T38,25.5952380952381,23.850673812098982,1.74,6.8
1998-03-31,T38,29.3650793650794,25.37398625624636,3.99,13.6
1998-04-01,T38,35.6150793650794,34.146504071380186,1.47,4.1
1998-04-02,T38,29.7760770975057,44.98085031896434,-15.2,51.0
1998-04-03,T38,38.5912698412698,31.846686915361197,6.74,17.5
1998-04-04,T38,18.5232426303855,19.446298706778467,-0.92,5.0
1998-04-05,T38,19.359410430839,19.38922205192112,-0.03,0.2
1998-04-06,T38,23.0583900226757,19.387116017857874,3.67,15.9
1998-04-07,T38,26.9557823129252,23.081707495960032,3.87,14.4
1998-04-08,T38,38.6479591836735,33.530684746591064,5.12,13.2
1998-04-09,T38,33.7159863945578,38.764329988766015,-5.05,15.0
1998-04-10,T38,32.8231292517007,33.57842239542411,-0.76,2.3
1998-04-11,T38,18.296485260771,19.168475347358424,-0.87,4.8
1998-04-12,T38,18.3531746031746,19.38339710845252,-1.03,5.6
1998-04-13,T38,23.1575963718821,19.63226111808351,3.53,15.2
1998-04-14,T38,21.7403628117914,24.511440200463078,-2.77,12.7
1998-04-15,T38,30.9665532879819,33.2893390899701,-2.32,7.5
1998-04-16,T38,35.5867346938775,38.22339844434291,-2.64,7.4
1998-04-17,T38,36.7772108843537,31.634944091916413,5.14,14.0
1998-04-18,T38,15.2636054421769,19.842818694715607,-4.58,30.0
1998-04-19,T38,17.6729024943311,18.761731724875695,-1.09,6.2
1998-04-20,T38,27.6643990929705,20.40264686397514,7.26,26.2
1998-04-21,T38,30.0736961451247,24.626832020248813,5.45,18.1
1998-04-22,T38,36.8480725623583,35.37292165494614,1.48,4.0
1998-04-23,T38,50.2125850340136,40.04493149817634,10.17,20.3
1998-04-24,T38,12.7551020408163,36.91300180594831,-24.16,189.4
1998-04-25,T38,15.4336734693878,13.10576222582256,2.33,15.1
1998-04-26,T38,23.6394557823129,19.365737868789992,4.27,18.1
1998-04-27,T38,23.7244897959184,24.895341322027797,-1.17,4.9
1998-04-28,T38,26.7715419501134,29.260904389269832,-2.49,9.3
1998-04-29,T38,39.0022675736961,37.139615770039185,1.86,4.8
1998-04-30,T38,51.984126984127,44.957947938386106,7.03,13.5
1998-05-01,T38,39.9659863945578,35.50053271782979,4.47,11.2
1998-05-02,T38,24.7448979591837,19.1150232769034,5.63,22.8
1998-05-03,T38,23.6111111111111,22.90708375968044,0.7,3.0
1998-05-04,T38,26.7998866213152,24.49501715565598,2.3,8.6
1998-05-05,T38,21.9954648526077,25.87411055974841,-3.88,17.6
1998-05-06,T38,39.1439909297052,33.518363352269354,5.63,14.4
1998-05-07,T38,44.359410430839,46.633887913784925,-2.27,5.1
1998-05-08,T38,34.7789115646259,34.729953089133716,0.05,0.1
1998-05-09,T38,21.8962585034014,19.12726312020924,2.77,12.7
1998-05-10,T38,24.9149659863946,22.079655728775023,2.84,11.4
1998-05-11,T38,20.4081632653061,22.566492930222335,-2.16,10.6
1998-05-12,T38,24.6456916099773,22.120003477110036,2.53,10.3
1998-05-13,T38,30.6547619047619,34.64674145756142,-3.99,13.0
1998-05-14,T38,41.8650793650794,42.962677726033334,-1.1,2.6
1998-05-15,T38,41.1706349206349,32.94226979488576,8.23,20.0
1998-05-16,T38,19.3310657596372,22.172902194969655,-2.84,14.7
1998-05-17,T38,20.9183673469388,22.00726351948118,-1.09,5.2
1998-03-18,T39,21.4710884353741,15.935606344789072,5.54,25.8
1998-03-19,T39,29.8469387755102,26.602325996570443,3.24,10.9
1998-03-20,T39,33.6451247165533,26.739234307633176,6.91,20.5
1998-03-21,T39,14.3565759637188,14.886326340989228,-0.53,3.7
1998-03-22,T39,11.7772108843537,14.770511610409464,-2.99,25.4
1998-03-23,T39,12.5850340136054,13.26373236310365,-0.68,5.4
1998-03-24,T39,16.2981859410431,13.604460059695736,2.69,16.5
1998-03-25,T39,20.7908163265306,21.7544877764436,-0.96,4.6
1998-03-26,T39,28.6422902494331,31.188620043020496,-2.55,8.9
1998-03-27,T39,27.2534013605442,32.62196261697116,-5.37,19.7
1998-03-28,T39,12.6275510204082,14.702742456536905,-2.08,16.5
1998-03-29,T39,13.6763038548753,15.023883577350595,-1.35,9.9
1998-03-30,T39,22.9308390022676,16.275081132487884,6.66,29.0
1998-03-31,T39,17.0918367346939,19.639198293506436,-2.55,14.9
1998-04-01,T39,19.6428571428571,20.151704037944246,-0.51,2.6
1998-04-02,T39,28.8973922902494,26.446063988421272,2.45,8.5
1998-04-03,T39,24.8157596371882,26.41521893834305,-1.6,6.4
1998-04-04,T39,10.0765306122449,13.014651724920192,-2.94,29.2
1998-04-05,T39,13.6196145124717,14.564977859607726,-0.95,7.0
1998-04-06,T39,13.5345804988662,13.120042167147833,0.41,3.0
1998-04-07,T39,17.0493197278912,14.102655566820232,2.95,17.3
1998-04-08,T39,26.4455782312925,19.255500731837316,7.19,27.2
1998-04-09,T39,26.6581632653061,28.958179685652063,-2.3,8.6
1998-04-10,T39,28.9965986394558,26.040945914278716,2.96,10.2
1998-04-11,T39,15.4053287981859,12.640346351683622,2.76,17.9
1998-04-12,T39,17.8571428571429,14.066595527607127,3.79,21.2
1998-04-13,T39,17.1343537414966,14.5947739063812,2.54,14.8
1998-04-14,T39,19.6995464852608,16.450700004949596,3.25,16.5
1998-04-15,T39,23.7103174603175,23.843494323809967,-0.13,0.5
1998-04-16,T39,30.5413832199546,29.227152643807525,1.31,4.3
1998-04-17,T39,26.9416099773243,26.723678522678295,0.22,0.8
1998-04-18,T39,15.0651927437642,14.033079590189978,1.03,6.8
1998-04-19,T39,14.6967120181406,15.495733117534513,-0.8,5.4
1998-04-20,T39,14.2006802721088,14.721196360685363,-0.52,3.7
1998-04-21,T39,13.7471655328798,17.192061166229845,-3.44,25.0
1998-04-22,T39,20.5640589569161,21.53456654968059,-0.97,4.7
1998-04-23,T39,29.265873015873,29.45646943588767,-0.19,0.6
1998-04-24,T39,10.7284580498866,27.022221597701193,-16.29,151.8
1998-04-25,T39,11.5646258503401,9.571596755714111,1.99,17.2
1998-04-26,T39,13.9739229024943,13.983874058577804,-0.01,0.1
1998-04-27,T39,10.7426303854875,14.73039578540864,-3.99,37.1
1998-04-28,T39,11.7063492063492,15.048436643754378,-3.34,28.5
1998-04-29,T39,18.8066893424036,20.990347972700164,-2.18,11.6
1998-04-30,T39,34.9773242630385,29.568220186717923,5.41,15.5
1998-05-01,T39,31.1082766439909,25.208642284479698,5.9,19.0
1998-05-02,T39,18.7783446712018,14.92087017600609,3.86,20.6
1998-05-03,T39,15.0651927437642,16.687644110077194,-1.62,10.8
1998-05-04,T39,18.2397959183673,15.2772686243647,2.96,16.2
1998-05-05,T39,16.3548752834467,16.082576854705007,0.27,1.7
1998-05-06,T39,24.7307256235828,20.756699540238856,3.97,16.1
1998-05-07,T39,26.0204081632653,31.41867880055216,-5.4,20.8
1998-05-08,T39,30.9807256235828,26.097900275019015,4.88,15.8
1998-05-09,T39,13.4495464852608,16.01932622081641,-2.57,19.1
1998-05-10,T39,16.1139455782313,15.216018365225183,0.9,5.6
1998-05-11,T39,13.3361678004535,14.31048414771055,-0.97,7.3
1998-05-12,T39,15.858843537415,15.033828631179862,0.83,5.2
1998-05-13,T39,22.4206349206349,22.154773122895662,0.27,1.2
1998-05-14,T39,28.8973922902494,29.022399804880365,-0.13,0.4
1998-05-15,T39,31.9586167800453,27.829669603718827,4.13,12.9
1998-05-16,T39,13.1660997732426,15.670095986534601,-2.5,19.0
1998-05-17,T39,13.8605442176871,14.822233909783849,-0.96,6.9
1998-03-18,T4,27.0549886621315,27.230136302832065,-0.18,0.7
1998-03-19,T4,36.8480725623583,37.618546433470215,-0.77,2.1
1998-03-20,T4,29.9461451247166,32.11609229937167,-2.17,7.2
1998-03-21,T4,20.0821995464853,17.31226093979157,2.77,13.8
1998-03-22,T4,16.8792517006803,18.41984164680786,-1.54,9.1
1998-03-23,T4,14.0731292517007,17.567833473607635,-3.49,24.8
1998-03-24,T4,17.0351473922903,18.8333879817109,-1.8,10.6
1998-03-25,T4,27.5793650793651,27.5100626875188,0.07,0.3
1998-03-26,T4,52.4943310657596,41.12415247685118,11.37,21.7
1998-03-27,T4,33.9427437641723,36.40159956196196,-2.46,7.2
1998-03-28,T4,7.93650793650794,18.943459087732723,-11.01,138.7
1998-03-29,T4,7.69557823129252,16.083321934592217,-8.39,109.0
1998-03-30,T4,20.124716553288,18.76373941008732,1.36,6.8
1998-03-31,T4,17.8146258503401,20.340912527711573,-2.53,14.2
1998-04-01,T4,31.3775510204082,26.23439870960609,5.14,16.4
1998-04-02,T4,42.8713151927438,40.96927406320111,1.9,4.4
1998-04-03,T4,35.359977324263,31.001413788948877,4.36,12.3
1998-04-04,T4,16.1706349206349,16.654714854625162,-0.48,3.0
1998-04-05,T4,11.4795918367347,17.661812135157767,-6.18,53.8
1998-04-06,T4,15.0368480725624,15.85339288578923,-0.82,5.5
1998-04-07,T4,24.1780045351474,17.424840761265386,6.75,27.9
1998-04-08,T4,33.7159863945578,29.152495902562613,4.56,13.5
1998-04-09,T4,32.8798185941043,42.7897929602227,-9.91,30.1
1998-04-10,T4,26.0770975056689,32.35182811631367,-6.27,24.0
1998-04-11,T4,13.6904761904762,14.034372361241605,-0.34,2.5
1998-04-12,T4,0.892857142857143,15.319683324195811,-14.43,1443.0
1998-04-13,T4,5.39965986394558,14.70737370509605,-9.31,172.4
1998-04-14,T4,17.828798185941,17.44741874283789,0.38,2.1
1998-04-15,T4,23.9937641723356,28.69138787640251,-4.7,19.6
1998-04-16,T4,24.1354875283447,36.48038167016301,-12.34,51.1
1998-04-17,T4,32.5821995464853,23.98891356964115,8.59,26.4
1998-04-18,T4,17.8571428571429,15.754314968755892,2.1,11.8
1998-04-19,T4,15.3628117913832,14.56338938188734,0.8,5.2
1998-04-20,T4,12.2874149659864,13.742499136138866,-1.46,11.9
1998-04-21,T4,16.8367346938776,16.896414427707352,-0.06,0.4
1998-04-22,T4,25.0425170068027,26.184630169563967,-1.14,4.6
1998-04-23,T4,43.1122448979592,34.26843696667111,8.84,20.5
1998-04-24,T4,10.9552154195011,31.621515952500257,-20.67,188.7
1998-04-25,T4,12.8968253968254,12.312660702914487,0.58,4.5
1998-04-26,T4,13.5770975056689,15.064953563553104,-1.49,11.0
1998-04-27,T4,10.062358276644,13.759656059517502,-3.7,36.8
1998-04-28,T4,17.0068027210884,17.77264826132174,-0.77,4.5
1998-04-29,T4,31.5759637188209,27.953947370542085,3.62,11.5
1998-04-30,T4,42.7862811791383,42.26191070054847,0.52,1.2
1998-05-01,T4,30.5980725623583,29.19418471523248,1.4,4.6
1998-05-02,T4,20.9041950113379,16.30661104834274,4.6,22.0
1998-05-03,T4,20.124716553288,16.393025844953897,3.73,18.5
1998-05-04,T4,17.3185941043084,15.72978574262245,1.59,9.2
1998-05-05,T4,16.9501133786848,17.95942701202889,-1.01,6.0
1998-05-06,T4,25.6519274376417,27.308028516078707,-1.66,6.5
1998-05-07,T4,37.046485260771,35.91057755032985,1.14,3.1
1998-05-08,T4,31.4200680272109,28.014601191910124,3.41,10.9
1998-05-09,T4,17.2760770975057,17.24246618182797,0.03,0.2
1998-05-10,T4,15.6746031746032,16.505127539169266,-0.83,5.3
1998-05-11,T4,12.4716553287982,13.586181453602398,-1.11,8.9
1998-05-12,T4,17.9280045351474,16.25514622971781,1.67,9.3
1998-05-13,T4,25.0283446712018,25.791176153417812,-0.76,3.0
1998-05-14,T4,45.3089569160998,35.23619196260421,10.07,22.2
1998-05-15,T4,32.2420634920635,31.081704964400544,1.16,3.6
1998-05-16,T4,15.9438775510204,17.229461188665606,-1.29,8.1
1998-05-17,T4,16.6383219954649,16.332027321410344,0.31,1.9
1998-03-18,T40,15.9155328798186,16.083256132588144,-0.17,1.1
1998-03-19,T40,25.453514739229,24.048930622649074,1.4,5.5
1998-03-20,T40,27.593537414966,24.394053451779296,3.2,11.6
1998-03-21,T40,17.2619047619048,15.308766207401547,1.95,11.3
1998-03-22,T40,14.0731292517007,16.171354080523376,-2.1,14.9
1998-03-23,T40,11.9047619047619,13.398420741365241,-1.49,12.5
1998-03-24,T40,14.2857142857143,13.249077469857282,1.04,7.3
1998-03-25,T40,19.1043083900227,18.78544247977063,0.32,1.7
1998-03-26,T40,27.6502267573696,27.504958668676142,0.15,0.5
1998-03-27,T40,25.0992063492063,27.36480989765726,-2.27,9.0
1998-03-28,T40,15.1785714285714,14.989141472299705,0.19,1.3
1998-03-29,T40,16.1139455782313,15.666637827006465,0.45,2.8
1998-03-30,T40,17.9563492063492,14.903198759246182,3.05,17.0
1998-03-31,T40,13.0527210884354,16.629965152914096,-3.58,27.4
1998-04-01,T40,15.3344671201814,17.34339940272296,-2.01,13.1
1998-04-02,T40,29.7760770975057,23.792651148388558,5.98,20.1
1998-04-03,T40,26.7998866213152,24.598588069653594,2.2,8.2
1998-04-04,T40,15.3344671201814,15.324676728960434,0.01,0.1
1998-04-05,T40,18.1122448979592,16.36933598162491,1.74,9.6
1998-04-06,T40,14.6116780045351,14.454677448928038,0.16,1.1
1998-04-07,T40,14.9943310657596,13.644956163954294,1.35,9.0
1998-04-08,T40,24.0221088435374,16.781739290926954,7.24,30.1
1998-04-09,T40,18.0980725623583,27.866909722316137,-9.77,54.0
1998-04-10,T40,22.4206349206349,22.750885309268433,-0.33,1.5
1998-04-11,T40,13.8463718820862,14.113615948577309,-0.27,1.9
1998-04-12,T40,13.6054421768707,15.32465932584844,-1.72,12.6
1998-04-13,T40,15.3486394557823,13.139843596708456,2.21,14.4
1998-04-14,T40,15.6746031746032,14.729828522265363,0.94,6.0
1998-04-15,T40,16.9784580498866,19.783818453584725,-2.81,16.6
1998-04-16,T40,24.2630385487528,22.78755509774471,1.48,6.1
1998-04-17,T40,15.391156462585,22.82506382281375,-7.43,48.3
1998-04-18,T40,0.0,11.541553261064745,-11.54,1154.0
1998-04-19,T40,9.2828798185941,8.886406318957285,0.4,4.3
1998-04-20,T40,13.5487528344671,12.938268325668474,0.61,4.5
1998-04-21,T40,13.2936507936508,14.27520364684463,-0.98,7.4
1998-04-22,T40,19.4586167800454,17.57572010088194,1.88,9.7
1998-04-23,T40,28.3304988662131,25.736347224756074,2.59,9.1
1998-04-24,T40,25.7086167800453,23.02855504305516,2.68,10.4
1998-04-25,T40,13.8038548752834,13.981767446052231,-0.18,1.3
1998-04-26,T40,15.093537414966,14.229565188452574,0.86,5.7
1998-04-27,T40,23.4126984126984,14.346604807991639,9.07,38.7
1998-04-28,T40,20.0538548752834,18.474665568593167,1.58,7.9
1998-04-29,T40,21.7545351473923,21.97139213933682,-0.22,1.0
1998-04-30,T40,31.9727891156463,29.70072951838359,2.27,7.1
1998-05-01,T40,26.0062358276644,25.342460079077007,0.66,2.5
1998-05-02,T40,17.4603174603175,13.744600457264637,3.72,21.3
1998-05-03,T40,12.3724489795918,16.49251100567389,-4.12,33.3
1998-05-04,T40,17.7012471655329,15.726845266882838,1.97,11.1
1998-05-05,T40,13.6763038548753,17.040012897605813,-3.36,24.6
1998-05-06,T40,16.9642857142857,19.534046749876516,-2.57,15.1
1998-05-07,T40,28.7981859410431,24.419691376440397,4.38,15.2
1998-05-08,T40,29.1383219954649,23.69991098147354,5.44,18.7
1998-05-09,T40,17.3327664399093,14.679607475380603,2.65,15.3
1998-05-10,T40,14.9659863945578,14.49250829008434,0.47,3.1
1998-05-11,T40,12.7834467120181,14.343838991734602,-1.56,12.2
1998-05-12,T40,15.547052154195,14.195447023880313,1.35,8.7
1998-05-13,T40,20.1105442176871,18.551430914834313,1.56,7.8
1998-05-14,T40,30.3713151927438,28.326960407268416,2.04,6.7
1998-05-15,T40,29.5493197278912,25.727151886442922,3.82,12.9
1998-05-16,T40,16.2698412698413,15.89558397478853,0.37,2.3
1998-05-17,T40,21.1026077097506,15.132214835100998,5.97,28.3
1998-03-18,T41,33.3049886621315,20.966654829818765,12.34,37.1
1998-03-19,T41,38.7046485260771,36.41063522827328,2.29,5.9
1998-03-20,T41,31.8310657596372,30.115090801309638,1.72,5.4
1998-03-21,T41,13.8321995464853,16.69975924360095,-2.87,20.7
1998-03-22,T41,11.7913832199546,15.212313247837159,-3.42,29.0
1998-03-23,T41,12.7692743764172,12.26929843887985,0.5,3.9
1998-03-24,T41,14.9092970521542,16.263060303679374,-1.35,9.1
1998-03-25,T41,25.907029478458,26.773189302185596,-0.87,3.4
1998-03-26,T41,36.8764172335601,38.93503982890667,-2.06,5.6
1998-03-27,T41,30.6264172335601,31.28149958275245,-0.66,2.2
1998-03-28,T41,12.7409297052154,15.323634069407797,-2.58,20.2
1998-03-29,T41,14.2715419501134,14.512061173284941,-0.24,1.7
1998-03-30,T41,17.8713151927438,15.26728537856396,2.6,14.5
1998-03-31,T41,13.9172335600907,18.03999392667047,-4.12,29.6
1998-04-01,T41,25.2125850340136,22.525656882825643,2.69,10.7
1998-04-02,T41,26.5873015873016,35.0910120080542,-8.5,32.0
1998-04-03,T41,40.1360544217687,26.397827625209437,13.74,34.2
1998-04-04,T41,20.5357142857143,16.27233327539352,4.26,20.7
1998-04-05,T41,14.640022675737,16.746327598044175,-2.11,14.4
1998-04-06,T41,16.2698412698413,13.007278834325838,3.26,20.0
1998-04-07,T41,16.1848072562358,15.381798814611443,0.8,4.9
1998-04-08,T41,35.5867346938775,23.844237268580834,11.74,33.0
1998-04-09,T41,23.0442176870748,33.335163102507465,-10.29,44.7
1998-04-10,T41,26.1479591836735,28.40916535918168,-2.26,8.6
1998-04-11,T41,9.24036281179138,15.153034618331622,-5.91,64.0
1998-04-12,T41,0.14172335600907,14.084039493596055,-13.94,1394.0
1998-04-13,T41,10.8134920634921,12.050502762821022,-1.24,11.5
1998-04-14,T41,12.9251700680272,15.058159258415102,-2.13,16.5
1998-04-15,T41,24.3055555555556,25.99446196817118,-1.69,7.0
1998-04-16,T41,30.2862811791383,29.950256096438,0.34,1.1
1998-04-17,T41,26.6298185941043,25.502230374796582,1.13,4.2
1998-04-18,T41,6.88775510204082,12.937580654916461,-6.05,87.8
1998-04-19,T41,2.86281179138322,10.779298529535913,-7.92,276.7
1998-04-20,T41,14.172335600907,12.753888208827856,1.42,10.0
1998-04-21,T41,14.9659863945578,14.389833230802408,0.58,3.9
1998-04-22,T41,23.7528344671202,24.15448764842189,-0.4,1.7
1998-04-23,T41,32.2278911564626,31.96265737714905,0.27,0.8
1998-04-24,T41,8.56009070294785,27.659878307053454,-19.1,223.1
1998-04-25,T41,10.6292517006803,7.612515798789914,3.02,28.4
1998-04-26,T41,15.9438775510204,11.088918660749796,4.85,30.4
1998-04-27,T41,18.1689342403628,14.337449791848048,3.83,21.1
1998-04-28,T41,17.0634920634921,16.854671193626796,0.21,1.2
1998-04-29,T41,27.6218820861678,25.994717518876215,1.63,5.9
1998-04-30,T41,35.3174603174603,33.14056303644198,2.18,6.2
1998-05-01,T41,30.0736961451247,25.94981855789689,4.12,13.7
1998-05-02,T41,17.687074829932,13.06683329689554,4.62,26.1
1998-05-03,T41,5.13038548752834,15.619362253872039,-10.49,204.5
1998-05-04,T41,1.34637188208617,15.5069858588336,-14.16,1051.7
1998-05-05,T41,14.8951247165533,14.651714891655512,0.24,1.6
1998-05-06,T41,24.3055555555556,25.099082344903657,-0.79,3.3
1998-05-07,T41,28.7273242630385,31.278558221657466,-2.55,8.9
1998-05-08,T41,27.1683673469388,24.8297748738903,2.34,8.6
1998-05-09,T41,13.3219954648526,12.69609376214337,0.63,4.7
1998-05-10,T41,10.7709750566893,12.555591398002852,-1.78,16.5
1998-05-11,T41,12.5992063492063,11.538808308000448,1.06,8.4
1998-05-12,T41,15.5328798185941,14.275471432661858,1.26,8.1
1998-05-13,T41,22.3497732426304,23.525853385487565,-1.18,5.3
1998-05-14,T41,35.7142857142857,31.069797694139016,4.64,13.0
1998-05-15,T41,27.5085034013605,25.23258869581349,2.28,8.3
1998-05-16,T41,12.8259637188209,13.445803676087417,-0.62,4.8
1998-05-17,T41,15.8304988662132,12.946810230283859,2.88,18.2
1998-03-18,T42,23.2142857142857,21.311099367381413,1.9,8.2
1998-03-19,T42,34.9489795918367,35.07685737609246,-0.13,0.4
1998-03-20,T42,34.3962585034014,30.720005484364947,3.68,10.7
1998-03-21,T42,14.9943310657596,19.208953298506778,-4.21,28.1
1998-03-22,T42,15.9013605442177,16.211745074838216,-0.31,1.9
1998-03-23,T42,11.8764172335601,14.569284850458743,-2.69,22.6
1998-03-24,T42,11.7488662131519,15.74169557767096,-3.99,34.0
1998-03-25,T42,20.1530612244898,22.973825597441156,-2.82,14.0
1998-03-26,T42,39.2148526077098,35.57843227260663,3.64,9.3
1998-03-27,T42,28.2312925170068,33.32593415701551,-5.09,18.0
1998-03-28,T42,15.1927437641723,16.131686135828016,-0.94,6.2
1998-03-29,T42,17.828798185941,16.703278678097845,1.13,6.3
1998-03-30,T42,16.2556689342404,15.948956687521331,0.31,1.9
1998-03-31,T42,16.6383219954649,16.02332950890088,0.61,3.7
1998-04-01,T42,25.31179138322,22.167851638288546,3.14,12.4
1998-04-02,T42,34.9206349206349,37.19510814618833,-2.27,6.5
1998-04-03,T42,31.4484126984127,28.63051999235844,2.82,9.0
1998-04-04,T42,16.2273242630386,16.387511101834463,-0.16,1.0
1998-04-05,T42,16.7091836734694,18.042523112287082,-1.33,8.0
1998-04-06,T42,13.0385487528345,13.704011852392984,-0.67,5.1
1998-04-07,T42,17.3327664399093,15.288300571594885,2.04,11.8
1998-04-08,T42,32.8514739229025,22.967211858566117,9.88,30.1
1998-04-09,T42,23.1434240362812,37.98848518541599,-14.85,64.2
1998-04-10,T42,21.7545351473923,27.108947488360073,-5.35,24.6
1998-04-11,T42,13.7755102040816,13.892774800725688,-0.12,0.9
1998-04-12,T42,11.8480725623583,15.657433803656708,-3.81,32.2
1998-04-13,T42,14.6683673469388,13.152789715871403,1.52,10.4
1998-04-14,T42,20.6632653061224,16.076951390458532,4.59,22.2
1998-04-15,T42,25.1700680272109,27.086142965163273,-1.92,7.6
1998-04-16,T42,33.7301587301587,32.05414428819701,1.68,5.0
1998-04-17,T42,28.3871882086168,26.67827512467635,1.71,6.0
1998-04-18,T42,14.5124716553288,14.85007961662596,-0.34,2.3
1998-04-19,T42,15.1218820861678,14.977697544535197,0.14,0.9
1998-04-20,T42,16.3548752834467,13.436058928294774,2.92,17.9
1998-04-21,T42,15.3344671201814,17.73426416431788,-2.4,15.7
1998-04-22,T42,22.6899092970522,24.44361819440357,-1.75,7.7
1998-04-23,T42,38.6196145124717,34.38057508804708,4.24,11.0
1998-04-24,T42,8.41836734693878,28.91333262883643,-20.49,243.4
1998-04-25,T42,12.9818594104308,11.53625520892544,1.45,11.2
1998-04-26,T42,14.3849206349206,15.404192098332043,-1.02,7.1
1998-04-27,T42,12.953514739229,15.238048474568183,-2.28,17.6
1998-04-28,T42,16.7375283446712,16.813528050617307,-0.08,0.5
1998-04-29,T42,29.1383219954649,25.426597051479423,3.71,12.7
1998-04-30,T42,36.4654195011338,38.04059288634213,-1.58,4.3
1998-05-01,T42,32.624716553288,25.876283296235883,6.75,20.7
1998-05-02,T42,20.422335600907,15.51484415967403,4.91,24.0
1998-05-03,T42,15.9722222222222,16.781962132778823,-0.81,5.1
1998-05-04,T42,14.3424036281179,16.154021980470162,-1.81,12.6
1998-05-05,T42,13.9030612244898,16.6779848658785,-2.77,19.9
1998-05-06,T42,23.1150793650794,25.18661701273986,-2.07,9.0
1998-05-07,T42,34.4954648526077,32.25792031067639,2.24,6.5
1998-05-08,T42,34.6513605442177,27.74960059108892,6.9,19.9
1998-05-09,T42,18.4665532879819,16.737731964763245,1.73,9.4
1998-05-10,T42,14.7392290249433,16.1888200385027,-1.45,9.8
1998-05-11,T42,13.1802721088435,13.273006781698733,-0.09,0.7
1998-05-12,T42,13.7046485260771,15.433078075114697,-1.73,12.6
1998-05-13,T42,23.6961451247166,22.68168178954032,1.01,4.3
1998-05-14,T42,37.9109977324263,35.46517829749766,2.45,6.5
1998-05-15,T42,32.6814058956916,31.62604508138065,1.06,3.2
1998-05-16,T42,18.6366213151927,17.123126350705228,1.51,8.1
1998-05-17,T42,15.7171201814059,16.42660705034947,-0.71,4.5
1998-03-18,T43,23.4410430839002,18.645096583556164,4.8,20.5
1998-03-19,T43,32.1428571428571,32.61004386007111,-0.47,1.5
1998-03-20,T43,34.0277777777778,30.865906978381727,3.16,9.3
1998-03-21,T43,17.531179138322,16.298399420870414,1.23,7.0
1998-03-22,T43,13.7755102040816,16.98323546776355,-3.21,23.3
1998-03-23,T43,18.1972789115646,15.746411506365986,2.45,13.5
1998-03-24,T43,18.0272108843537,19.709820729922978,-1.68,9.3
1998-03-25,T43,23.2851473922902,23.1475212389596,0.14,0.6
1998-03-26,T43,30.93820861678,35.1373352635634,-4.2,13.6
1998-03-27,T43,30.187074829932,32.66638713659964,-2.48,8.2
1998-03-28,T43,10.7426303854875,16.153905783790915,-5.41,50.4
1998-03-29,T43,16.8792517006803,15.539713703285102,1.34,7.9
1998-03-30,T43,24.092970521542,19.76086035889105,4.33,18.0
1998-03-31,T43,23.5402494331066,21.62884836093624,1.91,8.1
1998-04-01,T43,23.6678004535147,23.742558658989765,-0.07,0.3
1998-04-02,T43,25.0425170068027,31.182915044898856,-6.14,24.5
1998-04-03,T43,32.2420634920635,26.424939403205556,5.82,18.1
1998-04-04,T43,12.7692743764172,13.985339865784464,-1.22,9.6
1998-04-05,T43,16.4540816326531,16.926154630916713,-0.47,2.9
1998-04-06,T43,20.6207482993197,15.628538945787948,4.99,24.2
1998-04-07,T43,21.0600907029478,19.663538374944437,1.4,6.6
1998-04-08,T43,29.0532879818594,22.52214461305826,6.53,22.5
1998-04-09,T43,28.1179138321995,31.517224702453127,-3.4,12.1
1998-04-10,T43,28.2171201814059,30.22241752467306,-2.01,7.1
1998-04-11,T43,22.1655328798186,14.118785099240263,8.05,36.3
1998-04-12,T43,24.078798185941,18.20630689449814,5.87,24.4
1998-04-13,T43,22.2080498866213,19.92365969393211,2.28,10.3
1998-04-14,T43,25.7086167800453,20.99071188373243,4.72,18.4
1998-04-15,T43,24.9574829931973,27.02844654535088,-2.07,8.3
1998-04-16,T43,20.6065759637188,30.794906226958357,-10.19,49.5
1998-04-17,T43,31.0657596371882,25.333973814936794,5.73,18.4
1998-04-18,T43,12.7692743764172,17.868674455328623,-5.1,39.9
1998-04-19,T43,14.0164399092971,16.98130441202634,-2.96,21.1
1998-04-20,T43,19.0334467120181,17.44791991790205,1.59,8.4
1998-04-21,T43,18.0272108843537,21.749999203375957,-3.72,20.6
1998-04-22,T43,23.9937641723356,24.609468762086166,-0.62,2.6
1998-04-23,T43,11.1111111111111,28.078606341961198,-16.97,152.7
1998-04-24,T43,8.60260770975057,27.010516819890427,-18.41,214.0
1998-04-25,T43,10.0198412698413,10.732673853869212,-0.71,7.1
1998-04-26,T43,14.0731292517007,14.241316707045145,-0.17,1.2
1998-04-27,T43,17.0493197278912,17.793549501295242,-0.74,4.3
1998-04-28,T43,14.5549886621315,19.25032785305282,-4.7,32.3
1998-04-29,T43,37.1173469387755,23.464602096188244,13.65,36.8
1998-04-30,T43,35.9552154195011,25.908784081156476,10.05,28.0
1998-05-01,T43,35.7709750566893,27.05176289621085,8.72,24.4
1998-05-02,T43,21.7403628117914,16.06205324371749,5.68,26.1
1998-05-03,T43,19.8696145124717,18.942841100876777,0.93,4.7
1998-05-04,T43,19.7987528344671,20.369818322379498,-0.57,2.9
1998-05-05,T43,19.1184807256236,18.5444107654578,0.57,3.0
1998-05-06,T43,24.078798185941,27.283197126190807,-3.2,13.3
1998-05-07,T43,35.9835600907029,28.7471154760743,7.24,20.1
1998-05-08,T43,36.4795918367347,30.854188390198182,5.63,15.4
1998-05-09,T43,16.2981859410431,19.81243730690226,-3.51,21.5
1998-05-10,T43,15.0793650793651,18.087601304453298,-3.01,20.0
1998-05-11,T43,20.8049886621315,16.51648569158544,4.29,20.6
1998-05-12,T43,18.4098639455782,19.609104719545826,-1.2,6.5
1998-05-13,T43,24.2205215419501,24.57829364113922,-0.36,1.5
1998-05-14,T43,24.702380952381,30.777060157970787,-6.07,24.6
1998-05-15,T43,28.6139455782313,28.717562267304736,-0.1,0.3
1998-05-16,T43,14.9234693877551,15.730163346640943,-0.81,5.4
1998-05-17,T43,20.2380952380952,15.792086395766644,4.45,22.0
1998-03-18,T44,23.2426303854875,21.333053246927847,1.91,8.2
1998-03-19,T44,26.3605442176871,28.63398923818104,-2.27,8.6
1998-03-20,T44,27.1116780045351,22.77814034184363,4.33,16.0
1998-03-21,T44,14.9943310657596,15.185155500287967,-0.19,1.3
1998-03-22,T44,14.9943310657596,15.069573564693627,-0.08,0.5
1998-03-23,T44,13.109410430839,12.328714198084018,0.78,5.9
1998-03-24,T44,14.6825396825397,15.628180344297903,-0.95,6.5
1998-03-25,T44,18.5374149659864,23.294648790935007,-4.76,25.7
1998-03-26,T44,22.7749433106576,29.064312477166027,-6.29,27.6
1998-03-27,T44,28.2596371882086,26.85226131234666,1.41,5.0
1998-03-28,T44,11.9472789115646,15.39659376247945,-3.45,28.9
1998-03-29,T44,16.9926303854875,14.616166073236716,2.38,14.0
1998-03-30,T44,15.3486394557823,15.443669246196077,-0.1,0.7
1998-03-31,T44,15.1502267573696,16.74227394365809,-1.59,10.5
1998-04-01,T44,22.9450113378685,19.87770516957704,3.07,13.4
1998-04-02,T44,26.7998866213152,26.895236160795633,-0.1,0.4
1998-04-03,T44,28.0187074829932,24.33775073347808,3.68,13.1
1998-04-04,T44,7.12868480725624,13.694735023953644,-6.57,92.2
1998-04-05,T44,14.0022675736961,14.55594422473801,-0.55,3.9
1998-04-06,T44,14.7534013605442,12.277319616677033,2.48,16.8
1998-04-07,T44,20.6916099773243,14.533536680244062,6.16,29.8
1998-04-08,T44,29.4075963718821,22.52985730481595,6.88,23.4
1998-04-09,T44,25.2125850340136,28.42580358582811,-3.21,12.7
1998-04-10,T44,21.5419501133787,25.73508885335198,-4.19,19.5
1998-04-11,T44,11.4654195011338,10.862226993227381,0.6,5.2
1998-04-12,T44,11.578798185941,14.501427121777226,-2.92,25.2
1998-04-13,T44,13.4637188208617,12.732149138720889,0.73,5.4
1998-04-14,T44,13.265306122449,16.65532259143788,-3.39,25.6
1998-04-15,T44,25.7936507936508,21.61431004350979,4.18,16.2
1998-04-16,T44,28.3730158730159,27.3006336647339,1.07,3.8
1998-04-17,T44,25.921201814059,23.2512549490216,2.67,10.3
1998-04-18,T44,7.17120181405896,12.33532647417131,-5.16,72.0
1998-04-19,T44,7.78061224489796,12.602657217217635,-4.82,61.9
1998-04-20,T44,11.6354875283447,12.781618020659653,-1.15,9.9
1998-04-21,T44,14.5975056689342,14.095803548432787,0.5,3.4
1998-04-22,T44,19.8554421768708,23.01118448372462,-3.16,15.9
1998-04-23,T44,30.8956916099773,27.359085999528553,3.54,11.5
1998-04-24,T44,8.95691609977324,25.35928829584593,-16.4,183.1
1998-04-25,T44,12.1740362811791,7.0188600919662205,5.16,42.4
1998-04-26,T44,12.7692743764172,12.465506168085618,0.3,2.3
1998-04-27,T44,13.0243764172336,12.894772112760753,0.13,1.0
1998-04-28,T44,16.468253968254,15.776688054730007,0.69,4.2
1998-04-29,T44,28.047052154195,23.070431739676195,4.98,17.8
1998-04-30,T44,29.3083900226757,31.866640288036912,-2.56,8.7
1998-05-01,T44,28.6989795918367,22.005707396859385,6.69,23.3
1998-05-02,T44,13.2086167800454,13.268851900780263,-0.06,0.5
1998-05-03,T44,23.8803854875283,13.928295013563687,9.95,41.7
1998-05-04,T44,14.2715419501134,17.264925571065053,-2.99,21.0
1998-05-05,T44,13.1235827664399,16.123953062760283,-3.0,22.9
1998-05-06,T44,20.7766439909297,22.835666856807276,-2.06,9.9
1998-05-07,T44,26.1337868480726,27.36870150691993,-1.23,4.7
1998-05-08,T44,27.2392290249433,23.600145828878112,3.64,13.4
1998-05-09,T44,13.2369614512472,12.70304979471237,0.53,4.0
1998-05-10,T44,14.5975056689342,15.205085487719053,-0.61,4.2
1998-05-11,T44,13.1235827664399,12.493153443295606,0.63,4.8
1998-05-12,T44,17.0209750566893,13.65354841026662,3.37,19.8
1998-05-13,T44,22.6615646258503,22.03474783762028,0.63,2.8
1998-05-14,T44,27.0408163265306,28.784402497509724,-1.74,6.4
1998-05-15,T44,27.1541950113379,24.712838218875987,2.44,9.0
1998-05-16,T44,11.1961451247166,13.429960043692827,-2.23,19.9
1998-05-17,T44,13.5770975056689,14.12612403306937,-0.55,4.1
1998-03-18,T45,20.5924036281179,15.756715160492675,4.84,23.5
1998-03-19,T45,25.3968253968254,26.064648064547807,-0.67,2.6
1998-03-20,T45,28.358843537415,25.061059260404377,3.3,11.6
1998-03-21,T45,10.8134920634921,13.722742216893081,-2.91,26.9
1998-03-22,T45,8.68764172335601,12.725143589149459,-4.04,46.5
1998-03-23,T45,9.19784580498866,12.18788242457747,-2.99,32.5
1998-03-24,T45,13.0527210884354,13.131729743161124,-0.08,0.6
1998-03-25,T45,19.8696145124717,18.721871624782224,1.15,5.8
1998-03-26,T45,24.9716553287982,27.979398114037032,-3.01,12.1
1998-03-27,T45,27.8344671201814,28.966299645767236,-1.13,4.1
1998-03-28,T45,10.2749433106576,13.419847761870152,-3.14,30.6
1998-03-29,T45,13.6196145124717,12.501666017017271,1.12,8.2
1998-03-30,T45,18.140589569161,13.522270875113055,4.62,25.5
1998-03-31,T45,14.8667800453515,16.4589105651478,-1.59,10.7
1998-04-01,T45,13.8180272108844,18.206576176245406,-4.39,31.8
1998-04-02,T45,25.6802721088435,22.733381602115553,2.95,11.5
1998-04-03,T45,26.7006802721088,25.675507128092097,1.03,3.9
1998-04-04,T45,10.1615646258503,11.964819926911108,-1.8,17.7
1998-04-05,T45,12.2732426303855,13.960547854666952,-1.69,13.8
1998-04-06,T45,10.9410430839002,11.81333946493859,-0.87,8.0
1998-04-07,T45,13.3078231292517,12.504063543285488,0.8,6.0
1998-04-08,T45,24.3764172335601,15.722819158790003,8.65,35.5
1998-04-09,T45,23.4835600907029,27.38348959970227,-3.9,16.6
1998-04-10,T45,27.1683673469388,25.281244321238546,1.89,7.0
1998-04-11,T45,7.93650793650794,11.818965062807683,-3.88,48.9
1998-04-12,T45,10.6150793650794,12.007755670480707,-1.39,13.1
1998-04-13,T45,14.6541950113379,11.133564992316582,3.52,24.0
1998-04-14,T45,13.0952380952381,14.172722505783213,-1.08,8.2
1998-04-15,T45,14.3140589569161,19.35040286812771,-5.04,35.2
1998-04-16,T45,21.3860544217687,23.13347232532079,-1.75,8.2
1998-04-17,T45,23.0017006802721,24.419622243418907,-1.42,6.2
1998-04-18,T45,10.7001133786848,10.23257746922448,0.47,4.4
1998-04-19,T45,10.0056689342404,11.372212992245238,-1.37,13.7
1998-04-20,T45,10.969387755102,12.173023300567184,-1.2,10.9
1998-04-21,T45,11.1819727891156,12.277355501882646,-1.1,9.8
1998-04-22,T45,12.202380952381,15.612767322004501,-3.41,27.9
1998-04-23,T45,22.9308390022676,21.359102494110513,1.57,6.8
1998-04-24,T45,5.75396825396825,24.340926280960545,-18.59,323.1
1998-04-25,T45,0.113378684807256,8.411264503940627,-8.3,830.0
1998-04-26,T45,8.33333333333333,7.36283144467047,0.97,11.6
1998-04-27,T45,13.421201814059,11.638865187240153,1.78,13.3
1998-04-28,T45,16.8225623582766,13.193395179421088,3.63,21.6
1998-04-29,T45,22.0804988662131,17.819619134358565,4.26,19.3
1998-04-30,T45,27.6218820861678,26.4371839518552,1.18,4.3
1998-05-01,T45,31.4767573696145,22.687739829257847,8.79,27.9
1998-05-02,T45,9.53798185941043,12.351272768780326,-2.81,29.5
1998-05-03,T45,10.9835600907029,12.376398754201384,-1.39,12.7
1998-05-04,T45,18.2256235827664,14.263799763742448,3.96,21.7
1998-05-05,T45,11.9614512471655,15.960028078971032,-4.0,33.4
1998-05-06,T45,16.8225623582766,17.477643147966752,-0.66,3.9
1998-05-07,T45,25.1275510204082,23.275242004909913,1.85,7.4
1998-05-08,T45,26.8990929705215,24.681328604787375,2.22,8.3
1998-05-09,T45,12.1456916099773,10.23625866980699,1.91,15.7
1998-05-10,T45,12.7692743764172,12.394975610274967,0.37,2.9
1998-05-11,T45,19.1468253968254,12.55669146261667,6.59,34.4
1998-05-12,T45,17.4603174603175,14.916314551270043,2.54,14.5
1998-05-13,T45,16.0714285714286,17.930320050482372,-1.86,11.6
1998-05-14,T45,24.8299319727891,23.955740268268872,0.87,3.5
1998-05-15,T45,26.7857142857143,24.42660179073428,2.36,8.8
1998-05-16,T45,10.969387755102,11.841143516607461,-0.87,7.9
1998-05-17,T45,11.4795918367347,12.503528890317673,-1.02,8.9
1998-03-18,T46,17.0634920634921,18.988184003322683,-1.92,11.3
1998-03-19,T46,21.9954648526077,24.47894883910376,-2.48,11.3
1998-03-20,T46,22.6332199546485,23.50972010651112,-0.88,3.9
1998-03-21,T46,12.6700680272109,11.589760618370773,1.08,8.5
1998-03-22,T46,13.7329931972789,13.840428702582475,-0.11,0.8
1998-03-23,T46,9.09863945578231,11.20195859367686,-2.1,23.1
1998-03-24,T46,10.9977324263039,10.485475602720895,0.51,4.6
1998-03-25,T46,18.1264172335601,18.98754615291831,-0.86,4.7
1998-03-26,T46,26.3180272108844,26.170541555633818,0.15,0.6
1998-03-27,T46,24.546485260771,23.847897716409243,0.7,2.9
1998-03-28,T46,14.030612244898,12.760104756187614,1.27,9.1
1998-03-29,T46,16.000566893424,15.18909911952208,0.81,5.1
1998-03-30,T46,18.8350340136054,13.96416499796805,4.87,25.9
1998-03-31,T46,15.1643990929705,15.38657023540981,-0.22,1.5
1998-04-01,T46,26.6865079365079,18.928242976464556,7.76,29.1
1998-04-02,T46,23.6678004535147,27.4539595097746,-3.79,16.0
1998-04-03,T46,25.0850340136054,22.122982621483736,2.96,11.8
1998-04-04,T46,12.8401360544218,12.917933500228083,-0.08,0.6
1998-04-05,T46,17.1343537414966,15.915559095223195,1.22,7.1
1998-04-06,T46,15.8304988662132,13.289150778718348,2.54,16.0
1998-04-07,T46,14.6116780045351,14.019078309874407,0.59,4.0
1998-04-08,T46,35.0198412698413,20.51821935930097,14.5,41.4
1998-04-09,T46,13.7613378684807,26.524391878253645,-12.76,92.7
1998-04-10,T46,28.1037414965986,20.288576964635435,7.82,27.8
1998-04-11,T46,15.6462585034014,12.968624497222557,2.68,17.1
1998-04-12,T46,11.8339002267574,15.782090452618759,-3.95,33.4
1998-04-13,T46,19.6995464852608,12.95210601023697,6.75,34.3
1998-04-14,T46,12.2590702947846,15.744277061964059,-3.49,28.5
1998-04-15,T46,25.2551020408163,21.343759014571567,3.91,15.5
1998-04-16,T46,22.8174603174603,24.19536446333412,-1.38,6.0
1998-04-17,T46,19.9546485260771,23.93998802302109,-3.99,20.0
1998-04-18,T46,12.4291383219955,12.672323101359822,-0.24,1.9
1998-04-19,T46,14.3424036281179,13.595699138638972,0.75,5.2
1998-04-20,T46,13.109410430839,15.33778825989025,-2.23,17.0
1998-04-21,T46,13.3786848072562,13.09942725570317,0.28,2.1
1998-04-22,T46,21.0034013605442,22.43270649608101,-1.43,6.8
1998-04-23,T46,22.2647392290249,24.6923787392182,-2.43,10.9
1998-04-24,T46,19.1043083900227,22.49201404199377,-3.39,17.7
1998-04-25,T46,9.94897959183673,11.495153645405223,-1.55,15.6
1998-04-26,T46,13.421201814059,13.503563246368813,-0.08,0.6
1998-04-27,T46,16.8509070294785,14.237512297128205,2.61,15.5
1998-04-28,T46,16.4257369614512,15.559631359223737,0.87,5.3
1998-04-29,T46,29.2091836734694,24.38081766529733,4.83,16.5
1998-04-30,T46,26.0770975056689,25.179242561930934,0.9,3.5
1998-05-01,T46,26.4597505668934,22.01149680292219,4.45,16.8
1998-05-02,T46,15.4620181405896,13.732981443023048,1.73,11.2
1998-05-03,T46,13.5487528344671,15.287252426983724,-1.74,12.8
1998-05-04,T46,16.9075963718821,16.543340029937095,0.36,2.1
1998-05-05,T46,12.5283446712018,15.463878725886325,-2.94,23.5
1998-05-06,T46,22.9733560090703,23.839001321983957,-0.87,3.8
1998-05-07,T46,27.5651927437642,24.358398874119274,3.21,11.6
1998-05-08,T46,23.7103174603175,23.943825388601375,-0.23,1.0
1998-05-09,T46,13.3928571428571,13.002641519275185,0.39,2.9
1998-05-10,T46,14.8384353741497,13.71767756547316,1.12,7.5
1998-05-11,T46,11.9331065759637,14.201441583564929,-2.27,19.0
1998-05-12,T46,12.0890022675737,13.139602378500877,-1.05,8.7
1998-05-13,T46,23.2851473922902,21.17476040632146,2.11,9.1
1998-05-14,T46,24.2488662131519,26.715231854930778,-2.47,10.2
1998-05-15,T46,25.15589569161,21.855761448959043,3.3,13.1
1998-05-16,T46,11.3803854875283,12.953735456340045,-1.57,13.8
1998-05-17,T46,16.2131519274376,13.785729368764056,2.43,15.0
1998-03-18,T47,30.0878684807256,40.931425227571566,-10.84,36.0
1998-03-19,T47,54.1383219954649,48.26137208324076,5.88,10.9
1998-03-20,T47,53.500566893424,43.75373418744068,9.75,18.2
1998-03-21,T47,39.6967120181406,34.48094841249582,5.22,13.1
1998-03-22,T47,29.7052154195011,30.717849047380117,-1.01,3.4
1998-03-23,T47,19.9404761904762,25.522115773763673,-5.58,28.0
1998-03-24,T47,28.6139455782313,29.30345814340484,-0.69,2.4
1998-03-25,T47,37.046485260771,38.07473041615497,-1.03,2.8
1998-03-26,T47,60.9268707482993,55.911475021850904,5.02,8.2
1998-03-27,T47,49.4047619047619,50.103999192052825,-0.7,1.4
1998-03-28,T47,30.6547619047619,34.826497928346996,-4.17,13.6
1998-03-29,T47,27.6927437641723,28.074535722627488,-0.38,1.4
1998-03-30,T47,27.593537414966,24.50896937171104,3.08,11.2
1998-03-31,T47,34.5804988662132,31.19575856340245,3.38,9.8
1998-04-01,T47,45.1955782312925,38.0914992262779,7.1,15.7
1998-04-02,T47,55.93820861678,57.59537420442296,-1.66,3.0
1998-04-03,T47,52.4801587301587,46.76764699590666,5.71,10.9
1998-04-04,T47,25.5385487528345,33.26439551818191,-7.73,30.3
1998-04-05,T47,19.2460317460317,26.87235680371921,-7.63,39.6
1998-04-06,T47,23.9937641723356,20.14227291207802,3.85,16.0
1998-04-07,T47,36.5362811791383,29.338269319052124,7.2,19.7
1998-04-08,T47,58.8860544217687,41.16588821442703,17.72,30.1
1998-04-09,T47,46.5277777777778,58.52346112145123,-12.0,25.8
1998-04-10,T47,40.6462585034014,44.741828446290924,-4.1,10.1
1998-04-11,T47,25.2692743764172,28.934735409801537,-3.67,14.5
1998-04-12,T47,30.7256235827664,24.47618949365221,6.25,20.3
1998-04-13,T47,29.5209750566893,23.826522876330877,5.69,19.3
1998-04-14,T47,26.2896825396825,33.91455122848138,-7.62,29.0
1998-04-15,T47,39.3707482993197,38.349848120762616,1.02,2.6
1998-04-16,T47,54.6201814058957,51.223585058568204,3.4,6.2
1998-04-17,T47,49.0079365079365,41.449163793139846,7.56,15.4
1998-04-18,T47,31.3917233560091,31.699195134917957,-0.31,1.0
1998-04-19,T47,28.8548752834467,29.346218803939344,-0.49,1.7
1998-04-20,T47,22.5056689342404,26.432192948947204,-3.93,17.5
1998-04-21,T47,29.1241496598639,27.883478097546753,1.24,4.3
1998-04-22,T47,37.3866213151927,41.55430918223361,-4.17,11.2
1998-04-23,T47,56.7460317460318,54.32194118564864,2.42,4.3
1998-04-24,T47,50.1700680272109,45.686124250710016,4.48,8.9
1998-04-25,T47,32.6530612244898,31.988236424097344,0.66,2.0
1998-04-26,T47,27.1258503401361,29.043213960055855,-1.92,7.1
1998-04-27,T47,22.0946712018141,24.713853061829827,-2.62,11.9
1998-04-28,T47,30.4138321995465,30.33869761351549,0.08,0.3
1998-04-29,T47,45.9892290249433,41.368786175880345,4.62,10.0
1998-04-30,T47,66.468253968254,57.35152146328047,9.12,13.7
1998-05-01,T47,53.0895691609977,50.71212716336287,2.38,4.5
1998-05-02,T47,40.1643990929705,33.35619166152837,6.81,17.0
1998-05-03,T47,34.5663265306122,33.369385971985125,1.2,3.5
1998-05-04,T47,31.9727891156463,29.190546499394703,2.78,8.7
1998-05-05,T47,22.2789115646259,31.288338724291012,-9.01,40.4
1998-05-06,T47,42.9563492063492,36.263207396785475,6.69,15.6
1998-05-07,T47,62.8259637188209,55.097020948661594,7.73,12.3
1998-05-08,T47,50.1417233560091,49.247013757287355,0.89,1.8
1998-05-09,T47,33.7018140589569,34.26027881542901,-0.56,1.7
1998-05-10,T47,28.656462585034,31.478055496956507,-2.82,9.8
1998-05-11,T47,26.4172335600907,28.050279177827996,-1.63,6.2
1998-05-12,T47,27.2534013605442,26.61413082122559,0.64,2.3
1998-05-13,T47,44.3735827664399,39.072764834371384,5.3,11.9
1998-05-14,T47,65.2069160997732,58.84273758473206,6.36,9.8
1998-05-15,T47,49.7448979591837,50.45630246864009,-0.71,1.4
1998-05-16,T47,34.4812925170068,33.77373388497331,0.71,2.1
1998-05-17,T47,32.6672335600907,30.1790621177337,2.49,7.6
1998-03-18,T48,25.31179138322,26.384899937788525,-1.07,4.2
1998-03-19,T48,42.7437641723356,39.547258208265646,3.2,7.5
1998-03-20,T48,49.1496598639456,40.72345130713161,8.43,17.2
1998-03-21,T48,0.0,23.415867231722217,-23.42,2342.0
1998-03-22,T48,12.3582766439909,9.387793903780148,2.97,24.0
1998-03-23,T48,16.1848072562358,14.565638966269121,1.62,10.0
1998-03-24,T48,18.452380952381,20.634380921219215,-2.18,11.8
1998-03-25,T48,33.687641723356,28.403465014617414,5.28,15.7
1998-03-26,T48,47.5056689342404,45.46020763234859,2.05,4.3
1998-03-27,T48,51.7006802721088,43.73063906490803,7.97,15.4
1998-03-28,T48,20.1814058956916,24.296958088237755,-4.12,20.4
1998-03-29,T48,13.2369614512472,16.907461037962715,-3.67,27.7
1998-03-30,T48,21.2443310657596,19.434595516367814,1.81,8.5
1998-03-31,T48,22.7465986394558,22.113561706285477,0.63,2.8
1998-04-01,T48,27.5226757369614,28.649626829915515,-1.13,4.1
1998-04-02,T48,37.0748299319728,41.71945177144041,-4.64,12.5
1998-04-03,T48,45.1105442176871,39.244017964980145,5.87,13.0
1998-04-04,T48,14.8667800453515,20.88213824480967,-6.02,40.5
1998-04-05,T48,12.18820861678,17.817762647946537,-5.63,46.2
1998-04-06,T48,21.5986394557823,15.682221415880107,5.92,27.4
1998-04-07,T48,20.8333333333333,20.86784020467683,-0.03,0.1
1998-04-08,T48,43.3531746031746,27.16137035254871,16.19,37.3
1998-04-09,T48,41.5532879818594,41.42470448823348,0.13,0.3
1998-04-10,T48,32.8656462585034,42.03462135075323,-9.17,27.9
1998-04-11,T48,15.5328798185941,15.209115915107864,0.32,2.1
1998-04-12,T48,17.984693877551,15.23574558729558,2.75,15.3
1998-04-13,T48,18.8208616780045,17.199887232837426,1.62,8.6
1998-04-14,T48,19.7987528344671,20.81444300767486,-1.02,5.2
1998-04-15,T48,27.5085034013605,30.52453252860202,-3.02,11.0
1998-04-16,T48,36.1961451247166,41.39022546653039,-5.19,14.3
1998-04-17,T48,43.2823129251701,33.11006600834154,10.17,23.5
1998-04-18,T48,24.1496598639456,18.015248000532026,6.13,25.4
1998-04-19,T48,16.7375283446712,18.57518522154453,-1.84,11.0
1998-04-20,T48,18.1547619047619,17.671052627379254,0.48,2.6
1998-04-21,T48,19.3168934240363,20.145718414223488,-0.83,4.3
1998-04-22,T48,25.5952380952381,30.527084489807116,-4.93,19.3
1998-04-23,T48,47.6332199546485,40.27199264471739,7.36,15.5
1998-04-24,T48,14.7534013605442,40.20915467825343,-25.46,172.6
1998-04-25,T48,0.0,12.735953748994813,-12.74,1274.0
1998-04-26,T48,5.52721088435374,9.911844938082337,-4.38,79.2
1998-04-27,T48,25.3684807256236,18.09522122970815,7.27,28.7
1998-04-28,T48,22.8174603174603,21.972719511525057,0.84,3.7
1998-04-29,T48,31.7176870748299,29.638933474844116,2.08,6.6
1998-04-30,T48,48.8236961451247,45.04887472138892,3.77,7.7
1998-05-01,T48,42.7437641723356,34.00307700760093,8.74,20.4
1998-05-02,T48,21.5561224489796,21.093840095861985,0.46,2.1
1998-05-03,T48,21.5702947845805,17.874822271326224,3.7,17.2
1998-05-04,T48,12.0748299319728,22.474828606360468,-10.4,86.1
1998-05-05,T48,18.2114512471655,20.887287769076202,-2.68,14.7
1998-05-06,T48,25.6519274376417,29.568613294547397,-3.92,15.3
1998-05-07,T48,49.6173469387755,39.82751535208565,9.79,19.7
1998-05-08,T48,35.8560090702948,37.19212027487571,-1.34,3.7
1998-05-09,T48,0.0,18.414300214423683,-18.41,1841.0
1998-05-10,T48,12.0606575963719,12.295599542506345,-0.23,1.9
1998-05-11,T48,22.6615646258503,14.490526686748336,8.17,36.1
1998-05-12,T48,19.7278911564626,19.763773357911077,-0.04,0.2
1998-05-13,T48,26.1763038548753,26.840871712755476,-0.66,2.5
1998-05-14,T48,47.2789115646259,41.097133493181936,6.18,13.1
1998-05-15,T48,47.8174603174603,35.707936107008635,12.11,25.3
1998-05-16,T48,7.38378684807256,23.863162171645335,-16.48,223.2
1998-05-17,T48,10.1757369614512,14.620418583922968,-4.44,43.6
1998-03-18,T49,17.3611111111111,14.594824870795986,2.77,16.0
1998-03-19,T49,39.1581632653061,25.85364558241895,13.3,34.0
1998-03-20,T49,10.0765306122449,26.10709608306675,-16.03,159.1
1998-03-21,T49,0.0283446712018141,7.664687376192933,-7.64,764.0
1998-03-22,T49,4.90362811791383,7.654077208491482,-2.75,56.1
1998-03-23,T49,8.70181405895692,11.558256663319076,-2.86,32.9
1998-03-24,T49,11.0260770975057,11.650611435465894,-0.62,5.6
1998-03-25,T49,20.4081632653061,17.89741459643561,2.51,12.3
1998-03-26,T49,37.2165532879819,32.949724152262434,4.27,11.5
1998-03-27,T49,28.1604308390023,27.609303768122732,0.55,2.0
1998-03-28,T49,14.6967120181406,12.30575705201505,2.39,16.3
1998-03-29,T49,13.2511337868481,13.725441683650512,-0.47,3.5
1998-03-30,T49,21.1167800453515,13.377120803612113,7.74,36.7
1998-03-31,T49,16.4115646258503,17.067056031302013,-0.66,4.0
1998-04-01,T49,21.6978458049887,19.362994504531216,2.33,10.7
1998-04-02,T49,28.7840136054422,31.256557058427337,-2.47,8.6
1998-04-03,T49,34.750566893424,24.383617593218467,10.37,29.8
1998-04-04,T49,17.5453514739229,14.171615244031706,3.37,19.2
1998-04-05,T49,17.7862811791383,15.573245147782089,2.21,12.4
1998-04-06,T49,10.7284580498866,14.419334032522222,-3.69,34.4
1998-04-07,T49,11.9331065759637,13.201952542887083,-1.27,10.6
1998-04-08,T49,26.1196145124717,18.069686066436894,8.05,30.8
1998-04-09,T49,25.4676870748299,31.86566450414869,-6.4,25.1
1998-04-10,T49,24.1496598639456,26.393998935355018,-2.24,9.3
1998-04-11,T49,12.3582766439909,12.79205839840673,-0.43,3.5
1998-04-12,T49,9.99149659863946,13.988449988519399,-4.0,40.0
1998-04-13,T49,13.2227891156463,11.086071860528987,2.14,16.2
1998-04-14,T49,17.8713151927438,13.114084328568019,4.76,26.6
1998-04-15,T49,15.6037414965986,23.00628827398351,-7.4,47.4
1998-04-16,T49,27.7636054421769,27.09803256030577,0.67,2.4
1998-04-17,T49,24.7165532879819,23.07889452339132,1.64,6.6
1998-04-18,T49,11.6496598639456,12.91497616694122,-1.27,10.9
1998-04-19,T49,12.7834467120181,12.625570809214754,0.16,1.3
1998-04-20,T49,10.0907029478458,12.153078275484607,-2.06,20.4
1998-04-21,T49,12.7834467120181,14.461811181877774,-1.68,13.1
1998-04-22,T49,18.9342403628118,18.28875105709399,0.65,3.4
1998-04-23,T49,28.8265306122449,29.442975891679033,-0.62,2.2
1998-04-24,T49,8.00736961451247,26.637996537042135,-18.63,232.7
1998-04-25,T49,7.39795918367347,10.022610183483934,-2.62,35.4
1998-04-26,T49,14.2148526077098,12.082596225886684,2.13,15.0
1998-04-27,T49,12.8259637188209,12.604268019604522,0.22,1.7
1998-04-28,T49,13.8888888888889,14.34590446093263,-0.46,3.3
1998-04-29,T49,18.3390022675737,20.545088331360873,-2.21,12.1
1998-04-30,T49,31.40589569161,29.23953232488209,2.17,6.9
1998-05-01,T49,24.702380952381,25.466903216583425,-0.76,3.1
1998-05-02,T49,5.27210884353742,11.914669530177598,-6.64,125.9
1998-05-03,T49,8.2624716553288,12.43164934915895,-4.17,50.5
1998-05-04,T49,16.4965986394558,13.011249225748006,3.49,21.2
1998-05-05,T49,12.4716553287982,15.167187924152392,-2.7,21.6
1998-05-06,T49,15.3344671201814,18.329663482342077,-3.0,19.6
1998-05-07,T49,28.6706349206349,25.15798859046546,3.51,12.2
1998-05-08,T49,24.9574829931973,22.400122700992114,2.56,10.3
1998-05-09,T49,9.41043083900227,9.886314748340315,-0.48,5.1
1998-05-10,T49,12.3157596371882,11.791655831632362,0.52,4.2
1998-05-11,T49,9.60884353741497,12.169753860247635,-2.56,26.6
1998-05-12,T49,10.0198412698413,12.727449378346364,-2.71,27.0
1998-05-13,T49,20.2239229024943,15.716566559075819,4.51,22.3
1998-05-14,T49,25.5810657596372,29.278952178599305,-3.7,14.5
1998-05-15,T49,26.3321995464853,22.813225285322993,3.52,13.4
1998-05-16,T49,8.70181405895692,10.846965833228023,-2.15,24.7
1998-05-17,T49,8.29081632653061,12.374923086964184,-4.08,49.2
1998-03-18,T5,25.2834467120181,23.21647054082168,2.07,8.2
1998-03-19,T5,41.7233560090703,41.46278000022556,0.26,0.6
1998-03-20,T5,33.4750566893424,31.75561195402213,1.72,5.1
1998-03-21,T5,16.1989795918367,17.009150779861326,-0.81,5.0
1998-03-22,T5,12.8543083900227,14.958890899552394,-2.1,16.3
1998-03-23,T5,10.7284580498866,13.90245638442967,-3.17,29.5
1998-03-24,T5,15.4053287981859,15.091407073397434,0.31,2.0
1998-03-25,T5,27.9620181405896,26.564511340568068,1.4,5.0
1998-03-26,T5,48.171768707483,44.16144578078326,4.01,8.3
1998-03-27,T5,38.4637188208617,34.31912099064757,4.14,10.8
1998-03-28,T5,17.4319727891156,18.261440708115835,-0.83,4.8
1998-03-29,T5,18.6224489795918,15.36136766097168,3.26,17.5
1998-03-30,T5,15.391156462585,16.947527526869752,-1.56,10.1
1998-03-31,T5,17.0493197278912,18.1393284983941,-1.09,6.4
1998-04-01,T5,27.5226757369614,25.77180280999779,1.75,6.4
1998-04-02,T5,41.7517006802721,42.452546825597075,-0.7,1.7
1998-04-03,T5,50.1700680272109,34.021529905133235,16.15,32.2
1998-04-04,T5,32.3837868480726,21.082884214826237,11.3,34.9
1998-04-05,T5,21.7261904761905,20.55661354502579,1.17,5.4
1998-04-06,T5,14.1014739229025,15.754027875896613,-1.65,11.7
1998-04-07,T5,17.7721088435374,16.00997083159196,1.76,9.9
1998-04-08,T5,34.452947845805,25.331406845583512,9.12,26.5
1998-04-09,T5,60.2749433106576,43.843588132506,16.43,27.3
1998-04-10,T5,32.4404761904762,43.97514071756153,-11.53,35.5
1998-04-11,T5,13.5912698412698,17.628906109754013,-4.04,29.7
1998-04-12,T5,12.9393424036281,17.695698163233722,-4.76,36.8
1998-04-13,T5,15.391156462585,13.050611096959768,2.34,15.2
1998-04-14,T5,10.3032879818594,17.185762930152055,-6.88,66.8
1998-04-15,T5,22.9024943310658,24.07928922080246,-1.18,5.2
1998-04-16,T5,43.452380952381,41.61177430400704,1.84,4.2
1998-04-17,T5,40.4903628117914,31.154465801505268,9.34,23.1
1998-04-18,T5,24.7590702947846,20.359045858282332,4.4,17.8
1998-04-19,T5,16.7375283446712,18.675115776720098,-1.94,11.6
1998-04-20,T5,13.4637188208617,14.768202883460894,-1.3,9.7
1998-04-21,T5,13.9739229024943,15.41016130919018,-1.44,10.3
1998-04-22,T5,23.7953514739229,24.981269743700448,-1.19,5.0
1998-04-23,T5,48.1434240362812,42.20339197277555,5.94,12.3
1998-04-24,T5,11.4937641723356,35.4651166707378,-23.97,208.5
1998-04-25,T5,17.3327664399093,14.213149533160891,3.12,18.0
1998-04-26,T5,17.7721088435374,16.547969725989894,1.22,6.9
1998-04-27,T5,14.3707482993197,15.177159481072287,-0.81,5.6
1998-04-28,T5,17.5453514739229,16.291801041654047,1.25,7.1
1998-04-29,T5,32.4404761904762,27.292109339115193,5.15,15.9
1998-04-30,T5,46.6269841269841,47.84056376606428,-1.21,2.6
1998-05-01,T5,38.7471655328798,32.82735347687672,5.92,15.3
1998-05-02,T5,4.29421768707483,20.709623292777067,-16.42,382.4
1998-05-03,T5,0.0,13.20850118740922,-13.21,1321.0
1998-05-04,T5,0.0,11.590074788659154,-11.59,1159.0
1998-05-05,T5,4.97448979591837,12.942225152013258,-7.97,160.2
1998-05-06,T5,35.4450113378685,25.796438990334323,9.65,27.2
1998-05-07,T5,45.1955782312925,46.48613583449362,-1.29,2.9
1998-05-08,T5,33.7585034013605,32.27036265721444,1.49,4.4
1998-05-09,T5,18.9909297052154,15.125076270019047,3.87,20.4
1998-05-10,T5,16.8650793650794,15.968650440486702,0.9,5.3
1998-05-11,T5,16.000566893424,13.728827678630417,2.27,14.2
1998-05-12,T5,15.0793650793651,15.081427742078084,-0.0,0.0
1998-05-13,T5,20.8333333333333,26.92566543041336,-6.09,29.2
1998-05-14,T5,40.6462585034014,38.82229658298961,1.82,4.5
1998-05-15,T5,33.3049886621315,32.60589044244526,0.7,2.1
1998-05-16,T5,16.6666666666667,18.362051062361555,-1.7,10.2
1998-05-17,T5,14.1014739229025,16.4072588620293,-2.31,16.4
1998-03-18,T50,15.4478458049887,20.37161726404391,-4.92,31.8
1998-03-19,T50,38.8321995464853,32.67110646908262,6.16,15.9
1998-03-20,T50,39.6541950113379,37.526693513041536,2.13,5.4
1998-03-21,T50,21.0600907029478,22.190339853628686,-1.13,5.4
1998-03-22,T50,17.1626984126984,18.63519307111229,-1.47,8.6
1998-03-23,T50,12.7267573696145,16.464636701310283,-3.74,29.4
1998-03-24,T50,10.0198412698413,16.669623934585648,-6.65,66.4
1998-03-25,T50,21.5561224489796,18.82688234619059,2.73,12.7
1998-03-26,T50,45.7199546485261,37.46522286317335,8.25,18.0
1998-03-27,T50,38.7755102040816,37.989324563760064,0.79,2.0
1998-03-28,T50,22.5481859410431,21.123368141602796,1.42,6.3
1998-03-29,T50,19.2176870748299,18.759554946668047,0.46,2.4
1998-03-30,T50,24.3764172335601,17.895617543074916,6.48,26.6
1998-03-31,T50,17.8713151927438,18.74278683648747,-0.87,4.9
1998-04-01,T50,11.4087301587302,21.875990364165176,-10.47,91.8
1998-04-02,T50,49.0362811791383,33.753659492425925,15.28,31.2
1998-04-03,T50,43.1547619047619,36.95452582095942,6.2,14.4
1998-04-04,T50,13.2369614512472,22.337692386397922,-9.1,68.7
1998-04-05,T50,10.7709750566893,17.868610437994704,-7.1,65.9
1998-04-06,T50,16.609977324263,14.892467035019703,1.72,10.4
1998-04-07,T50,21.5419501133787,16.031733234746323,5.51,25.6
1998-04-08,T50,36.0260770975057,18.844028753252175,17.18,47.7
1998-04-09,T50,36.7913832199546,45.37487468382645,-8.58,23.3
1998-04-10,T50,25.609410430839,36.71604352555154,-11.11,43.4
1998-04-11,T50,18.43820861678,15.331991209221558,3.11,16.9
1998-04-12,T50,21.9387755102041,16.68849690428333,5.25,23.9
1998-04-13,T50,10.5867346938776,17.29138495272491,-6.7,63.3
1998-04-14,T50,15.7738095238095,17.039012064604652,-1.27,8.1
1998-04-15,T50,22.6048752834467,22.461875097538055,0.14,0.6
1998-04-16,T50,38.6904761904762,37.22507541924126,1.47,3.8
1998-04-17,T50,38.2936507936508,30.653342338322737,7.64,20.0
1998-04-18,T50,22.562358276644,20.36849711313823,2.19,9.7
1998-04-19,T50,21.952947845805,20.072111624581467,1.88,8.6
1998-04-20,T50,20.8616780045351,17.224741754646626,3.64,17.4
1998-04-21,T50,18.8633786848073,18.708565964024103,0.15,0.8
1998-04-22,T50,24.3339002267574,23.808256548797907,0.53,2.2
1998-04-23,T50,44.203514739229,39.70367078041495,4.5,10.2
1998-04-24,T50,14.3565759637188,36.68576832995187,-22.33,155.5
1998-04-25,T50,46.0459183673469,13.327592573282692,32.72,71.1
1998-04-26,T50,18.3673469387755,26.07080589398086,-7.7,41.9
1998-04-27,T50,19.2318594104308,19.387784967833355,-0.16,0.8
1998-04-28,T50,12.2165532879819,20.644254079232276,-8.43,69.0
1998-04-29,T50,31.2074829931973,23.99083418002838,7.22,23.1
1998-04-30,T50,31.56179138322,45.99461145906257,-14.43,45.7
1998-05-01,T50,41.624149659864,27.112325227097514,14.51,34.9
1998-05-02,T50,23.9654195011338,24.19750287550182,-0.23,1.0
1998-05-03,T50,26.8424036281179,19.906292478870604,6.94,25.9
1998-05-04,T50,18.0130385487528,20.321885286816194,-2.31,12.8
1998-05-05,T50,16.4824263038549,17.01589286143028,-0.53,3.2
1998-05-06,T50,16.921768707483,26.78190010859139,-9.86,58.3
1998-05-07,T50,45.1105442176871,31.08097890272396,14.03,31.1
1998-05-08,T50,25.7794784580499,34.74269051126361,-8.96,34.8
1998-05-09,T50,0.0,18.98398727336048,-18.98,1898.0
1998-05-10,T50,9.50963718820862,12.297884830775295,-2.79,29.3
1998-05-11,T50,17.7721088435374,14.858075335816562,2.91,16.4
1998-05-12,T50,18.1264172335601,16.50736119346649,1.62,8.9
1998-05-13,T50,24.9716553287982,22.223354225849558,2.75,11.0
1998-05-14,T50,43.2539682539683,38.775890232422825,4.48,10.4
1998-05-15,T50,33.8293650793651,30.182428330611593,3.65,10.8
1998-05-16,T50,21.031746031746,23.767306785120333,-2.74,13.0
1998-05-17,T50,18.9484126984127,19.184729899314622,-0.24,1.3
1998-03-18,T51,15.9915833771699,15.946869723552293,0.04,0.3
1998-03-19,T51,21.8174644923724,20.50744637674952,1.31,6.0
1998-03-20,T51,26.6175697001578,23.590113546530517,3.03,11.4
1998-03-21,T51,10.678590215676,13.19480876878538,-2.52,23.6
1998-03-22,T51,12.5854813256181,10.04967358687032,2.54,20.2
1998-03-23,T51,9.44239873750658,11.251942381024563,-1.81,19.2
1998-03-24,T51,11.638611257233,11.693419551139694,-0.05,0.4
1998-03-25,T51,17.9510783798001,18.520064799815174,-0.57,3.2
1998-03-26,T51,24.5923198316675,25.626034885169354,-1.03,4.2
1998-03-27,T51,28.1825355076276,26.922408724411675,1.26,4.5
1998-03-28,T51,15.189374013677,13.05490096990665,2.13,14.0
1998-03-29,T51,6.08890057864282,13.646302470581224,-7.56,124.2
1998-03-30,T51,15.0710152551289,14.212929320283173,0.86,5.7
1998-03-31,T51,13.6901630720673,14.434957221121714,-0.74,5.4
1998-04-01,T51,17.2935297211994,17.880109514306504,-0.59,3.4
1998-04-02,T51,23.4218832193582,22.556398313822566,0.87,3.7
1998-04-03,T51,31.1546554445029,25.499635960560518,5.66,18.2
1998-04-04,T51,21.462388216728,14.022059858747859,7.44,34.7
1998-04-05,T51,4.23461336138874,13.830561859393015,-9.6,226.7
1998-04-06,T51,11.2046291425565,11.958860054722756,-0.75,6.7
1998-04-07,T51,13.361388742767,12.203295088980015,1.16,8.7
1998-04-08,T51,20.2656496580747,16.47240230734449,3.79,18.7
1998-04-09,T51,29.7738032614413,22.747181969020748,7.03,23.6
1998-04-10,T51,24.8947922146239,28.869833357207263,-3.98,16.0
1998-04-11,T51,10.8364018937401,14.178661762585689,-3.34,30.8
1998-04-12,T51,9.0215675960021,10.6824304258955,-1.66,18.4
1998-04-13,T51,9.90268279852709,10.897859634261337,-1.0,10.1
1998-04-14,T51,9.44239873750658,12.382136924770807,-2.94,31.1
1998-04-15,T51,16.109942135718,17.030849461596663,-0.92,5.7
1998-04-16,T51,22.290899526565,24.49239581189162,-2.2,9.9
1998-04-17,T51,24.3424513413993,23.61479659798573,0.73,3.0
1998-04-18,T51,15.6102051551815,12.93121054103489,2.68,17.2
1998-04-19,T51,12.5460284061021,12.383645138058904,0.16,1.3
1998-04-20,T51,11.0731194108364,10.843914570424868,0.23,2.1
1998-04-21,T51,9.33719095213046,11.212028945859352,-1.87,20.0
1998-04-22,T51,17.898474487112,16.12976266990885,1.77,9.9
1998-04-23,T51,25.9468700683851,24.60784521757007,1.34,5.2
1998-04-24,T51,7.28563913729616,25.42533354945082,-18.14,249.0
1998-04-25,T51,8.15360336664913,10.55289213497343,-2.4,29.4
1998-04-26,T51,12.6775381378222,10.778045257907868,1.9,15.0
1998-04-27,T51,11.4150447133088,11.629487330300478,-0.21,1.8
1998-04-28,T51,21.5018411362441,11.716693300703858,9.79,45.5
1998-04-29,T51,18.0694371383482,20.998694853384414,-2.93,16.2
1998-04-30,T51,28.0641767490794,27.03958921791719,1.02,3.6
1998-05-01,T51,28.7348763808522,23.76817129004641,4.97,17.3
1998-05-02,T51,29.471330878485,13.228694356481673,16.24,55.1
1998-05-03,T51,22.5539189900053,17.12793216982552,5.43,24.1
1998-05-04,T51,4.2872172540768,15.897178174094524,-11.61,270.8
1998-05-05,T51,12.3619147816938,14.018688546947757,-1.66,13.4
1998-05-06,T51,15.6496580746975,17.419446344646932,-1.77,11.3
1998-05-07,T51,23.0010520778538,24.30714700342507,-1.31,5.7
1998-05-08,T51,27.656496580747,22.591261268441407,5.07,18.3
1998-05-09,T51,12.9274066280905,15.490693707243798,-2.56,19.8
1998-05-10,T51,15.9258285113098,14.351292561164495,1.57,9.9
1998-05-11,T51,10.5339295107838,11.073656190593432,-0.54,5.1
1998-05-12,T51,16.1362440820621,12.071818411621035,4.06,25.2
1998-05-13,T51,17.1094160967912,17.471105861577335,-0.36,2.1
1998-05-14,T51,24.079431877959,23.803449698145325,0.28,1.2
1998-05-15,T51,27.5644397685429,24.079057621042924,3.49,12.7
1998-05-16,T51,13.6638611257233,15.031360117830143,-1.37,10.0
1998-05-17,T51,12.8748027354024,14.782211268435343,-1.91,14.8
1998-03-18,T52,32.3250920568122,28.845717331507544,3.48,10.8
1998-03-19,T52,40.4918463966334,47.0488888131127,-6.56,16.2
1998-03-20,T52,48.8032614413467,41.4047422974293,7.4,15.2
1998-03-21,T52,17.832719621252,22.819260165585558,-4.99,28.0
1998-03-22,T52,12.4408206207259,18.405225819881856,-5.96,47.9
1998-03-23,T52,13.2035770647028,16.901527115478757,-3.7,28.0
1998-03-24,T52,15.4129405576013,16.11647319198239,-0.7,4.5
1998-03-25,T52,31.9963177275118,33.209652379073795,-1.21,3.8
1998-03-26,T52,60.8495528669121,49.449320622818945,11.4,18.7
1998-03-27,T52,48.8427143608627,48.3531666680403,0.49,1.0
1998-03-28,T52,11.6517622304051,23.870408001329462,-12.22,104.9
1998-03-29,T52,16.6885849552867,15.635504218865163,1.05,6.3
1998-03-30,T52,18.8584955286691,16.59585630680605,2.26,12.0
1998-03-31,T52,17.5170962651236,19.094359138789358,-1.58,9.0
1998-04-01,T52,37.6117832719621,31.43767464901554,6.17,16.4
1998-04-02,T52,60.4681746449237,53.50011518027852,6.97,11.5
1998-04-03,T52,53.3008942661757,49.33849155724593,3.96,7.4
1998-04-04,T52,14.5712782745923,25.24447300609419,-10.67,73.2
1998-04-05,T52,18.8979484481852,17.367264919782716,1.53,8.1
1998-04-06,T52,20.3051025775907,16.69479637430471,3.61,17.8
1998-04-07,T52,19.3713834823777,17.93551186253699,1.44,7.4
1998-04-08,T52,85.1920042083114,31.69542632868876,53.5,62.8
1998-04-09,T52,53.9058390320884,62.87755864982244,-8.97,16.6
1998-04-10,T52,64.7290899526565,49.97826445482907,14.75,22.8
1998-04-11,T52,14.0978432403998,17.373405849490588,-3.28,23.3
1998-04-12,T52,12.3882167280379,19.091281783954585,-6.7,54.1
1998-04-13,T52,15.8732246186218,18.539003794191373,-2.67,16.8
1998-04-14,T52,17.872172540768,19.646803280067545,-1.77,9.9
1998-04-15,T52,33.8769068911099,35.27085569496133,-1.39,4.1
1998-04-16,T52,48.5402419779064,51.86671158755267,-3.33,6.9
1998-04-17,T52,41.5965281430826,47.39767368126488,-5.8,13.9
1998-04-18,T52,13.9005786428196,16.892708819875985,-2.99,21.5
1998-04-19,T52,13.3087848500789,15.609857697524301,-2.3,17.3
1998-04-20,T52,21.8569174118885,16.056475452046726,5.8,26.5
1998-04-21,T52,14.1109942135718,20.26178129212289,-6.15,43.6
1998-04-22,T52,36.4413466596528,33.05543166569143,3.39,9.3
1998-04-23,T52,53.8400841662283,53.64159379671876,0.2,0.4
1998-04-24,T52,13.9531825355076,43.13925670446546,-29.19,209.2
1998-04-25,T52,11.4807995791689,10.251861013295194,1.23,10.7
1998-04-26,T52,18.1483429773803,15.33478205539489,2.81,15.5
1998-04-27,T52,16.2809047869542,19.94167946492749,-3.66,22.5
1998-04-28,T52,24.2766964755392,17.86316098634464,6.41,26.4
1998-04-29,T52,39.4003156233561,39.483386124814345,-0.08,0.2
1998-04-30,T52,62.6643871646502,55.985975041692726,6.68,10.7
1998-05-01,T52,51.4597580220936,44.38882223126063,7.07,13.7
1998-05-02,T52,16.3466596528143,16.862459346998612,-0.52,3.2
1998-05-03,T52,15.9915833771699,17.385363597077127,-1.39,8.7
1998-05-04,T52,26.3282482903735,19.853360752964203,6.47,24.6
1998-05-05,T52,17.3855865334035,22.176053856194986,-4.79,27.6
1998-05-06,T52,34.0873224618622,34.95222202100487,-0.86,2.5
1998-05-07,T52,63.387690689111,49.62608256434873,13.76,21.7
1998-05-08,T52,44.1609679116255,50.1395650460242,-5.98,13.5
1998-05-09,T52,13.9137296159916,16.511321860431426,-2.6,18.7
1998-05-10,T52,12.0594423987375,16.11578919528995,-4.06,33.7
1998-05-11,T52,15.0315623356128,17.560901494543174,-2.53,16.8
1998-05-12,T52,14.1241451867438,17.85591455109593,-3.73,26.4
1998-05-13,T52,35.5207785376118,32.10076667296207,3.42,9.6
1998-05-14,T52,63.5060494476591,52.87343572518896,10.63,16.7
1998-05-15,T52,46.4755391899001,44.12465748813973,2.35,5.1
1998-05-16,T52,15.0710152551289,17.128865650530628,-2.06,13.7
1998-05-17,T52,12.2698579694897,15.476932453621288,-3.21,26.2
1998-03-18,T53,10.8100999473961,10.967006841383728,-0.16,1.5
1998-03-19,T53,18.4508153603367,15.146640272628753,3.3,17.9
1998-03-20,T53,19.2267227774855,16.729853685065383,2.5,13.0
1998-03-21,T53,8.53498158863756,9.075189224048861,-0.54,6.3
1998-03-22,T53,6.73329826407154,8.317418722753098,-1.58,23.5
1998-03-23,T53,8.3903208837454,6.979453583448558,1.41,16.8
1998-03-24,T53,10.4813256180957,10.295349744430613,0.19,1.8
1998-03-25,T53,9.71856917411889,12.520108673652658,-2.8,28.8
1998-03-26,T53,17.7406628090479,16.84487602170598,0.9,5.1
1998-03-27,T53,18.2535507627564,19.11649847278559,-0.86,4.7
1998-03-28,T53,7.78537611783272,9.328470077246386,-1.54,19.8
1998-03-29,T53,6.04944765912678,8.541521842929875,-2.49,41.2
1998-03-30,T53,11.0205155181483,9.597501197861597,1.42,12.9
1998-03-31,T53,11.5071015255129,11.501461055883912,0.01,0.1
1998-04-01,T53,11.8884797475013,11.932989655914206,-0.04,0.3
1998-04-02,T53,13.400841662283,17.249613575158158,-3.85,28.7
1998-04-03,T53,17.7406628090479,15.981388926804623,1.76,9.9
1998-04-04,T53,6.70699631772751,8.232777267667956,-1.53,22.8
1998-04-05,T53,8.04839558127302,7.98185772488061,0.07,0.9
1998-04-06,T53,11.599158337717,8.169061657782901,3.43,29.6
1998-04-07,T53,12.0594423987375,10.70397085644281,1.36,11.3
1998-04-08,T53,17.1094160967912,12.146811597132212,4.96,29.0
1998-04-09,T53,15.3077327722251,17.12335620779684,-1.82,11.9
1998-04-10,T53,14.9789584429248,17.07817196292909,-2.1,14.0
1998-04-11,T53,6.7859021567596,7.444196012408173,-0.66,9.7
1998-04-12,T53,8.96896370331405,8.166385982032862,0.8,8.9
1998-04-13,T53,10.0736454497633,9.011142257220367,1.06,10.5
1998-04-14,T53,10.5733824302998,10.842810738323308,-0.27,2.6
1998-04-15,T53,10.4155707522357,13.447120430172014,-3.03,29.1
1998-04-16,T53,16.2809047869542,15.625651065232223,0.66,4.1
1998-04-17,T53,14.0320883745397,15.444378340270433,-1.41,10.0
1998-04-18,T53,9.11362440820621,7.106133822667483,2.01,22.1
1998-04-19,T53,7.91688584955287,9.184567484315272,-1.27,16.0
1998-04-20,T53,8.56128353498159,8.70462865420026,-0.14,1.6
1998-04-21,T53,10.0473435034193,9.85053180199629,0.2,2.0
1998-04-22,T53,11.9147816938453,11.856405490826111,0.06,0.5
1998-04-23,T53,17.2146238821673,16.4712408434983,0.74,4.3
1998-04-24,T53,5.31299316149395,15.267289044273944,-9.95,187.3
1998-04-25,T53,6.39137296159916,6.31645977637174,0.07,1.1
1998-04-26,T53,9.12677538137822,8.128615759247571,1.0,11.0
1998-04-27,T53,6.7859021567596,9.116123981928807,-2.33,34.3
1998-04-28,T53,12.7958968963703,9.593204482161914,3.2,25.0
1998-04-29,T53,12.5591793792741,14.42165680774262,-1.86,14.8
1998-04-30,T53,17.4250394529195,17.9892171659599,-0.56,3.2
1998-05-01,T53,21.436086270384,13.19878736663276,8.24,38.4
1998-05-02,T53,8.66649132035771,8.918374613679616,-0.25,2.9
1998-05-03,T53,11.599158337717,10.116063783301769,1.48,12.8
1998-05-04,T53,11.2440820620726,10.643797410620067,0.6,5.3
1998-05-05,T53,11.6780641767491,11.507662314207703,0.17,1.5
1998-05-06,T53,10.2840610205155,13.158345318561782,-2.87,27.9
1998-05-07,T53,13.1246712256707,15.653513511158028,-2.53,19.3
1998-05-08,T53,16.4387164650184,15.505031638232728,0.93,5.7
1998-05-09,T53,7.75907417148869,8.056992778993479,-0.3,3.9
1998-05-10,T53,7.98264071541294,9.75022803411684,-1.77,22.2
1998-05-11,T53,7.57496054708048,8.35203701540467,-0.78,10.3
1998-05-12,T53,11.3361388742767,9.4403206358392,1.9,16.8
1998-05-13,T53,11.8884797475013,11.850297911756872,0.04,0.3
1998-05-14,T53,17.2803787480274,15.797021155302675,1.48,8.6
1998-05-15,T53,17.898474487112,15.437554230172035,2.46,13.7
1998-05-16,T53,10.4813256180957,8.17480183007531,2.31,22.0
1998-05-17,T53,8.5744345081536,9.743425232196815,-1.17,13.6
1998-03-18,T54,18.4245134139926,17.45389377083807,0.97,5.3
1998-03-19,T54,27.2093634928985,21.332753163150677,5.88,21.6
1998-03-20,T54,27.8932140978432,22.874971979962865,5.02,18.0
1998-03-21,T54,14.8079957916886,13.527005915379767,1.28,8.6
1998-03-22,T54,13.8216728037875,14.313980433401756,-0.49,3.5
1998-03-23,T54,12.2304050499737,13.207117015278126,-0.98,8.0
1998-03-24,T54,16.8200946870068,15.065884275647853,1.75,10.4
1998-03-25,T54,19.3450815360337,20.46413540037816,-1.12,5.8
1998-03-26,T54,30.4445028932141,27.80250741939274,2.64,8.7
1998-03-27,T54,28.3008942661757,25.76465122432625,2.54,9.0
1998-03-28,T54,13.5455023671752,14.709116174940839,-1.16,8.6
1998-03-29,T54,17.9116254602841,15.271390172736226,2.64,14.7
1998-03-30,T54,16.6754339821147,15.92373021953629,0.75,4.5
1998-03-31,T54,19.8053655970542,18.05832340245464,1.75,8.8
1998-04-01,T54,20.7390846922672,20.10875165674765,0.63,3.0
1998-04-02,T54,25.1578116780642,25.109701947357532,0.05,0.2
1998-04-03,T54,26.9726459758022,23.317036609468055,3.66,13.6
1998-04-04,T54,13.5192004208311,13.424013370008325,0.1,0.7
1998-04-05,T54,17.7012098895318,15.000226474471605,2.7,15.3
1998-04-06,T54,15.5970541820095,14.137681483384455,1.46,9.4
1998-04-07,T54,23.3298264071541,16.184491110714017,7.15,30.6
1998-04-08,T54,24.5134139926355,21.685148200173725,2.83,11.5
1998-04-09,T54,19.3582325092057,26.990015958204573,-7.63,39.4
1998-04-10,T54,22.6985796948974,22.85514096390453,-0.16,0.7
1998-04-11,T54,13.9005786428196,12.874645005540367,1.03,7.4
1998-04-12,T54,13.5981062598632,14.87453289155796,-1.28,9.4
1998-04-13,T54,15.2945817990531,13.362023035881167,1.93,12.6
1998-04-14,T54,18.4376643871647,18.12900139179268,0.31,1.7
1998-04-15,T54,22.4881641241452,21.826312751746023,0.66,2.9
1998-04-16,T54,29.8527091004734,25.952704734322538,3.9,13.1
1998-04-17,T54,27.722251446607,23.78029312512754,3.94,14.2
1998-04-18,T54,15.4918463966334,14.565606689533638,0.93,6.0
1998-04-19,T54,12.9274066280905,15.446837673302463,-2.52,19.5
1998-04-20,T54,15.163072067333,13.748564083098772,1.41,9.3
1998-04-21,T54,16.5176223040505,17.38585387268088,-0.87,5.3
1998-04-22,T54,18.9505523408732,21.938171171820365,-2.99,15.8
1998-04-23,T54,28.5113098369279,28.206961506834663,0.3,1.1
1998-04-24,T54,7.61441346659653,26.56619896788034,-18.95,248.9
1998-04-25,T54,13.0194634402946,10.112458348317402,2.91,22.4
1998-04-26,T54,18.1614939505523,14.16049454697026,4.0,22.0
1998-04-27,T54,12.6643871646502,15.851269683999346,-3.19,25.2
1998-04-28,T54,11.0731194108364,17.222905480527466,-6.15,55.5
1998-04-29,T54,22.9352972119937,19.887202915671836,3.05,13.3
1998-04-30,T54,11.9542346133614,28.772546263973762,-16.82,140.7
1998-05-01,T54,31.3124671225671,15.826507806578512,15.49,49.5
1998-05-02,T54,10.6654392425039,16.046281934786084,-5.38,50.4
1998-05-03,T54,0.0,14.975091904985785,-14.98,1498.0
1998-05-04,T54,10.2577590741715,11.158496927992882,-0.9,8.8
1998-05-05,T54,17.0436612309311,13.138302685093866,3.91,22.9
1998-05-06,T54,6.6938453445555,21.182236274925465,-14.49,216.5
1998-05-07,T54,28.2614413466597,16.113322547214107,12.15,43.0
1998-05-08,T54,26.0520778537612,24.86027931633864,1.19,4.6
1998-05-09,T54,13.5060494476591,13.048208135232022,0.46,3.4
1998-05-10,T54,12.0068385060494,14.407337888052849,-2.4,20.0
1998-05-11,T54,14.6107311941084,11.658771098885769,2.95,20.2
1998-05-12,T54,16.1493950552341,15.515277811120491,0.63,3.9
1998-05-13,T54,18.5954760652288,19.00659704114691,-0.41,2.2
1998-05-14,T54,28.1167806417675,27.19337254022382,0.92,3.3
1998-05-15,T54,0.907417148869016,25.17382777306264,-24.27,2427.0
1998-05-16,T54,8.035244608101,9.548656692917632,-1.51,18.8
1998-05-17,T54,16.096791162546,12.11692639883894,3.98,24.7
1998-03-18,T55,11.1783271962125,8.945623366600014,2.23,19.9
1998-03-19,T55,13.5718043135192,15.778768996879963,-2.21,16.3
1998-03-20,T55,20.6864807995792,14.278004281198749,6.41,31.0
1998-03-21,T55,9.67911625460284,8.725750561967628,0.95,9.8
1998-03-22,T55,6.8779589689637,9.259487260685903,-2.38,34.6
1998-03-23,T55,6.93056286165176,7.32841747443043,-0.4,5.8
1998-03-24,T55,8.32456601788532,7.661129050933566,0.66,7.9
1998-03-25,T55,11.8095739084692,11.774889519725267,0.03,0.3
1998-03-26,T55,17.0831141504471,17.28829317807144,-0.21,1.2
1998-03-27,T55,16.8990005260389,18.700811671286377,-1.8,10.7
1998-03-28,T55,8.10099947396107,9.197728352250028,-1.1,13.6
1998-03-29,T55,7.73277222514466,8.658871125150643,-0.93,12.0
1998-03-30,T55,9.67911625460284,8.435289217114915,1.24,12.8
1998-03-31,T55,10.0604944765913,9.922589277062043,0.14,1.4
1998-04-01,T55,11.7964229352972,11.846987288866933,-0.05,0.4
1998-04-02,T55,16.2677538137822,16.216114629465036,0.05,0.3
1998-04-03,T55,15.163072067333,15.71341531473859,-0.55,3.6
1998-04-04,T55,8.3903208837454,8.087607415016038,0.3,3.6
1998-04-05,T55,1.84113624408206,9.129152281312816,-7.29,396.0
1998-04-06,T55,8.45607574960547,7.449086209872356,1.01,11.9
1998-04-07,T55,6.77275118358759,8.90524027049274,-2.13,31.4
1998-04-08,T55,15.2288269331931,9.775468024206447,5.45,35.8
1998-04-09,T55,14.0846922672278,16.976903506465334,-2.89,20.5
1998-04-10,T55,14.268805891636,15.919193417880411,-1.65,11.6
1998-04-11,T55,8.37716991057338,7.84234129012385,0.53,6.3
1998-04-12,T55,8.27196212519726,7.905295591973515,0.37,4.5
1998-04-13,T55,10.9547606522883,7.545738943880119,3.41,31.1
1998-04-14,T55,8.10099947396107,9.459212361783585,-1.36,16.8
1998-04-15,T55,11.9936875328774,12.172888409651422,-0.18,1.5
1998-04-16,T55,15.0710152551289,15.41784473422219,-0.35,2.3
1998-04-17,T55,15.6628090478695,14.782754333864862,0.88,5.6
1998-04-18,T55,8.50867964229353,8.132972031639772,0.38,4.5
1998-04-19,T55,7.93003682272488,8.585338210279968,-0.66,8.3
1998-04-20,T55,5.94423987375066,8.587122754940456,-2.64,44.4
1998-04-21,T55,8.69279326670174,7.288421999897526,1.4,16.1
1998-04-22,T55,10.678590215676,11.722959967576474,-1.04,9.7
1998-04-23,T55,17.0568122041031,15.435866224228846,1.62,9.5
1998-04-24,T55,6.35192004208311,15.729182331206395,-9.38,147.7
1998-04-25,T55,5.8916359810626,6.0554712071616175,-0.16,2.7
1998-04-26,T55,6.60178853235139,7.386983620813021,-0.79,12.0
1998-04-27,T55,7.12782745923198,6.768743076451725,0.36,5.1
1998-04-28,T55,8.69279326670174,8.770841962568499,-0.08,0.9
1998-04-29,T55,14.4923724355602,11.90541460683254,2.59,17.9
1998-04-30,T55,18.3982114676486,18.1850758931467,0.21,1.1
1998-05-01,T55,17.5170962651236,13.435003208887803,4.08,23.3
1998-05-02,T55,9.44239873750658,7.95401802807839,1.49,15.8
1998-05-03,T55,8.50867964229353,9.438752552753801,-0.93,10.9
1998-05-04,T55,9.24513413992636,9.732544253987896,-0.49,5.3
1998-05-05,T55,8.66649132035771,8.950204094040469,-0.28,3.2
1998-05-06,T55,12.8221988427144,12.081606937787024,0.74,5.8
1998-05-07,T55,14.7685428721725,16.02212207943965,-1.25,8.5
1998-05-08,T55,17.4381904260915,14.498674032263972,2.94,16.9
1998-05-09,T55,7.10152551288795,8.492312387581272,-1.39,19.6
1998-05-10,T55,8.28511309836928,8.346201872285095,-0.06,0.7
1998-05-11,T55,9.08732246186218,7.982214544771551,1.11,12.2
1998-05-12,T55,10.4024197790637,8.898204851918402,1.5,14.4
1998-05-13,T55,11.4939505523409,12.239107316077686,-0.75,6.5
1998-05-14,T55,14.0715412940558,15.75212535932686,-1.68,11.9
1998-05-15,T55,15.2814308258811,14.893748633276957,0.39,2.6
1998-05-16,T55,7.00946870068385,7.783628481615399,-0.77,11.0
1998-05-17,T55,7.56180957390847,8.081724901723634,-0.52,6.9
1998-03-18,T56,10.7969489742241,10.898724184851925,-0.1,0.9
1998-03-19,T56,14.6107311941084,16.01098631831514,-1.4,9.6
1998-03-20,T56,21.8437664387165,17.76897582663063,4.07,18.6
1998-03-21,T56,4.26091530773277,6.853117700834363,-2.59,60.8
1998-03-22,T56,7.08837453971594,8.510019696194554,-1.42,20.0
1998-03-23,T56,6.94371383482378,7.274274483935168,-0.33,4.8
1998-03-24,T56,9.21883219358232,7.43850466984958,1.78,19.3
1998-03-25,T56,10.7706470278801,12.556615700673564,-1.79,16.6
1998-03-26,T56,13.9268805891636,17.09399193175168,-3.17,22.8
1998-03-27,T56,20.0946870068385,19.58471563533919,0.51,2.5
1998-03-28,T56,3.26144134665965,6.366529915802368,-3.11,95.4
1998-03-29,T56,9.70541820094687,8.062644423925965,1.64,16.9
1998-03-30,T56,9.96843766438717,9.372159621812001,0.6,6.0
1998-03-31,T56,10.6522882693319,10.425293970455954,0.23,2.2
1998-04-01,T56,10.8627038400842,11.939174883813534,-1.08,9.9
1998-04-02,T56,18.4902682798527,14.884005474541823,3.61,19.5
1998-04-03,T56,21.1599158337717,19.448319113949136,1.71,8.1
1998-04-04,T56,3.95844292477643,6.62120370750896,-2.66,67.2
1998-04-05,T56,8.56128353498159,8.659257915874106,-0.1,1.2
1998-04-06,T56,9.23198316675434,8.434507205731677,0.8,8.7
1998-04-07,T56,10.9942135718043,9.56871295794969,1.43,13.0
1998-04-08,T56,12.2304050499737,11.532297618541506,0.7,5.7
1998-04-09,T56,28.8926880589164,16.26217938448495,12.63,43.7
1998-04-10,T56,30.7206733298264,22.40330071306333,8.32,27.1
1998-04-11,T56,8.73224618621778,8.583006611660217,0.15,1.7
1998-04-12,T56,12.7432930036823,10.659204026166368,2.08,16.3
1998-04-13,T56,14.6107311941084,10.173388806896195,4.44,30.4
1998-04-14,T56,6.4308258811152,12.280209638701507,-5.85,91.0
1998-04-15,T56,11.8095739084692,11.971711903492462,-0.16,1.4
1998-04-16,T56,13.6112572330352,19.196759354096237,-5.59,41.1
1998-04-17,T56,13.9531825355076,20.369557418095113,-6.42,46.0
1998-04-18,T56,3.68227248816412,6.6645025077193125,-2.98,80.9
1998-04-19,T56,8.90320883745397,9.681861474243902,-0.78,8.8
1998-04-20,T56,7.75907417148869,10.416283677977459,-2.66,34.3
1998-04-21,T56,9.3766438716465,8.13356645123503,1.24,13.2
1998-04-22,T56,8.99526564965808,11.661414134964723,-2.67,29.7
1998-04-23,T56,11.1520252498685,15.244450430001274,-4.09,36.7
1998-04-24,T56,0.0,15.310053858440142,-15.31,1531.0
1998-04-25,T56,2.89321409784324,2.5645805724413666,0.33,11.4
1998-04-26,T56,9.17937927406628,7.728687388599039,1.45,15.8
1998-04-27,T56,8.42977380326144,8.875794802664734,-0.45,5.3
1998-04-28,T56,9.10047343503419,9.70576293222681,-0.61,6.7
1998-04-29,T56,13.5323513940032,11.529343404674627,2.0,14.8
1998-04-30,T56,19.5686480799579,17.42436083120909,2.14,10.9
1998-05-01,T56,22.1462388216728,19.393764788648078,2.75,12.4
1998-05-02,T56,3.59021567596002,7.61494657527763,-4.02,112.0
1998-05-03,T56,7.06207259337191,9.46135151155799,-2.4,34.0
1998-05-04,T56,9.23198316675434,10.162307982727308,-0.93,10.1
1998-05-05,T56,9.08732246186218,9.556082548528266,-0.47,5.2
1998-05-06,T56,9.24513413992636,11.850530036997416,-2.61,28.2
1998-05-07,T56,14.0452393477117,16.47146834960918,-2.43,17.3
1998-05-08,T56,22.1856917411888,17.966161197810987,4.22,19.0
1998-05-09,T56,3.52446081009995,6.97294410210099,-3.45,97.9
1998-05-10,T56,8.82430299842188,8.166986434345176,0.66,7.5
1998-05-11,T56,10.4024197790637,8.766390162318359,1.64,15.8
1998-05-12,T56,11.8358758548133,9.595837586945196,2.24,18.9
1998-05-13,T56,8.98211467648606,11.944516388165727,-2.96,33.0
1998-05-14,T56,15.2945817990531,14.292774084449782,1.0,6.5
1998-05-15,T56,17.7012098895318,17.23313903208948,0.47,2.7
1998-05-16,T56,2.72225144660705,5.278904790429348,-2.56,94.0
1998-05-17,T56,8.24566017885324,8.537594186950473,-0.29,3.5
1998-03-18,T57,17.6223040504997,17.663272056105995,-0.04,0.2
1998-03-19,T57,23.8032614413467,23.030856157306374,0.77,3.2
1998-03-20,T57,31.6280904786954,24.34200503237001,7.29,23.0
1998-03-21,T57,10.4944765912678,12.603475454537477,-2.11,20.1
1998-03-22,T57,14.3345607574961,14.672220203221492,-0.34,2.4
1998-03-23,T57,14.8211467648606,13.512894134955582,1.31,8.8
1998-03-24,T57,18.0957390846923,15.852372629599618,2.24,12.4
1998-03-25,T57,15.2551288795371,20.900436263836344,-5.65,37.0
1998-03-26,T57,25.933719095213,25.40902939783989,0.52,2.0
1998-03-27,T57,31.1415044713309,30.472454781520916,0.67,2.2
1998-03-28,T57,11.2572330352446,12.415607993266185,-1.16,10.3
1998-03-29,T57,15.4655444502893,15.296319647144998,0.17,1.1
1998-03-30,T57,15.7811678064177,17.39500590391225,-1.61,10.2
1998-03-31,T57,18.8847974750132,18.525709515612846,0.36,1.9
1998-04-01,T57,17.004208311415,18.65474346922307,-1.65,9.7
1998-04-02,T57,27.7748553392951,24.05769116336098,3.72,13.4
1998-04-03,T57,30.1288795370857,27.724922587373502,2.4,8.0
1998-04-04,T57,11.2309310889006,11.686072587796367,-0.46,4.1
1998-04-05,T57,19.8185165702262,16.105361358700623,3.71,18.7
1998-04-06,T57,21.0284061020516,15.06427300015715,5.96,28.3
1998-04-07,T57,20.0946870068385,18.089843662285467,2.0,10.0
1998-04-08,T57,22.4487112046291,18.904735994613816,3.54,15.8
1998-04-09,T57,18.5428721725408,25.910508528518314,-7.37,39.7
1998-04-10,T57,20.8179905312993,24.11172552788168,-3.29,15.8
1998-04-11,T57,8.19305628616518,10.361763694441256,-2.17,26.5
1998-04-12,T57,9.45554971067859,15.032011360036808,-5.58,59.0
1998-04-13,T57,16.3598106259863,13.851370437402416,2.51,15.3
1998-04-14,T57,15.2419779063651,17.3463631347973,-2.1,13.8
1998-04-15,T57,14.321409784324,18.91611219876332,-4.59,32.0
1998-04-16,T57,10.718043135192,20.917547118827514,-10.2,95.2
1998-04-17,T57,28.0378748027354,19.454347568783092,8.58,30.6
1998-04-18,T57,10.731194108364,11.201418433325147,-0.47,4.4
1998-04-19,T57,16.044187269858,12.350115338593271,3.69,23.0
1998-04-20,T57,13.6375591793793,14.717824082882995,-1.08,7.9
1998-04-21,T57,16.4518674381904,15.185553379425,1.27,7.7
1998-04-22,T57,15.0578642819569,17.43975437081924,-2.38,15.8
1998-04-23,T57,26.2361914781694,19.41640592822771,6.82,26.0
1998-04-24,T57,5.35244608101,27.407395701847534,-22.05,412.0
1998-04-25,T57,7.03577064702788,8.123505423837367,-1.09,15.5
1998-04-26,T57,13.8348237769595,13.321457458074093,0.51,3.7
1998-04-27,T57,16.4781693845345,14.698622524551997,1.78,10.8
1998-04-28,T57,18.8584955286691,17.182145503821165,1.68,8.9
1998-04-29,T57,22.0936349289847,19.601767987745568,2.49,11.3
1998-04-30,T57,29.2740662809048,27.02117321292254,2.25,7.7
1998-05-01,T57,29.0110468174645,22.96264896030008,6.05,20.9
1998-05-02,T57,8.75854813256181,10.729177346596835,-1.97,22.5
1998-05-03,T57,9.85007890583903,14.249252926122693,-4.4,44.7
1998-05-04,T57,19.1741188847975,16.244819645505245,2.93,15.3
1998-05-05,T57,18.4771173066807,17.690721170709097,0.79,4.3
1998-05-06,T57,18.7927406628091,19.876081549351188,-1.08,5.7
1998-05-07,T57,25.1315097317201,22.801026029393057,2.33,9.3
1998-05-08,T57,27.4855339295108,23.925594921540128,3.56,13.0
1998-05-09,T57,10.3103629668595,9.855234767991583,0.46,4.5
1998-05-10,T57,13.6770120988953,13.139542848924151,0.54,3.9
1998-05-11,T57,15.8863755917938,14.12937239443721,1.76,11.1
1998-05-12,T57,19.3976854287217,16.273360847577106,3.12,16.1
1998-05-13,T57,19.4502893214098,19.560358138188477,-0.11,0.6
1998-05-14,T57,21.7911625460284,24.308747689069488,-2.52,11.6
1998-05-15,T57,25.867964229353,24.263006778996402,1.6,6.2
1998-05-16,T57,9.823776959495,10.172042381151883,-0.35,3.6
1998-05-17,T57,17.6354550236718,13.809591725682584,3.83,21.7
1998-03-18,T58,21.9489742240926,19.01926454822601,2.93,13.3
1998-03-19,T58,24.4476591267754,28.694672110258836,-4.25,17.4
1998-03-20,T58,43.8321935823251,29.33980659629878,14.49,33.1
1998-03-21,T58,15.176223040505,16.06888316950592,-0.89,5.9
1998-03-22,T58,13.8742766964755,15.35452174207017,-1.48,10.7
1998-03-23,T58,10.4287217254077,11.905617541225643,-1.48,14.2
1998-03-24,T58,14.2030510257759,13.353676722319742,0.85,6.0
1998-03-25,T58,17.0699631772751,23.091555067012123,-6.02,35.3
1998-03-26,T58,36.0599684376644,28.57818746117315,7.48,20.7
1998-03-27,T58,37.0199894792215,38.75614731007448,-1.74,4.7
1998-03-28,T58,14.1504471330878,15.485107838696717,-1.33,9.4
1998-03-29,T58,8.90320883745397,15.349717997131354,-6.45,72.4
1998-03-30,T58,16.5176223040505,15.285809959933948,1.23,7.4
1998-03-31,T58,18.2667017359285,16.490339154874277,1.78,9.7
1998-04-01,T58,23.17201472909,20.608998695378478,2.56,11.0
1998-04-02,T58,32.2987901104682,30.40564893976395,1.89,5.9
1998-04-03,T58,36.3229879011047,32.61462134123584,3.71,10.2
1998-04-04,T58,13.1641241451867,13.89858628149746,-0.73,5.5
1998-04-05,T58,11.5597054182009,15.486385662623858,-3.93,34.0
1998-04-06,T58,10.9153077327722,12.391296383635098,-1.48,13.6
1998-04-07,T58,14.0978432403998,14.016632135059467,0.08,0.6
1998-04-08,T58,33.6138874276696,20.36410890699776,13.25,39.4
1998-04-09,T58,27.2356654392425,34.019661180817145,-6.78,24.9
1998-04-10,T58,31.7464492372436,31.028431874148968,0.72,2.3
1998-04-11,T58,11.8227248816412,13.351701381249963,-1.53,12.9
1998-04-12,T58,16.1756970015781,13.838238744479707,2.34,14.5
1998-04-13,T58,11.8490268279853,12.744656418747454,-0.9,7.6
1998-04-14,T58,11.612309310889,14.449334922148093,-2.84,24.5
1998-04-15,T58,23.8690163072067,21.5003458735628,2.37,9.9
1998-04-16,T58,29.6817464492372,29.622881662268135,0.06,0.2
1998-04-17,T58,34.0084166228301,30.36258952900618,3.65,10.7
1998-04-18,T58,11.8753287743293,13.649822303620262,-1.77,14.9
1998-04-19,T58,13.8742766964755,14.631415913379836,-0.76,5.5
1998-04-20,T58,11.9542346133614,12.287949261703696,-0.33,2.8
1998-04-21,T58,12.6512361914782,13.397221615152858,-0.75,5.9
1998-04-22,T58,25.0920568122041,21.950473312456516,3.14,12.5
1998-04-23,T58,36.3492898474487,32.71108212656376,3.64,10.0
1998-04-24,T58,11.4413466596528,34.59002519580682,-23.15,202.3
1998-04-25,T58,11.612309310889,8.747950637823749,2.86,24.6
1998-04-26,T58,17.0568122041031,14.135691246655423,2.92,17.1
1998-04-27,T58,15.6759600210416,13.812793741017586,1.86,11.9
1998-04-28,T58,14.4529195160442,15.297271598895527,-0.84,5.8
1998-04-29,T58,32.0752235665439,24.674685313200484,7.4,23.1
1998-04-30,T58,37.5986322987901,36.1597659841153,1.44,3.8
1998-05-01,T58,37.3750657548659,28.685386954855353,8.69,23.3
1998-05-02,T58,15.5181483429774,14.08400714411746,1.43,9.2
1998-05-03,T58,20.0815360336665,16.534490290658184,3.55,17.7
1998-05-04,T58,15.4786954234613,16.90489317929253,-1.43,9.2
1998-05-05,T58,9.56075749605471,15.20709597059942,-5.65,59.1
1998-05-06,T58,21.7385586533403,24.228072296428337,-2.49,11.5
1998-05-07,T58,28.6165176223041,31.262025537872265,-2.65,9.3
1998-05-08,T58,37.9537085744345,29.61731301011122,8.34,22.0
1998-05-09,T58,11.5334034718569,14.291936399367565,-2.76,23.9
1998-05-10,T58,18.1088900578643,17.608331978215823,0.5,2.8
1998-05-11,T58,15.2945817990531,14.249853769581259,1.04,6.8
1998-05-12,T58,12.493424513414,13.508144673303075,-1.01,8.1
1998-05-13,T58,27.5907417148869,21.65184008962857,5.94,21.5
1998-05-14,T58,35.9547606522883,33.36687566572985,2.59,7.2
1998-05-15,T58,35.1130983692793,34.619199098628435,0.49,1.4
1998-05-16,T58,14.5975802209363,12.973577720664528,1.62,11.1
1998-05-17,T58,15.4392425039453,16.684970859185096,-1.25,8.1
1998-03-18,T59,10.8364018937401,11.422259962933223,-0.59,5.4
1998-03-19,T59,17.4907943187796,15.82720776928109,1.66,9.5
1998-03-20,T59,25.5128879537086,21.44346090878729,4.07,16.0
1998-03-21,T59,8.17990531299316,10.05737924161261,-1.88,23.0
1998-03-22,T59,9.79747501315097,8.780479284275707,1.02,10.4
1998-03-23,T59,7.29879011046817,8.793742580396454,-1.49,20.4
1998-03-24,T59,8.04839558127302,9.310537342741696,-1.26,15.7
1998-03-25,T59,12.6380852183062,12.437728620128132,0.2,1.6
1998-03-26,T59,19.2267227774855,18.566776413512258,0.66,3.4
1998-03-27,T59,23.7243556023146,24.221617863415197,-0.5,2.1
1998-03-28,T59,7.98264071541294,10.054752942355847,-2.07,25.9
1998-03-29,T59,14.0715412940558,10.41739221024809,3.65,25.9
1998-03-30,T59,12.9274066280905,11.957636871661162,0.97,7.5
1998-03-31,T59,9.56075749605471,11.534936909486667,-1.97,20.6
1998-04-01,T59,12.7564439768543,12.594876131406457,0.16,1.3
1998-04-02,T59,19.2530247238296,17.45991508004405,1.79,9.3
1998-04-03,T59,16.7674907943188,21.67881669946842,-4.91,29.3
1998-04-04,T59,0.0,8.22816340866671,-8.23,823.0
1998-04-05,T59,2.18306154655445,7.021290030674952,-4.84,221.7
1998-04-06,T59,10.731194108364,9.63026085010781,1.1,10.3
1998-04-07,T59,11.4676486059968,9.789299404908384,1.68,14.6
1998-04-08,T59,13.7690689110994,12.497930493120933,1.27,9.2
1998-04-09,T59,20.3314045239348,17.732602548580143,2.6,12.8
1998-04-10,T59,17.7012098895318,20.45302288484848,-2.75,15.5
1998-04-11,T59,6.68069437138348,7.709030396748039,-1.03,15.4
1998-04-12,T59,7.46975276170437,8.105004565691367,-0.64,8.6
1998-04-13,T59,9.78432403997896,8.462256448533125,1.32,13.5
1998-04-14,T59,6.16780641767491,10.496715022515652,-4.33,70.2
1998-04-15,T59,11.9016307206733,11.183048367422483,0.72,6.0
1998-04-16,T59,18.9374013677012,18.92468760798506,0.01,0.1
1998-04-17,T59,21.0021041557075,18.76584602682642,2.24,10.7
1998-04-18,T59,7.69331930562862,8.037754180504905,-0.34,4.4
1998-04-19,T59,8.56128353498159,8.887005034791802,-0.33,3.9
1998-04-20,T59,8.62703840084166,9.15042976527384,-0.52,6.0
1998-04-21,T59,8.74539715938979,8.598949218244297,0.15,1.7
1998-04-22,T59,0.736454497632825,11.956269804764249,-11.22,1122.0
1998-04-23,T59,18.4508153603367,20.419504619788114,-1.97,10.7
1998-04-24,T59,5.93108890057864,20.284351344270824,-14.35,241.9
1998-04-25,T59,5.91793792740663,5.353758654343046,0.56,9.5
1998-04-26,T59,7.65386638611257,7.98840421984837,-0.33,4.3
1998-04-27,T59,8.53498158863756,8.79054683348656,-0.26,3.0
1998-04-28,T59,10.8364018937401,9.409061182583384,1.43,13.2
1998-04-29,T59,12.480273540242,11.104054372996929,1.38,11.1
1998-04-30,T59,20.9889531825355,20.179960255457914,0.81,3.9
1998-05-01,T59,28.2877432930037,16.00477527120315,12.28,43.4
1998-05-02,T59,11.4807995791689,9.795984710020738,1.68,14.6
1998-05-03,T59,14.321409784324,11.211848681410428,3.11,21.7
1998-05-04,T59,15.8732246186218,12.247787102653222,3.63,22.9
1998-05-05,T59,12.7695949500263,12.396405846604342,0.37,2.9
1998-05-06,T59,17.6486059968438,13.234819062789215,4.41,25.0
1998-05-07,T59,25.8153603366649,21.036341823720306,4.78,18.5
1998-05-08,T59,25.4865860073645,22.66067063862854,2.83,11.1
1998-05-09,T59,8.00894266175697,10.40675457296162,-2.4,30.0
1998-05-10,T59,12.8879537085744,12.003071511852509,0.88,6.8
1998-05-11,T59,13.9137296159916,11.806309768391026,2.11,15.2
1998-05-12,T59,9.90268279852709,12.704958412220932,-2.8,28.3
1998-05-13,T59,17.4250394529195,14.01425304901278,3.41,19.6
1998-05-14,T59,20.8179905312993,23.085541579732517,-2.27,10.9
1998-05-15,T59,23.6454497632825,22.042404282092924,1.6,6.8
1998-05-16,T59,8.81115202524987,9.917385462995398,-1.11,12.6
1998-05-17,T59,9.25828511309837,11.684932056392885,-2.43,26.2
1998-03-18,T6,23.7670068027211,16.349630097326287,7.42,31.2
1998-03-19,T6,30.8815192743764,28.101542120138173,2.78,9.0
1998-03-20,T6,37.0748299319728,30.37430274667063,6.7,18.1
1998-03-21,T6,4.06746031746032,10.609646616138178,-6.54,160.8
1998-03-22,T6,13.3078231292517,12.178761526370248,1.13,8.5
1998-03-23,T6,11.7488662131519,13.056681636408353,-1.31,11.2
1998-03-24,T6,13.4070294784581,14.605979124892869,-1.2,9.0
1998-03-25,T6,20.7908163265306,21.213020368188005,-0.42,2.0
1998-03-26,T6,36.0260770975057,30.51492380202842,5.51,15.3
1998-03-27,T6,45.8758503401361,35.708722785005094,10.17,22.2
1998-03-28,T6,11.9189342403628,14.220395091775394,-2.3,19.3
1998-03-29,T6,18.8633786848073,15.791982620026811,3.07,16.3
1998-03-30,T6,3.67063492063492,16.744391569541616,-13.07,356.1
1998-03-31,T6,17.7721088435374,19.126715543434486,-1.35,7.6
1998-04-01,T6,20.7199546485261,20.777800681859695,-0.06,0.3
1998-04-02,T6,29.7619047619048,27.976022106331214,1.79,6.0
1998-04-03,T6,36.1394557823129,32.46571723261571,3.67,10.2
1998-04-04,T6,4.87528344671202,10.45485326470061,-5.58,114.5
1998-04-05,T6,19.7420634920635,13.629192814932132,6.11,30.9
1998-04-06,T6,22.2930839002268,12.101705558546767,10.19,45.7
1998-04-07,T6,14.781746031746,17.118982602269227,-2.34,15.8
1998-04-08,T6,22.2080498866213,19.58227550598549,2.63,11.8
1998-04-09,T6,22.8741496598639,29.265042524094255,-6.39,27.9
1998-04-10,T6,27.3100907029478,29.066350887934917,-1.76,6.4
1998-04-11,T6,4.29421768707483,7.296423207090742,-3.0,69.9
1998-04-12,T6,12.8543083900227,14.064436536086426,-1.21,9.4
1998-04-13,T6,15.5753968253968,13.441385807694829,2.13,13.7
1998-04-14,T6,15.9013605442177,15.237446532810866,0.66,4.2
1998-04-15,T6,18.75,21.3741930336432,-2.62,14.0
1998-04-16,T6,25.1133786848073,26.459241394205154,-1.35,5.4
1998-04-17,T6,29.4359410430839,25.742657795336182,3.69,12.5
1998-04-18,T6,5.59807256235828,6.8910314787342575,-1.29,23.0
1998-04-19,T6,12.8543083900227,12.90770815506079,-0.05,0.4
1998-04-20,T6,10.4166666666667,13.564908291615994,-3.15,30.2
1998-04-21,T6,16.1422902494331,14.181893148414593,1.96,12.1
1998-04-22,T6,16.468253968254,19.99112842361643,-3.52,21.4
1998-04-23,T6,32.4121315192744,27.15409142430996,5.26,16.2
1998-04-24,T6,3.78401360544218,31.464492700515684,-27.68,731.5
1998-04-25,T6,6.91609977324263,5.675790803085504,1.24,17.9
1998-04-26,T6,0.0,13.359181194901687,-13.36,1336.0
1998-04-27,T6,5.30045351473923,11.960927853793706,-6.66,125.6
1998-04-28,T6,16.2414965986395,14.17373670574796,2.07,12.7
1998-04-29,T6,23.5119047619048,19.420121331374002,4.09,17.4
1998-04-30,T6,31.2641723356009,31.853933826222434,-0.59,1.9
1998-05-01,T6,35.7568027210884,26.343573172866613,9.41,26.3
1998-05-02,T6,5.68310657596372,8.891718034187353,-3.21,56.5
1998-05-03,T6,13.7329931972789,12.093689527384951,1.64,11.9
1998-05-04,T6,19.06179138322,15.178262299431585,3.88,20.4
1998-05-05,T6,16.4115646258503,16.775819416830394,-0.36,2.2
1998-05-06,T6,14.7392290249433,20.420000698728106,-5.68,38.5
1998-05-07,T6,30.4563492063492,25.45776909035019,5.0,16.4
1998-05-08,T6,31.547619047619,28.010181885103894,3.54,11.2
1998-05-09,T6,11.6921768707483,7.541699267100599,4.15,35.5
1998-05-10,T6,17.5170068027211,14.454967523008236,3.06,17.5
1998-05-11,T6,15.1927437641723,14.528783651366385,0.66,4.3
1998-05-12,T6,16.6950113378685,15.659375398296785,1.04,6.2
1998-05-13,T6,19.5011337868481,18.132206141670355,1.37,7.0
1998-05-14,T6,31.4342403628118,29.624889651830433,1.81,5.8
1998-05-15,T6,34.3395691609977,29.409572733239894,4.93,14.4
1998-05-16,T6,5.88151927437642,10.592387692357796,-4.71,80.1
1998-05-17,T6,6.50510204081633,13.817042240936633,-7.31,112.4
1998-03-18,T60,14.0715412940558,17.434538080022186,-3.36,23.9
1998-03-19,T60,22.330352446081,22.089884823484784,0.24,1.1
1998-03-20,T60,23.8095238095238,27.178274689107848,-3.37,14.2
1998-03-21,T60,12.0748299319728,12.439101614157158,-0.36,3.0
1998-03-22,T60,9.24513413992636,13.255190000962088,-4.01,43.4
1998-03-23,T60,13.1378221988427,13.127331080657374,0.01,0.1
1998-03-24,T60,15.3471856917412,15.598841852499982,-0.25,1.6
1998-03-25,T60,17.0962651236191,18.090709718271615,-0.99,5.8
1998-03-26,T60,29.6422935297212,25.341346700712208,4.3,14.5
1998-03-27,T60,27.1173066806944,29.445673189614208,-2.33,8.6
1998-03-28,T60,15.2288269331931,14.111156562528391,1.12,7.4
1998-03-29,T60,15.7811678064177,14.982053226866066,0.8,5.1
1998-03-30,T60,24.3950552340873,16.200113443745007,8.19,33.6
1998-03-31,T60,20.3577064702788,19.500777109100706,0.86,4.2
1998-04-01,T60,23.8690163072067,19.535132828845978,4.33,18.1
1998-04-02,T60,30.7601262493425,27.431237515714994,3.33,10.8
1998-04-03,T60,28.3534981588638,27.733448278287405,0.62,2.2
1998-04-04,T60,18.5560231457128,14.17630762215949,4.38,23.6
1998-04-05,T60,15.0315623356128,16.67483091159822,-1.64,10.9
1998-04-06,T60,13.0194634402946,13.949185056208014,-0.93,7.1
1998-04-07,T60,16.5307732772225,14.967084124737813,1.56,9.4
1998-04-08,T60,20.0552340873225,18.91367524653434,1.14,5.7
1998-04-09,T60,16.4387164650184,26.98837796714148,-10.55,64.2
1998-04-10,T60,17.9247764334561,22.002721504099497,-4.08,22.8
1998-04-11,T60,1.45975802209364,12.456861285106143,-11.0,753.5
1998-04-12,T60,0.0,9.929376859507228,-9.93,993.0
1998-04-13,T60,10.3235139400316,11.365785776316429,-1.04,10.1
1998-04-14,T60,10.2577590741715,14.15130873980401,-3.89,37.9
1998-04-15,T60,13.5192004208311,16.188524652383556,-2.67,19.7
1998-04-16,T60,22.2119936875329,20.044864594165553,2.17,9.8
1998-04-17,T60,20.7653866386113,21.190898695467467,-0.43,2.1
1998-04-18,T60,10.4813256180957,12.331679826617897,-1.85,17.7
1998-04-19,T60,13.413992635455,12.075601139957953,1.34,10.0
1998-04-20,T60,14.5712782745923,11.865385215004128,2.71,18.6
1998-04-21,T60,16.2414518674382,13.916405599067588,2.33,14.3
1998-04-22,T60,13.8085218306155,17.779867829622987,-3.97,28.8
1998-04-23,T60,23.4876380852183,23.60697333529437,-0.12,0.5
1998-04-24,T60,8.64018937401368,23.28229736596204,-14.64,169.4
1998-04-25,T60,9.94213571804314,8.766986151957557,1.18,11.9
1998-04-26,T60,16.3072067332983,13.186390196284037,3.12,19.1
1998-04-27,T60,12.7169910573382,14.83887685321162,-2.12,16.7
1998-04-28,T60,16.8200946870068,15.837611260068826,0.98,5.8
1998-04-29,T60,22.1067859021568,18.635309789992593,3.47,15.7
1998-04-30,T60,30.4971067859022,27.43061742788266,3.07,10.1
1998-05-01,T60,1.27564439768543,22.649469826103232,-21.37,1675.2
1998-05-02,T60,0.0,8.180878765977026,-8.18,818.0
1998-05-03,T60,0.0,8.360461545897426,-8.36,836.0
1998-05-04,T60,6.82535507627564,10.034233677824421,-3.21,47.0
1998-05-05,T60,12.4539715938979,11.724261890893903,0.73,5.9
1998-05-06,T60,9.96843766438717,16.480413512584068,-6.51,65.3
1998-05-07,T60,8.85060494476591,18.302715262686995,-9.45,106.8
1998-05-08,T60,28.3271962125197,11.594476596212889,16.73,59.1
1998-05-09,T60,16.2546028406102,11.121820710804636,5.13,31.6
1998-05-10,T60,14.0715412940558,13.499916212973345,0.57,4.1
1998-05-11,T60,12.7564439768543,11.229365594434014,1.53,12.0
1998-05-12,T60,15.0710152551289,12.744662040742584,2.33,15.5
1998-05-13,T60,12.5460284061021,15.11314427975083,-2.57,20.5
1998-05-14,T60,21.0152551288795,18.544633269843093,2.47,11.8
1998-05-15,T60,24.4871120462914,21.338759128445595,3.15,12.9
1998-05-16,T60,16.7543398211468,12.993426045978143,3.76,22.4
1998-05-17,T60,14.6501841136244,15.031370875088324,-0.38,2.6
1998-03-18,T61,15.0578642819569,16.713009045121495,-1.66,11.0
1998-03-19,T61,21.8700683850605,23.03767936166019,-1.17,5.3
1998-03-20,T61,30.0368227248816,27.231807112493776,2.81,9.4
1998-03-21,T61,10.0736454497633,11.384587245518249,-1.31,13.0
1998-03-22,T61,11.2835349815886,12.046216295293327,-0.76,6.7
1998-03-23,T61,9.10047343503419,11.914534766940104,-2.81,30.9
1998-03-24,T61,13.4534455549711,12.997645958165325,0.46,3.4
1998-03-25,T61,18.2272488164124,17.91521707924107,0.31,1.7
1998-03-26,T61,23.0536559705418,25.409045834985317,-2.36,10.2
1998-03-27,T61,32.6538663861126,29.60254659841653,3.05,9.3
1998-03-28,T61,9.57390846922672,11.939748271318244,-2.37,24.8
1998-03-29,T61,14.8079957916886,13.212230478466175,1.6,10.8
1998-03-30,T61,17.2014729089953,13.903756655452906,3.3,19.2
1998-03-31,T61,17.1225670699632,16.15186119898043,0.97,5.7
1998-04-01,T61,18.2930036822725,18.312873992407624,-0.02,0.1
1998-04-02,T61,11.7043661230931,23.598815576241932,-11.89,101.6
1998-04-03,T61,29.3924250394529,26.77333654599593,2.62,8.9
1998-04-04,T61,13.2824829037349,10.411808596716842,2.87,21.6
1998-04-05,T61,11.9016307206733,14.49378407208533,-2.59,21.8
1998-04-06,T61,10.8758548132562,12.229734611090368,-1.35,12.4
1998-04-07,T61,14.6633350867964,13.10593002807332,1.56,10.6
1998-04-08,T61,18.726985796949,16.819531533792393,1.91,10.2
1998-04-09,T61,26.9331930562862,20.295163467060434,6.64,24.7
1998-04-10,T61,24.7764334560757,29.412581349457547,-4.64,18.7
1998-04-11,T61,8.14045239347712,11.277268588234836,-3.14,38.6
1998-04-12,T61,9.20568122041031,12.200347201873518,-2.99,32.5
1998-04-13,T61,13.8479747501315,11.073950204663,2.77,20.0
1998-04-14,T61,12.6512361914782,14.51506153712322,-1.86,14.7
1998-04-15,T61,13.0720673329826,17.502630803015713,-4.43,33.9
1998-04-16,T61,20.6601788532351,22.042842913464682,-1.38,6.7
1998-04-17,T61,26.9726459758022,23.70834101263147,3.26,12.1
1998-04-18,T61,9.74487112046291,10.50758583287552,-0.76,7.8
1998-04-19,T61,11.4150447133088,11.339038507082241,0.08,0.7
1998-04-20,T61,12.0594423987375,12.139972577009832,-0.08,0.7
1998-04-21,T61,14.0846922672278,12.951357770871395,1.13,8.0
1998-04-22,T61,20.7127827459232,16.52924665462953,4.18,20.2
1998-04-23,T61,23.3955812730142,23.716862344397008,-0.32,1.4
1998-04-24,T61,5.76012624934245,27.2965885054448,-21.54,374.0
1998-04-25,T61,10.0473435034193,8.00072045804955,2.05,20.4
1998-04-26,T61,13.5849552866912,12.078207310739508,1.51,11.1
1998-04-27,T61,2.72225144660705,13.165311517016105,-10.44,383.5
1998-04-28,T61,17.872172540768,15.890037249957897,1.98,11.1
1998-04-29,T61,18.5823250920568,20.700610729916992,-2.12,11.4
1998-04-30,T61,20.0946870068385,25.164750167248613,-5.07,25.2
1998-05-01,T61,33.7322461862178,20.711053489302266,13.02,38.6
1998-05-02,T61,12.9931614939506,12.809384261501716,0.18,1.4
1998-05-03,T61,13.7822198842714,14.243270125522695,-0.46,3.3
1998-05-04,T61,14.4266175697002,13.199460827355473,1.23,8.5
1998-05-05,T61,15.2551288795371,14.93515426330252,0.32,2.1
1998-05-06,T61,15.3471856917412,18.07062988923456,-2.72,17.7
1998-05-07,T61,24.3161493950552,21.77747584870756,2.54,10.4
1998-05-08,T61,28.2614413466597,25.86910853282468,2.39,8.5
1998-05-09,T61,10.5733824302998,11.408875224525076,-0.84,7.9
1998-05-10,T61,9.1925302472383,12.851545175308813,-3.66,39.8
1998-05-11,T61,11.6780641767491,11.838540806777058,-0.16,1.4
1998-05-12,T61,13.7033140452393,13.730520840368209,-0.03,0.2
1998-05-13,T61,17.1620199894792,16.416404919606613,0.75,4.4
1998-05-14,T61,17.9116254602841,23.285599785956023,-5.37,30.0
1998-05-15,T61,31.5097317201473,22.576019399253266,8.93,28.3
1998-05-16,T61,8.64018937401368,12.104189853817275,-3.46,40.0
1998-05-17,T61,13.2956338769069,11.7708739291431,1.52,11.4
1998-03-18,T62,25.7496054708048,23.848165331465324,1.9,7.4
1998-03-19,T62,33.916359810626,35.176852708513174,-1.26,3.7
1998-03-20,T62,29.0373487638085,27.22380922173875,1.81,6.2
1998-03-21,T62,16.5702261967386,15.259399141395107,1.31,7.9
1998-03-22,T62,14.6764860599684,16.24415396475707,-1.57,10.7
1998-03-23,T62,10.0078905839032,12.726223220731466,-2.72,27.2
1998-03-24,T62,17.0568122041031,15.46736695112539,1.59,9.3
1998-03-25,T62,26.814834297738,26.766102339701984,0.05,0.2
1998-03-26,T62,35.2051551814834,37.98550806690783,-2.78,7.9
1998-03-27,T62,11.3755917937927,29.24056314158323,-17.86,157.0
1998-03-28,T62,0.0,12.715643846554569,-12.72,1272.0
1998-03-29,T62,12.7958968963703,11.060122458387992,1.74,13.6
1998-03-30,T62,19.2924776433456,14.2824810412962,5.01,26.0
1998-03-31,T62,17.9905312993162,18.634761483489154,-0.64,3.6
1998-04-01,T62,25.894266175697,25.084942810405153,0.81,3.1
1998-04-02,T62,35.3892688058916,33.20850833213996,2.18,6.2
1998-04-03,T62,29.3003682272488,25.094125586657963,4.21,14.4
1998-04-04,T62,13.5060494476591,13.999885519877054,-0.49,3.6
1998-04-05,T62,16.5965281430826,16.073064542025712,0.52,3.1
1998-04-06,T62,14.9395055234087,13.915946837805269,1.02,6.8
1998-04-07,T62,18.4771173066807,15.733041106371036,2.74,14.8
1998-04-08,T62,39.8342977380326,24.49712341097548,15.34,38.5
1998-04-09,T62,26.8411362440821,35.554048211713464,-8.71,32.5
1998-04-10,T62,24.1714886901631,26.96495246269485,-2.79,11.5
1998-04-11,T62,13.7033140452393,12.774920752548953,0.93,6.8
1998-04-12,T62,20.8837453971594,15.175079383811035,5.71,27.3
1998-04-13,T62,19.7659126775381,15.448820123494034,4.32,21.9
1998-04-14,T62,17.1620199894792,18.59031357294043,-1.43,8.3
1998-04-15,T62,22.8563913729616,27.01876411119514,-4.16,18.2
1998-04-16,T62,32.9300368227249,30.788297267733075,2.14,6.5
1998-04-17,T62,27.2882693319306,24.26903993944748,3.02,11.1
1998-04-18,T62,15.8863755917938,13.40746045444005,2.48,15.6
1998-04-19,T62,16.109942135718,17.590912131025753,-1.48,9.2
1998-04-20,T62,11.586007364545,16.001079290624755,-4.42,38.1
1998-04-21,T62,14.8605996843766,16.20041187315808,-1.34,9.0
1998-04-22,T62,25.4997369805366,24.315617394984923,1.18,4.6
1998-04-23,T62,36.3098369279327,34.925502203227616,1.38,3.8
1998-04-24,T62,6.16780641767491,26.757234756833324,-20.59,333.8
1998-04-25,T62,0.0263019463440295,10.517026896289682,-10.49,1049.0
1998-04-26,T62,13.4402945817991,10.001760460524917,3.44,25.6
1998-04-27,T62,15.189374013677,14.072185170719075,1.12,7.4
1998-04-28,T62,16.1888479747501,17.002764197188554,-0.81,5.0
1998-04-29,T62,30.3129931614939,26.28077213865069,4.03,13.3
1998-04-30,T62,41.5570752235665,37.60072113659079,3.96,9.5
1998-05-01,T62,30.2077853761178,25.409788345775137,4.8,15.9
1998-05-02,T62,18.5297211993688,14.572501683300516,3.96,21.4
1998-05-03,T62,15.2814308258811,17.38157468745795,-2.1,13.7
1998-05-04,T62,18.6349289847449,17.279348607834418,1.36,7.3
1998-05-05,T62,14.2162019989479,17.052279918723613,-2.84,20.0
1998-05-06,T62,31.9437138348238,25.955476974458666,5.99,18.8
1998-05-07,T62,31.1020515518148,38.054844333834694,-6.95,22.3
1998-05-08,T62,32.0620725933719,25.881320065910618,6.18,19.3
1998-05-09,T62,13.2824829037349,15.811019110212222,-2.53,19.0
1998-05-10,T62,13.3219358232509,15.8792696149756,-2.56,19.2
1998-05-11,T62,13.0720673329826,14.315165651507709,-1.24,9.5
1998-05-12,T62,15.1104681746449,14.999585558004624,0.11,0.7
1998-05-13,T62,25.7890583903209,25.83123295485462,-0.04,0.2
1998-05-14,T62,33.1667543398211,33.81826591655519,-0.65,2.0
1998-05-15,T62,28.3403471856917,28.423607222116722,-0.08,0.3
1998-05-16,T62,11.7175170962651,14.058585840336308,-2.34,20.0
1998-05-17,T62,15.4392425039453,14.811521119579478,0.63,4.1
1998-03-18,T63,13.6901630720673,12.879912430316447,0.81,5.9
1998-03-19,T63,24.3424513413993,22.725176000017004,1.62,6.7
1998-03-20,T63,21.1730668069437,22.199836984611345,-1.03,4.9
1998-03-21,T63,9.11362440820621,8.34682399339935,0.77,8.4
1998-03-22,T63,8.81115202524987,10.764642798426888,-1.95,22.1
1998-03-23,T63,11.0599684376644,10.177462485160873,0.88,8.0
1998-03-24,T63,9.25828511309837,11.353514825273123,-2.1,22.7
1998-03-25,T63,11.4281956864808,14.081169915209685,-2.65,23.2
1998-03-26,T63,23.3561283534982,23.250000687268127,0.11,0.5
1998-03-27,T63,25.2761704366123,21.74386573153014,3.53,14.0
1998-03-28,T63,8.75854813256181,10.326352601523023,-1.57,17.9
1998-03-29,T63,11.3361388742767,10.74717294392524,0.59,5.2
1998-03-30,T63,13.387690689111,12.652971008356635,0.73,5.5
1998-03-31,T63,14.4266175697002,12.690201463291071,1.74,12.1
1998-04-01,T63,16.2283008942662,14.503705308332894,1.72,10.6
1998-04-02,T63,24.3556023145713,23.04862562832234,1.31,5.4
1998-04-03,T63,23.23776959495,22.267456435789448,0.97,4.2
1998-04-04,T63,6.56233561283535,9.611428170950234,-3.05,46.5
1998-04-05,T63,11.3755917937927,10.65183597844807,0.72,6.3
1998-04-06,T63,11.1783271962125,10.74584725150596,0.43,3.8
1998-04-07,T63,13.6375591793793,11.673621954790153,1.96,14.4
1998-04-08,T63,19.2398737506575,14.6338975566775,4.61,24.0
1998-04-09,T63,18.726985796949,23.605672244147094,-4.88,26.1
1998-04-10,T63,20.528669121515,21.10542221543309,-0.58,2.8
1998-04-11,T63,7.54865860073646,7.919757488076655,-0.37,4.9
1998-04-12,T63,10.744345081536,10.526957112066597,0.22,2.0
1998-04-13,T63,11.7964229352972,10.372304207764152,1.42,12.0
1998-04-14,T63,11.2703840084166,12.343216532242705,-1.07,9.5
1998-04-15,T63,12.9274066280905,15.76384143913389,-2.84,22.0
1998-04-16,T63,20.7390846922672,20.70272244747752,0.04,0.2
1998-04-17,T63,20.9758022093635,20.37999203488667,0.6,2.9
1998-04-18,T63,7.93003682272488,8.372684788341385,-0.44,5.5
1998-04-19,T63,10.5339295107838,10.319206937340752,0.21,2.0
1998-04-20,T63,9.35034192530247,10.51628457756469,-1.17,12.5
1998-04-21,T63,9.0215675960021,10.91274175055563,-1.89,20.9
1998-04-22,T63,12.3356128353498,13.343752968955318,-1.01,8.2
1998-04-23,T63,23.7506575486586,21.384238922065336,2.37,10.0
1998-04-24,T63,3.23513940031562,21.831787251960478,-18.6,574.9
1998-04-25,T63,5.65491846396633,6.797271707545139,-1.14,20.2
1998-04-26,T63,11.586007364545,9.776445130590144,1.81,15.6
1998-04-27,T63,9.60021041557075,10.636976459740904,-1.04,10.8
1998-04-28,T63,9.03471856917412,11.046562769559348,-2.01,22.2
1998-04-29,T63,14.8605996843766,14.445141740378782,0.42,2.8
1998-04-30,T63,26.1178327196213,23.864387602466206,2.25,8.6
1998-05-01,T63,23.8032614413467,19.93105736138802,3.87,16.3
1998-05-02,T63,9.07417148869016,9.652943247847906,-0.58,6.4
1998-05-03,T63,11.4413466596528,11.641845754869335,-0.2,1.7
1998-05-04,T63,13.1641241451867,12.409912199538464,0.75,5.7
1998-05-05,T63,12.8221988427144,11.827111613616843,1.0,7.8
1998-05-06,T63,12.1909521304577,14.9518822005392,-2.76,22.6
1998-05-07,T63,28.9715938979484,20.533331324522734,8.44,29.1
1998-05-08,T63,21.1204629142557,20.917391072772727,0.2,0.9
1998-05-09,T63,10.5602314571278,8.643559817993637,1.92,18.2
1998-05-10,T63,14.1372961599158,11.62159630658047,2.52,17.8
1998-05-11,T63,10.6259863229879,11.675623546555434,-1.05,9.9
1998-05-12,T63,11.3492898474487,11.586980559045896,-0.24,2.1
1998-05-13,T63,13.4928984744871,13.371259906323127,0.12,0.9
1998-05-14,T63,24.973698053656,23.783914994673225,1.19,4.8
1998-05-15,T63,24.2503945291952,20.086774827289503,4.16,17.2
1998-05-16,T63,10.8890057864282,10.38357318611371,0.51,4.7
1998-05-17,T63,10.0999473961073,12.460016183353241,-2.36,23.4
1998-03-18,T64,0.47343503419253,14.17807725128143,-13.7,1370.0
1998-03-19,T64,35.0867964229353,18.527493782013714,16.56,47.2
1998-03-20,T64,7.20673329826407,13.256823013939435,-6.05,83.9
1998-03-21,T64,2.27511835875855,4.112871129092263,-1.84,80.9
1998-03-22,T64,8.78485007890584,9.405859235121412,-0.62,7.1
1998-03-23,T64,8.95581273014203,9.778364391845418,-0.82,9.2
1998-03-24,T64,14.5449763282483,11.786649023968565,2.76,19.0
1998-03-25,T64,16.096791162546,14.613887189182961,1.48,9.2
1998-03-26,T64,20.6864807995792,25.165915090315274,-4.48,21.7
1998-03-27,T64,6.54918463966334,10.446785225775443,-3.9,59.5
1998-03-28,T64,3.05102577590742,3.629077380473187,-0.58,19.0
1998-03-29,T64,11.612309310889,9.063551400950047,2.55,22.0
1998-03-30,T64,21.5018411362441,11.507220090384306,9.99,46.5
1998-03-31,T64,10.678590215676,17.534995383077167,-6.86,64.2
1998-04-01,T64,18.2930036822725,14.133875353474107,4.16,22.7
1998-04-02,T64,30.1814834297738,21.771706159036142,8.41,27.9
1998-04-03,T64,6.86480799579169,11.306342070936616,-4.44,64.7
1998-04-04,T64,3.16938453445555,4.033436994788564,-0.86,27.1
1998-04-05,T64,11.0862703840084,10.41833665668318,0.67,6.0
1998-04-06,T64,11.2703840084166,11.352792571427957,-0.08,0.7
1998-04-07,T64,13.0194634402946,11.55300929583138,1.47,11.3
1998-04-08,T64,18.8716465018411,15.04404245608668,3.83,20.3
1998-04-09,T64,5.40504997369805,24.84796293251916,-19.44,359.7
1998-04-10,T64,6.62809047869542,7.856526144287429,-1.23,18.6
1998-04-11,T64,3.76117832719621,3.8711853662577944,-0.11,2.9
1998-04-12,T64,3.37980010520779,9.65723417997852,-6.28,185.8
1998-04-13,T64,8.44292477643346,9.569489506772364,-1.13,13.4
1998-04-14,T64,11.638611257233,10.777219611182183,0.86,7.4
1998-04-15,T64,15.0052603892688,15.386516251656513,-0.38,2.5
1998-04-16,T64,17.4907943187796,20.64809108557206,-3.16,18.1
1998-04-17,T64,6.3387690689111,8.929747580634979,-2.59,40.9
1998-04-18,T64,3.19568648079958,3.8287273229142267,-0.63,19.7
1998-04-19,T64,11.4150447133088,6.943603652738169,4.47,39.2
1998-04-20,T64,8.65334034718569,9.941087627790935,-1.29,14.9
1998-04-21,T64,10.1394003156234,10.571448617381588,-0.43,4.2
1998-04-22,T64,12.8221988427144,14.885896052885814,-2.06,16.1
1998-04-23,T64,20.0289321409784,19.253529369613375,0.78,3.9
1998-04-24,T64,6.66754339821147,9.256107136093409,-2.59,38.8
1998-04-25,T64,2.8537611783272,3.4866672365517806,-0.63,22.1
1998-04-26,T64,16.2283008942662,9.183493084942842,7.04,43.4
1998-04-27,T64,11.1388742766965,12.716885610893309,-1.58,14.2
1998-04-28,T64,13.6375591793793,11.762641588840701,1.87,13.7
1998-04-29,T64,24.8947922146239,16.481585608328675,8.41,33.8
1998-04-30,T64,24.2635455023672,23.20177222597602,1.06,4.4
1998-05-01,T64,9.27143608627038,10.579219885219642,-1.31,14.1
1998-05-02,T64,3.78748027354024,4.8824336560084625,-1.09,28.8
1998-05-03,T64,2.39347711730668,10.949383175909187,-8.56,357.6
1998-05-04,T64,13.2693319305629,10.581069263153484,2.69,20.3
1998-05-05,T64,13.2561809573908,12.677096833631866,0.58,4.4
1998-05-06,T64,14.7816938453446,16.67688643313994,-1.9,12.9
1998-05-07,T64,17.4381904260915,19.236249855582308,-1.8,10.3
1998-05-08,T64,13.7296159915834,9.304573650856332,4.43,32.3
1998-05-09,T64,6.61493950552341,5.26193554858047,1.35,20.4
1998-05-10,T64,11.2572330352446,8.304120991958229,2.95,26.2
1998-05-11,T64,8.90320883745397,10.355198995199604,-1.45,16.3
1998-05-12,T64,10.9547606522883,10.725806978922682,0.23,2.1
1998-05-13,T64,14.7159389794845,14.22921261592549,0.49,3.3
1998-05-14,T64,22.2777485533929,19.210644103623757,3.07,13.8
1998-05-15,T64,7.48290373487638,13.242600298368945,-5.76,77.0
1998-05-16,T64,3.02472382956339,5.381574471750047,-2.36,78.0
1998-05-17,T64,11.8095739084692,10.291086774695161,1.52,12.9
1998-03-18,T65,25.0526038926881,26.50584591164302,-1.45,5.8
1998-03-19,T65,46.5281430825881,43.19811217729115,3.33,7.2
1998-03-20,T65,12.1120462914256,39.97760336718795,-27.87,230.1
1998-03-21,T65,12.0748299319728,13.205895489617497,-1.13,9.4
1998-03-22,T65,8.65334034718569,15.609392035244765,-6.96,80.4
1998-03-23,T65,16.2019989479221,15.760396881996908,0.44,2.7
1998-03-24,T65,20.554971067859,18.843560788738806,1.71,8.3
1998-03-25,T65,29.0241977906365,29.99239822751632,-0.97,3.3
1998-03-26,T65,45.4629142556549,47.0481232363183,-1.59,3.5
1998-03-27,T65,50.9600210415571,37.31745382038255,13.64,26.8
1998-03-28,T65,16.7674907943188,22.651205389344412,-5.88,35.1
1998-03-29,T65,20.5944239873751,16.54776833976919,4.05,19.7
1998-03-30,T65,19.5423461336139,19.877576332984844,-0.34,1.7
1998-03-31,T65,25.854813256181,21.88590176078847,3.97,15.4
1998-04-01,T65,25.1972645975802,29.13918612518898,-3.94,15.6
1998-04-02,T65,33.2982640715413,42.36035331755444,-9.06,27.2
1998-04-03,T65,45.6996317727512,36.339373383356154,9.36,20.5
1998-04-04,T65,19.9894792214624,19.782297409508615,0.21,1.1
1998-04-05,T65,17.2277748553393,18.882801289083112,-1.66,9.6
1998-04-06,T65,18.0562861651762,16.06242880910517,1.99,11.0
1998-04-07,T65,22.5539189900053,20.347621437214833,2.21,9.8
1998-04-08,T65,39.8605996843766,26.035846561332676,13.82,34.7
1998-04-09,T65,47.343503419253,41.244303365783026,6.1,12.9
1998-04-10,T65,39.6501841136244,42.81382825911443,-3.16,8.0
1998-04-11,T65,17.5565491846397,19.003770842674783,-1.45,8.3
1998-04-12,T65,18.9505523408732,17.433525926854678,1.52,8.0
1998-04-13,T65,24.1846396633351,16.886594229414868,7.3,30.2
1998-04-14,T65,21.449237243556,22.664016710469134,-1.21,5.6
1998-04-15,T65,27.8800631246712,30.190553908148303,-2.31,8.3
1998-04-16,T65,44.0952130457654,42.983688797589444,1.11,2.5
1998-04-17,T65,37.7827459231983,35.946676799030335,1.84,4.9
1998-04-18,T65,17.7143608627038,18.221942524535848,-0.51,2.9
1998-04-19,T65,17.9773803261441,18.308153586118216,-0.33,1.8
1998-04-20,T65,16.6228300894266,19.267197157273447,-2.64,15.9
1998-04-21,T65,19.5423461336139,20.73519945730486,-1.19,6.1
1998-04-22,T65,26.8805891635981,29.685998346682794,-2.81,10.5
1998-04-23,T65,51.5255128879537,43.752772408298355,7.77,15.1
1998-04-24,T65,13.0983692793267,39.805327011583074,-26.71,203.9
1998-04-25,T65,16.2809047869542,11.3300370081385,4.95,30.4
1998-04-26,T65,16.2283008942662,17.551040871068267,-1.32,8.1
1998-04-27,T65,20.2919516044187,17.65573723450392,2.64,13.0
1998-04-28,T65,22.8826933193056,22.0193777277469,0.86,3.8
1998-04-29,T65,34.3503419253025,29.95655360245548,4.39,12.8
1998-04-30,T65,50.2235665439243,48.684838749306245,1.54,3.1
1998-05-01,T65,51.8805891635981,36.21041766269937,15.67,30.2
1998-05-02,T65,27.1699105733824,21.026643754823755,6.14,22.6
1998-05-03,T65,24.0531299316149,21.744752268617066,2.31,9.6
1998-05-04,T65,19.7133087848501,22.13077954407612,-2.42,12.3
1998-05-05,T65,22.2382956338769,20.870317077826144,1.37,6.2
1998-05-06,T65,26.6175697001578,31.813972312177555,-5.2,19.5
1998-05-07,T65,51.0389268805892,42.68698502714553,8.35,16.4
1998-05-08,T65,45.8968963703314,39.74333763792914,6.15,13.4
1998-05-09,T65,22.343503419253,22.90452662569004,-0.56,2.5
1998-05-10,T65,16.8858495528669,20.978190933705875,-4.09,24.2
1998-05-11,T65,16.3335086796423,17.76620732423188,-1.43,8.8
1998-05-12,T65,20.9100473435034,20.18158857388648,0.73,3.5
1998-05-13,T65,29.5502367175171,27.700911694262754,1.85,6.3
1998-05-14,T65,45.2788006312467,46.23023795870954,-0.95,2.1
1998-05-15,T65,48.0142030510258,40.46160331432146,7.55,15.7
1998-05-16,T65,27.7354024197791,23.623895503777128,4.11,14.8
1998-05-17,T65,17.9905312993162,21.70696859384183,-3.72,20.7
1998-03-18,T66,28.3666491320358,27.468772969349516,0.9,3.2
1998-03-19,T66,43.2930036822725,42.406372467264625,0.89,2.1
1998-03-20,T66,37.1909521304577,33.31055549432214,3.88,10.4
1998-03-21,T66,24.2635455023672,22.519651517176648,1.74,7.2
1998-03-22,T66,18.2930036822725,22.012526710243776,-3.72,20.3
1998-03-23,T66,17.1488690163072,19.030826235106446,-1.88,11.0
1998-03-24,T66,21.3703314045239,20.92396809766365,0.45,2.1
1998-03-25,T66,33.890057864282,31.252453136431548,2.64,7.8
1998-03-26,T66,52.8669121514992,47.313986575356516,5.55,10.5
1998-03-27,T66,33.022093634929,38.695222773065424,-5.67,17.2
1998-03-28,T66,19.1215149921094,20.457132158534655,-1.34,7.0
1998-03-29,T66,20.2656496580747,19.535525945912653,0.73,3.6
1998-03-30,T66,26.5386638611257,20.807739815021876,5.73,21.6
1998-03-31,T66,23.5928458705944,23.91900594245792,-0.33,1.4
1998-04-01,T66,31.4965807469753,29.427915729026942,2.07,6.6
1998-04-02,T66,42.4776433456076,44.98784837783807,-2.51,5.9
1998-04-03,T66,46.1599158337717,32.882430314654584,13.28,28.8
1998-04-04,T66,18.0562861651762,23.785850207968096,-5.73,31.7
1998-04-05,T66,19.1346659652814,19.913897868348375,-0.78,4.1
1998-04-06,T66,21.9095213045765,18.20929115114065,3.7,16.9
1998-04-07,T66,25.5786428195686,21.123833289461583,4.45,17.4
1998-04-08,T66,32.4960547080484,30.38448248718586,2.11,6.5
1998-04-09,T66,39.3871646501841,43.736928257268076,-4.35,11.0
1998-04-10,T66,32.4566017885324,36.8051347911307,-4.35,13.4
1998-04-11,T66,15.3603366649132,18.5532705873724,-3.19,20.8
1998-04-12,T66,3.26144134665965,18.492427555791334,-15.23,467.0
1998-04-13,T66,12.0988953182536,18.415679782303556,-6.32,52.2
1998-04-14,T66,18.3587585481326,19.712119891639556,-1.35,7.4
1998-04-15,T66,24.7106785902157,30.029530351325405,-5.32,21.5
1998-04-16,T66,41.096791162546,39.75116568677143,1.35,3.3
1998-04-17,T66,22.2514466070489,30.787484863291464,-8.54,38.4
1998-04-18,T66,0.0,14.48767870166829,-14.49,1449.0
1998-04-19,T66,12.5854813256181,10.347234614928887,2.24,17.8
1998-04-20,T66,21.0021041557075,13.881091107543082,7.12,33.9
1998-04-21,T66,22.4355602314571,21.000013535003134,1.44,6.4
1998-04-22,T66,30.0368227248816,29.17260031127823,0.86,2.9
1998-04-23,T66,45.9758022093635,43.61423742131917,2.36,5.1
1998-04-24,T66,14.242503945292,31.613391228768197,-17.37,122.0
1998-04-25,T66,15.6233561283535,10.301469341780285,5.32,34.1
1998-04-26,T66,20.4497632824829,15.95587872564789,4.49,22.0
1998-04-27,T66,23.5402419779064,20.74531846373153,2.79,11.9
1998-04-28,T66,25.920568122041,23.98552095220564,1.94,7.5
1998-04-29,T66,36.2440820620726,32.03078019390868,4.21,11.6
1998-04-30,T66,48.3166754339821,47.004685394019205,1.31,2.7
1998-05-01,T66,43.0036822724882,32.49326958218902,10.51,24.4
1998-05-02,T66,14.4792214623882,19.393788340946116,-4.91,33.9
1998-05-03,T66,19.9368753287743,17.438909036024377,2.5,12.5
1998-05-04,T66,21.6991057338243,21.771622498856225,-0.07,0.3
1998-05-05,T66,23.5270910047344,22.29234287602288,1.23,5.2
1998-05-06,T66,30.9047869542346,32.115718762547516,-1.21,3.9
1998-05-07,T66,42.5433982114677,43.21789884993816,-0.67,1.6
1998-05-08,T66,45.4629142556549,33.95545375386541,11.51,25.3
1998-05-09,T66,19.3582325092057,19.66917379447986,-0.31,1.6
1998-05-10,T66,20.554971067859,18.853214800991054,1.7,8.3
1998-05-11,T66,18.6743819042609,18.57782890757694,0.1,0.5
1998-05-12,T66,19.3187795896896,21.284095632358166,-1.97,10.2
1998-05-13,T66,28.1167806417675,28.851250628900896,-0.73,2.6
1998-05-14,T66,47.3961073119411,42.712249206443104,4.68,9.9
1998-05-15,T66,46.5281430825881,35.87973354813688,10.65,22.9
1998-05-16,T66,17.4776433456076,20.72590566102795,-3.25,18.6
1998-05-17,T66,14.29510783798,19.16232646637028,-4.87,34.1
1998-03-18,T67,28.2482903734876,26.75650541658031,1.49,5.3
1998-03-19,T67,32.18043135192,33.49863394327528,-1.32,4.1
1998-03-20,T67,37.2698579694897,34.26256992395396,3.01,8.1
1998-03-21,T67,22.0673329826407,23.718366435531387,-1.65,7.5
1998-03-22,T67,31.9831667543398,22.941712323345477,9.04,28.3
1998-03-23,T67,20.4103103629669,23.768485812503833,-3.36,16.5
1998-03-24,T67,23.3561283534982,22.234296127220972,1.12,4.8
1998-03-25,T67,26.1572856391373,29.156029248271835,-3.0,11.5
1998-03-26,T67,32.8642819568648,35.392163597685894,-2.53,7.7
1998-03-27,T67,35.731194108364,35.3730533470284,0.36,1.0
1998-03-28,T67,23.0799579168858,22.666668752844323,0.41,1.8
1998-03-29,T67,25.5654918463966,25.685242977607302,-0.12,0.5
1998-03-30,T67,26.4466070489216,22.951767467327564,3.49,13.2
1998-03-31,T67,30.6023145712783,25.630524805189374,4.97,16.2
1998-04-01,T67,32.140978432404,27.927591810830823,4.21,13.1
1998-04-02,T67,36.4413466596528,36.056857562861076,0.38,1.0
1998-04-03,T67,37.3224618621778,33.851529486741825,3.47,9.3
1998-04-04,T67,20.7259337190952,22.822392350274644,-2.1,10.1
1998-04-05,T67,24.7764334560757,23.55301884485602,1.22,4.9
1998-04-06,T67,25.5391899000526,20.938727943955474,4.6,18.0
1998-04-07,T67,25.5128879537086,24.608356500541415,0.9,3.5
1998-04-08,T67,35.0078905839032,29.25224866800539,5.76,16.5
1998-04-09,T67,26.814834297738,37.56145248091583,-10.75,40.1
1998-04-10,T67,26.0783798001052,30.084202810281518,-4.01,15.4
1998-04-11,T67,8.91635981062599,17.750771490708658,-8.83,99.0
1998-04-12,T67,13.9101473922903,19.51298433976075,-5.6,40.3
1998-04-13,T67,18.9505523408732,18.294407732983533,0.66,3.5
1998-04-14,T67,21.0415570752236,22.6003484369973,-1.56,7.4
1998-04-15,T67,26.5123619147817,30.08308070736241,-3.57,13.5
1998-04-16,T67,27.0120988953183,31.90008539277803,-4.89,18.1
1998-04-17,T67,36.7438190426092,26.98308192184114,9.76,26.6
1998-04-18,T67,22.2777485533929,19.885757978218237,2.39,10.7
1998-04-19,T67,24.2109416096791,21.988726096936706,2.22,9.2
1998-04-20,T67,27.695949500263,20.718492455367755,6.98,25.2
1998-04-21,T67,25.0920568122041,24.762601348968282,0.33,1.3
1998-04-22,T67,27.0252498684903,28.49483823891081,-1.47,5.4
1998-04-23,T67,39.1899000526039,32.46045214142556,6.73,17.2
1998-04-24,T67,10.6259863229879,34.67322827587935,-24.05,226.3
1998-04-25,T67,15.6759600210416,12.961519321202006,2.71,17.3
1998-04-26,T67,28.9321409784324,20.7135777090417,8.22,28.4
1998-04-27,T67,23.4218832193582,25.96901613341852,-2.55,10.9
1998-04-28,T67,26.3940031562336,26.10134633395165,0.29,1.1
1998-04-29,T67,30.8258811152025,30.66282971927701,0.16,0.5
1998-04-30,T67,36.9147816938453,39.154197548372636,-2.24,6.1
1998-05-01,T67,37.9931614939506,30.44901674956225,7.54,19.8
1998-05-02,T67,29.0110468174645,19.94250402304113,9.07,31.3
1998-05-03,T67,33.5218306154655,26.919828261367197,6.6,19.7
1998-05-04,T67,29.6554445028932,25.79160438593817,3.86,13.0
1998-05-05,T67,26.1441346659653,26.13939392471308,0.0,0.0
1998-05-06,T67,27.2093634928985,28.98377626922624,-1.77,6.5
1998-05-07,T67,37.2304050499737,33.57320424371737,3.66,9.8
1998-05-08,T67,39.7948448185166,33.03060083144506,6.76,17.0
1998-05-09,T67,6.10205155181483,22.818761727291612,-16.72,274.0
1998-05-10,T67,18.2140978432404,18.296624114612587,-0.08,0.4
1998-05-11,T67,24.2372435560231,20.07214946652618,4.17,17.2
1998-05-12,T67,23.6322987901105,23.88356472040049,-0.25,1.1
1998-05-13,T67,30.2077853761178,27.744753760643764,2.46,8.1
1998-05-14,T67,31.9174118884797,36.83233896544038,-4.91,15.4
1998-05-15,T67,39.7816938453446,33.55249436781371,6.23,15.7
1998-05-16,T67,26.2230405049974,23.02345202966026,3.2,12.2
1998-05-17,T67,25.8022093634929,23.83886342152962,1.96,7.6
1998-03-18,T68,44.608100999474,46.622218600141814,-2.01,4.5
1998-03-19,T68,55.5891635981063,57.047997267761374,-1.46,2.6
1998-03-20,T68,63.7427669647554,48.98069948343583,14.76,23.2
1998-03-21,T68,39.6107311941084,50.34547875040211,-10.73,27.1
1998-03-22,T68,19.7659126775381,43.39830526087427,-23.63,119.5
1998-03-23,T68,37.8353498158864,35.00942418535703,2.83,7.5
1998-03-24,T68,41.7806417674908,40.02128800551762,1.76,4.2
1998-03-25,T68,48.9873750657549,47.827394708251596,1.16,2.4
1998-03-26,T68,61.4150447133088,61.411226632002645,0.0,0.0
1998-03-27,T68,63.7690689110994,57.60089528852659,6.17,9.7
1998-03-28,T68,39.6107311941084,47.24162300868278,-7.63,19.3
1998-03-29,T68,23.6454497632825,40.668898623195446,-17.02,72.0
1998-03-30,T68,43.2930036822725,39.20141255844828,4.09,9.4
1998-03-31,T68,45.1604418726986,43.73488848664788,1.43,3.2
1998-04-01,T68,52.1699105733824,48.82230362003355,3.35,6.4
1998-04-02,T68,63.6375591793793,60.01338521246204,3.62,5.7
1998-04-03,T68,64.6107311941084,55.02521463087461,9.59,14.8
1998-04-04,T68,41.6491320357707,43.79129807533362,-2.14,5.1
1998-04-05,T68,42.5828511309837,38.36848337824359,4.21,9.9
1998-04-06,T68,45.9889531825355,37.95517216684643,8.03,17.5
1998-04-07,T68,42.5565491846397,41.11238413446049,1.44,3.4
1998-04-08,T68,49.4345081536034,48.62092210246056,0.81,1.6
1998-04-09,T68,49.9210941609679,59.95096254937354,-10.03,20.1
1998-04-10,T68,39.3740136770121,49.22287779850749,-9.85,25.0
1998-04-11,T68,31.8911099421357,34.5378083754801,-2.65,8.3
1998-04-12,T68,32.3382430299842,35.38558163053426,-3.05,9.4
1998-04-13,T68,44.3582325092057,34.71135538011722,9.65,21.8
1998-04-14,T68,38.5323513940032,42.00285926979657,-3.47,9.0
1998-04-15,T68,45.515518148343,46.47588017213482,-0.96,2.1
1998-04-16,T68,53.4850078905839,54.37431635360799,-0.89,1.7
1998-04-17,T68,55.9179379274066,46.1051942586661,9.81,17.5
1998-04-18,T68,38.1378221988427,39.900425606343354,-1.76,4.6
1998-04-19,T68,40.7285639137296,36.584921929660865,4.14,10.2
1998-04-20,T68,22.9089952656497,39.47481054258161,-16.57,72.3
1998-04-21,T68,46.3177275118359,34.49236896795093,11.83,25.5
1998-04-22,T68,42.5039452919516,42.204648067731384,0.3,0.7
1998-04-23,T68,56.3387690689111,56.58295537344189,-0.24,0.4
1998-04-24,T68,23.0668069437138,51.0401257890404,-27.97,121.3
1998-04-25,T68,11.6850907029478,25.60756885200179,-13.92,119.1
1998-04-26,T68,29.9579168858496,23.897214107370623,6.06,20.2
1998-04-27,T68,43.4376643871647,31.146378477993693,12.29,28.3
1998-04-28,T68,46.8700683850605,42.99478520860409,3.88,8.3
1998-04-29,T68,56.4176749079432,41.69161900155083,14.73,26.1
1998-04-30,T68,62.2304050499737,57.15539021809942,5.08,8.2
1998-05-01,T68,66.5307732772225,46.51456450316253,20.02,30.1
1998-05-02,T68,20.1341399263545,47.119575555164396,-26.99,134.1
1998-05-03,T68,0.0526038926880589,30.401541977740052,-30.35,3035.0
1998-05-04,T68,23.4350341925302,22.964467082432137,0.47,2.0
1998-05-05,T68,41.7806417674908,32.730064372873386,9.05,21.7
1998-05-06,T68,44.1741188847975,47.683074346181705,-3.51,7.9
1998-05-07,T68,55.1946344029458,54.487918632124035,0.71,1.3
1998-05-08,T68,58.8111520252499,45.038459104479834,13.77,23.4
1998-05-09,T68,45.4760652288269,33.30606420053845,12.17,26.8
1998-05-10,T68,40.8206207259337,43.14584119951934,-2.33,5.7
1998-05-11,T68,45.1209889531825,33.90025845822149,11.22,24.9
1998-05-12,T68,45.1604418726986,43.039070930189155,2.12,4.7
1998-05-13,T68,43.3587585481326,45.682871130601235,-2.32,5.4
1998-05-14,T68,62.1120462914256,54.83885956755738,7.27,11.7
1998-05-15,T68,60.3892688058916,55.802379413210126,4.59,7.6
1998-05-16,T68,26.4334560757496,46.69875116447943,-20.27,76.7
1998-05-17,T68,19.0163072067333,33.10408199206508,-14.09,74.1
1998-03-18,T69,18.726985796949,16.6136771547234,2.11,11.3
1998-03-19,T69,21.9752761704366,23.68438954706548,-1.71,7.8
1998-03-20,T69,34.4029458179905,29.46287691355047,4.94,14.4
1998-03-21,T69,5.69437138348238,8.762705637942794,-3.07,53.9
1998-03-22,T69,12.2435560231457,12.41665753730839,-0.17,1.4
1998-03-23,T69,10.5207785376118,11.68235756175927,-1.16,11.0
1998-03-24,T69,13.2298790110468,14.231293266555685,-1.0,7.6
1998-03-25,T69,19.608100999474,18.538223163932244,1.07,5.5
1998-03-26,T69,23.9610731194108,25.912210918001215,-1.95,8.1
1998-03-27,T69,38.5192004208311,29.996153377101642,8.52,22.1
1998-03-28,T69,6.00999473961073,11.006300255809155,-5.0,83.2
1998-03-29,T69,12.4408206207259,13.183573155353326,-0.74,5.9
1998-03-30,T69,17.6091530773277,14.552156747002902,3.06,17.4
1998-03-31,T69,16.4781693845345,17.175523691667248,-0.7,4.2
1998-04-01,T69,22.6065228826933,18.90232801816784,3.7,16.4
1998-04-02,T69,24.0399789584429,24.842957809787464,-0.8,3.3
1998-04-03,T69,32.6407154129406,30.09852506829922,2.54,7.8
1998-04-04,T69,6.47027880063125,8.057655894670305,-1.59,24.6
1998-04-05,T69,15.3077327722251,13.507596819163464,1.8,11.8
1998-04-06,T69,15.5576012624934,13.137913805868942,2.42,15.6
1998-04-07,T69,17.5302472382956,14.889995687198159,2.64,15.1
1998-04-08,T69,25.6970015781168,19.861365219667917,5.84,22.7
1998-04-09,T69,20.2524986849027,25.99537917437855,-5.74,28.3
1998-04-10,T69,29.445028932141,27.047548957047876,2.4,8.2
1998-04-11,T69,4.52393477117307,6.876004586809412,-2.35,51.9
1998-04-12,T69,7.21988427143609,13.611671099918588,-6.39,88.5
1998-04-13,T69,17.6354550236718,13.548451290288268,4.09,23.2
1998-04-14,T69,15.8206207259337,16.582301381963518,-0.76,4.8
1998-04-15,T69,15.5049973698054,21.43078949331568,-5.93,38.2
1998-04-16,T69,19.8974224092583,22.00773857419052,-2.11,10.6
1998-04-17,T69,31.9305628616518,25.463099986667103,6.47,20.3
1998-04-18,T69,4.05049973698054,7.5500011169094075,-3.5,86.4
1998-04-19,T69,14.9263545502367,10.636943310477784,4.29,28.7
1998-04-20,T69,12.3882167280379,14.644221224064285,-2.26,18.2
1998-04-21,T69,14.3477117306681,14.627787010244335,-0.28,2.0
1998-04-22,T69,16.8990005260389,18.414361288556485,-1.52,9.0
1998-04-23,T69,22.4618621778012,22.688683429095015,-0.23,1.0
1998-04-24,T69,5.49710678590216,29.19733574180876,-23.7,431.1
1998-04-25,T69,4.2872172540768,4.839211082012401,-0.55,12.8
1998-04-26,T69,16.1230931088901,11.905976252529536,4.22,26.2
1998-04-27,T69,4.58968963703314,14.530029186366772,-9.94,216.6
1998-04-28,T69,19.9631772751184,15.89340823733804,4.07,20.4
1998-04-29,T69,23.6322987901105,21.399498454505178,2.23,9.4
1998-04-30,T69,28.3666491320358,25.767266847915465,2.6,9.2
1998-05-01,T69,36.0731194108364,25.99159731715291,10.08,27.9
1998-05-02,T69,5.74697527617044,9.476291813195019,-3.73,64.9
1998-05-03,T69,9.46870068385061,13.515785252557391,-4.05,42.8
1998-05-04,T69,14.7553918990005,14.192958199218081,0.56,3.8
1998-05-05,T69,8.90320883745397,16.279442298882056,-7.38,82.9
1998-05-06,T69,2.28826933193056,17.74963477545392,-15.46,675.6
1998-05-07,T69,29.0373487638085,23.55113930360475,5.49,18.9
1998-05-08,T69,32.0489216201999,28.552554808953452,3.5,10.9
1998-05-09,T69,5.49710678590216,7.442684736376989,-1.95,35.5
1998-05-10,T69,14.6896370331405,11.76848903429728,2.92,19.9
1998-05-11,T69,13.6112572330352,13.12824601056425,0.48,3.5
1998-05-12,T69,14.7290899526565,13.81174787860779,0.92,6.2
1998-05-13,T69,15.0578642819569,17.2497823093764,-2.19,14.5
1998-05-14,T69,25.0526038926881,24.086431246515644,0.97,3.9
1998-05-15,T69,31.5097317201473,28.089798693458008,3.42,10.9
1998-05-16,T69,6.28616517622304,7.713101958096976,-1.43,22.7
1998-05-17,T69,13.7164650184114,13.669901784400443,0.05,0.4
1998-03-18,T7,21.4143990929705,18.322195152362443,3.09,14.4
1998-03-19,T7,30.796485260771,28.163267011097,2.63,8.5
1998-03-20,T7,40.4195011337868,31.95513268513097,8.46,20.9
1998-03-21,T7,20.2097505668934,18.652742786178667,1.56,7.7
1998-03-22,T7,19.1043083900227,19.025857157311428,0.08,0.4
1998-03-23,T7,16.6950113378685,15.6491725213223,1.05,6.3
1998-03-24,T7,19.1751700680272,16.6221193021739,2.55,13.3
1998-03-25,T7,21.9671201814059,23.29163926247537,-1.32,6.0
1998-03-26,T7,32.2137188208617,32.75194640968801,-0.54,1.7
1998-03-27,T7,35.4308390022676,34.74280094083122,0.69,1.9
1998-03-28,T7,18.0413832199547,18.321538464138673,-0.28,1.6
1998-03-29,T7,20.8333333333333,19.05461097079285,1.78,8.5
1998-03-30,T7,22.6048752834467,19.12116894545767,3.48,15.4
1998-03-31,T7,27.1967120181406,21.45301761715846,5.74,21.1
1998-04-01,T7,21.3151927437642,23.453048090721722,-2.14,10.0
1998-04-02,T7,28.968253968254,29.46839147165757,-0.5,1.7
1998-04-03,T7,35.3174603174603,30.760616810422636,4.56,12.9
1998-04-04,T7,15.4336734693878,17.874973342519876,-2.44,15.8
1998-04-05,T7,21.7120181405896,19.018587869059928,2.69,12.4
1998-04-06,T7,18.8775510204082,17.709644494497415,1.17,6.2
1998-04-07,T7,20.3231292517007,19.308223044382824,1.01,5.0
1998-04-08,T7,28.2738095238095,21.14122347154524,7.13,25.2
1998-04-09,T7,21.1734693877551,31.860629151248304,-10.69,50.5
1998-04-10,T7,29.0816326530612,27.484348702018117,1.6,5.5
1998-04-11,T7,12.0181405895692,15.720660113919795,-3.7,30.8
1998-04-12,T7,12.7834467120181,18.53181506240216,-5.75,45.0
1998-04-13,T7,20.0538548752834,15.021673509118301,5.03,25.1
1998-04-14,T7,16.4824263038549,19.30017148471731,-2.82,17.1
1998-04-15,T7,21.5986394557823,22.96371199038145,-1.37,6.3
1998-04-16,T7,27.0266439909297,26.930675925388428,0.1,0.4
1998-04-17,T7,32.1145124716553,28.060262850819235,4.05,12.6
1998-04-18,T7,14.4132653061225,15.828525672234665,-1.42,9.9
1998-04-19,T7,19.3452380952381,15.89477050042596,3.45,17.8
1998-04-20,T7,14.2998866213152,18.06920333250976,-3.77,26.4
1998-04-21,T7,18.0555555555556,16.65455895120592,1.4,7.8
1998-04-22,T7,19.4302721088435,22.544255660024312,-3.11,16.0
1998-04-23,T7,31.5334467120181,28.532342925059048,3.0,9.5
1998-04-24,T7,9.84977324263039,31.87846080741781,-22.03,223.7
1998-04-25,T7,14.8100907029478,10.565558842335044,4.24,28.6
1998-04-26,T7,18.1972789115646,17.531850957503824,0.67,3.7
1998-04-27,T7,12.65589569161,16.895718457949176,-4.24,33.5
1998-04-28,T7,20.7766439909297,17.901875069312545,2.87,13.8
1998-04-29,T7,22.6615646258503,23.566372489224808,-0.9,4.0
1998-04-30,T7,31.0515873015873,31.24708189392363,-0.2,0.6
1998-05-01,T7,35.4591836734694,26.920371870230078,8.54,24.1
1998-05-02,T7,14.3707482993197,15.729854648836003,-1.36,9.5
1998-05-03,T7,14.8951247165533,17.110167365371897,-2.22,14.9
1998-05-04,T7,17.4603174603175,16.891086548118544,0.57,3.3
1998-05-05,T7,17.1201814058957,18.216795093562272,-1.1,6.4
1998-05-06,T7,22.7324263038549,21.790995052449396,0.94,4.1
1998-05-07,T7,28.7840136054422,28.994987873157108,-0.21,0.7
1998-05-08,T7,30.0028344671202,29.067172494249057,0.94,3.1
1998-05-09,T7,13.1519274376417,14.094437274253576,-0.94,7.1
1998-05-10,T7,12.3724489795918,15.576733837319132,-3.2,25.9
1998-05-11,T7,15.702947845805,14.21459547703177,1.49,9.5
1998-05-12,T7,17.6020408163265,16.567202061644828,1.03,5.9
1998-05-13,T7,15.4903628117914,21.399831604192347,-5.91,38.2
1998-05-14,T7,31.5051020408163,26.912845462120096,4.59,14.6
1998-05-15,T7,32.3979591836735,28.86106759346685,3.54,10.9
1998-05-16,T7,13.7046485260771,15.126139000948891,-1.42,10.4
1998-05-17,T7,17.4744897959184,15.1995331940633,2.27,13.0
1998-03-18,T70,21.6596528143083,18.381859278998622,3.28,15.1
1998-03-19,T70,27.5118358758548,25.34799910020818,2.16,7.9
1998-03-20,T70,30.2340873224619,26.680304691608786,3.55,11.7
1998-03-21,T70,13.2956338769069,13.357383316720398,-0.06,0.5
1998-03-22,T70,14.1635981062599,13.549634961525019,0.61,4.3
1998-03-23,T70,8.89005786428196,14.092293591840248,-5.2,58.5
1998-03-24,T70,11.8358758548133,13.86325517303011,-2.03,17.2
1998-03-25,T70,19.3056286165176,19.82941753342056,-0.52,2.7
1998-03-26,T70,26.1178327196213,28.398780033020042,-2.28,8.7
1998-03-27,T70,27.5775907417149,29.715587277095928,-2.14,7.8
1998-03-28,T70,11.6517622304051,13.932943164818525,-2.28,19.6
1998-03-29,T70,16.6096791162546,14.607850410180056,2.0,12.0
1998-03-30,T70,13.5981062598632,14.760141566981988,-1.16,8.5
1998-03-31,T70,14.2162019989479,14.904747348069106,-0.69,4.9
1998-04-01,T70,18.2140978432404,18.60049601128891,-0.39,2.1
1998-04-02,T70,22.2645975802209,25.148197260586976,-2.88,12.9
1998-04-03,T70,29.2214623882167,24.884817274087467,4.34,14.9
1998-04-04,T70,10.6391372961599,12.566946406501623,-1.93,18.1
1998-04-05,T70,13.8348237769595,13.92811232208416,-0.09,0.7
1998-04-06,T70,12.6643871646502,12.201140080337769,0.46,3.6
1998-04-07,T70,14.1504471330878,13.256586669851252,0.89,6.3
1998-04-08,T70,21.5412940557601,17.93514108300436,3.61,16.8
1998-04-09,T70,17.6749079431878,24.72328037570396,-7.05,39.9
1998-04-10,T70,22.8826933193056,23.247793628578364,-0.37,1.6
1998-04-11,T70,8.85060494476591,11.549876622153219,-2.7,30.5
1998-04-12,T70,10.2709100473435,12.57606348250709,-2.31,22.5
1998-04-13,T70,13.4928984744871,11.341073223699604,2.15,15.9
1998-04-14,T70,13.1641241451867,13.65368715812899,-0.49,3.7
1998-04-15,T70,16.3729615991583,19.39002954194961,-3.02,18.4
1998-04-16,T70,20.0683850604945,21.586305974333897,-1.52,7.6
1998-04-17,T70,21.4755391899001,22.551750162960367,-1.08,5.0
1998-04-18,T70,11.599158337717,10.618213811252918,0.98,8.4
1998-04-19,T70,11.0862703840084,12.291043122794102,-1.2,10.8
1998-04-20,T70,11.2440820620726,11.750247313210277,-0.51,4.5
1998-04-21,T70,11.9410836401894,12.468522725663785,-0.53,4.4
1998-04-22,T70,15.6496580746975,17.072578513688647,-1.42,9.1
1998-04-23,T70,19.9500263019463,22.00366853879841,-2.05,10.3
1998-04-24,T70,6.25986322987901,22.742910496615444,-16.48,263.3
1998-04-25,T70,9.67911625460284,8.383311161010704,1.3,13.4
1998-04-26,T70,17.0699631772751,11.930204075765173,5.14,30.1
1998-04-27,T70,14.4397685428722,13.723290972442006,0.72,5.0
1998-04-28,T70,14.5844292477643,13.973750429837287,0.61,4.2
1998-04-29,T70,19.8711204629143,18.266437663359707,1.6,8.1
1998-04-30,T70,23.6322987901105,23.27432203650755,0.36,1.5
1998-05-01,T70,30.7732772225145,20.714158846430784,10.06,32.7
1998-05-02,T70,9.03471856917412,12.128637576815507,-3.09,34.2
1998-05-03,T70,12.9668595476065,13.751281909792908,-0.78,6.0
1998-05-04,T70,14.9789584429248,15.095908826039174,-0.12,0.8
1998-05-05,T70,14.4792214623882,14.367588938394945,0.11,0.8
1998-05-06,T70,17.7406628090479,17.751877624714584,-0.01,0.1
1998-05-07,T70,20.6075749605471,21.737837619849902,-1.13,5.5
1998-05-08,T70,26.1572856391373,22.325578995717155,3.83,14.6
1998-05-09,T70,13.8742766964755,11.324087621024042,2.55,18.4
1998-05-10,T70,13.6638611257233,13.800712932730482,-0.14,1.0
1998-05-11,T70,12.0331404523935,12.707400907572262,-0.67,5.6
1998-05-12,T70,11.1651762230405,13.135594278902195,-1.97,17.6
1998-05-13,T70,15.7680168332457,16.528799557956372,-0.76,4.8
1998-05-14,T70,23.3429773803261,21.506889444640684,1.84,7.9
1998-05-15,T70,22.5407680168332,23.552203519283022,-1.01,4.5
1998-05-16,T70,11.1783271962125,12.0024671040883,-0.82,7.3
1998-05-17,T70,13.9005786428196,12.964356886752626,0.94,6.8
1998-03-18,T71,12.493424513414,13.660857450110132,-1.17,9.4
1998-03-19,T71,15.1236191478169,19.9757546521705,-4.85,32.1
1998-03-20,T71,13.5060494476591,13.41927156498297,0.09,0.7
1998-03-21,T71,10.4024197790637,9.77877523519235,0.62,6.0
1998-03-22,T71,9.38979484481852,11.119555684994328,-1.73,18.4
1998-03-23,T71,9.77117306680694,9.932118278119008,-0.16,1.6
1998-03-24,T71,13.4928984744871,11.202789680035767,2.29,17.0
1998-03-25,T71,15.189374013677,15.403729083734177,-0.21,1.4
1998-03-26,T71,23.3298264071541,20.38097075773548,2.95,12.6
1998-03-27,T71,16.031036296686,16.72523846742378,-0.69,4.3
1998-03-28,T71,13.1246712256707,10.34395252583326,2.78,21.2
1998-03-29,T71,14.1504471330878,12.848069767706624,1.3,9.2
1998-03-30,T71,13.348237769595,12.672174253823583,0.68,5.1
1998-03-31,T71,13.1246712256707,14.41184678726364,-1.29,9.8
1998-04-01,T71,13.6244082062073,15.122125330240767,-1.5,11.0
1998-04-02,T71,15.4523934771173,19.87033788044195,-4.42,28.6
1998-04-03,T71,14.1109942135718,14.368494491736866,-0.26,1.8
1998-04-04,T71,9.62651236191478,10.592442343071212,-0.97,10.1
1998-04-05,T71,9.20568122041031,12.097734624698276,-2.89,31.4
1998-04-06,T71,10.70489216202,9.679171957646064,1.03,9.6
1998-04-07,T71,9.90268279852709,11.207699032839813,-1.31,13.2
1998-04-08,T71,15.8600736454498,12.466022800860726,3.39,21.4
1998-04-09,T71,10.4024197790637,18.21492925456601,-7.81,75.1
1998-04-10,T71,10.4550236717517,12.883378704508655,-2.43,23.2
1998-04-11,T71,11.6850907029478,8.462714422904243,3.22,27.6
1998-04-12,T71,13.9101473922903,10.61557949786311,3.29,23.7
1998-04-13,T71,0.0,10.840165305766934,-10.84,1084.0
1998-04-14,T71,3.37980010520779,8.184837784034677,-4.81,142.3
1998-04-15,T71,12.6249342451341,12.797477463883702,-0.17,1.3
1998-04-16,T71,20.0683850604945,14.462765541032768,5.61,28.0
1998-04-17,T71,11.3624408206207,14.007210079436888,-2.64,23.2
1998-04-18,T71,3.52446081009995,9.144298225470965,-5.62,159.5
1998-04-19,T71,7.00946870068385,9.944144171597584,-2.93,41.8
1998-04-20,T71,8.56128353498159,7.762367302192228,0.8,9.3
1998-04-21,T71,9.04786954234613,8.641258385646688,0.41,4.5
1998-04-22,T71,12.2961599158338,12.564760846465138,-0.27,2.2
1998-04-23,T71,24.0136770120989,18.119191909854965,5.89,24.5
1998-04-24,T71,13.5981062598632,15.608342389173593,-2.01,14.8
1998-04-25,T71,17.0305102577591,7.556425775749164,9.47,55.6
1998-04-26,T71,12.2830089426618,13.53211517567414,-1.25,10.2
1998-04-27,T71,9.81062598632299,10.421440624741328,-0.61,6.2
1998-04-28,T71,10.8364018937401,10.593708267386562,0.24,2.2
1998-04-29,T71,16.4255654918464,14.395413354035952,2.03,12.4
1998-04-30,T71,22.5539189900053,21.957738457781304,0.6,2.7
1998-05-01,T71,15.7154129405576,15.61667528119197,0.1,0.6
1998-05-02,T71,16.8332456601789,11.221437220257753,5.61,33.3
1998-05-03,T71,13.2956338769069,14.203878028969832,-0.91,6.8
1998-05-04,T71,21.396633350868,12.167655667275286,9.23,43.1
1998-05-05,T71,12.8879537085744,14.25309856514893,-1.37,10.6
1998-05-06,T71,12.8616517622304,14.828769968497523,-1.97,15.3
1998-05-07,T71,22.317201472909,18.846083921357476,3.47,15.5
1998-05-08,T71,15.5444502893214,15.638846982085848,-0.09,0.6
1998-05-09,T71,12.2304050499737,11.80334442549453,0.43,3.5
1998-05-10,T71,14.255654918464,12.536120570555926,1.72,12.1
1998-05-11,T71,12.4145186743819,12.316872697347845,0.1,0.8
1998-05-12,T71,14.7159389794845,11.820557906909047,2.9,19.7
1998-05-13,T71,14.4266175697002,14.775544059526233,-0.35,2.4
1998-05-14,T71,19.5028932140978,21.621876880784725,-2.12,10.9
1998-05-15,T71,16.6885849552867,15.440124583554052,1.25,7.5
1998-05-16,T71,13.9400315623356,11.58040585419714,2.36,16.9
1998-05-17,T71,12.8090478695423,13.414893697552003,-0.61,4.8
1998-03-18,T72,18.0957390846923,18.317271279275765,-0.22,1.2
1998-03-19,T72,21.7385586533403,23.21594702502941,-1.48,6.8
1998-03-20,T72,16.6754339821147,22.12880443358391,-5.45,32.7
1998-03-21,T72,0.0,10.211561931223484,-10.21,1021.0
1998-03-22,T72,6.39137296159916,5.68484380051135,0.71,11.1
1998-03-23,T72,10.8627038400842,11.386123666424735,-0.52,4.8
1998-03-24,T72,16.964755391899,13.865253099330229,3.1,18.3
1998-03-25,T72,18.5691741188848,20.76976532447678,-2.2,11.8
1998-03-26,T72,26.5781167806418,25.373703186931607,1.2,4.5
1998-03-27,T72,24.0531299316149,23.10343977684557,0.95,3.9
1998-03-28,T72,8.06154655444503,11.873322427384238,-3.81,47.3
1998-03-29,T72,8.07469752761704,10.14393813512982,-2.07,25.6
1998-03-30,T72,15.8337716991057,14.65060077207287,1.18,7.5
1998-03-31,T72,18.5691741188848,17.772385371415535,0.8,4.3
1998-04-01,T72,15.2814308258811,19.83063937745704,-4.55,29.8
1998-04-02,T72,21.7780115728564,22.622568481897588,-0.84,3.9
1998-04-03,T72,22.9352972119937,20.8458686587765,2.09,9.1
1998-04-04,T72,12.1909521304577,10.04087089116664,2.15,17.6
1998-04-05,T72,8.50867964229353,11.31580731598211,-2.81,33.0
1998-04-06,T72,10.2840610205155,11.554729528668755,-1.27,12.3
1998-04-07,T72,14.8342977380326,13.36435985637332,1.47,9.9
1998-04-08,T72,19.7527617043661,16.8174593233228,2.94,14.9
1998-04-09,T72,19.4897422409258,22.83186070053355,-3.34,17.1
1998-04-10,T72,16.6491320357706,20.785700795241297,-4.14,24.9
1998-04-11,T72,7.91688584955287,9.730355409240206,-1.81,22.9
1998-04-12,T72,13.413992635455,9.50737333483921,3.91,29.1
1998-04-13,T72,10.9021567596002,11.261234496944539,-0.36,3.3
1998-04-14,T72,12.7169910573382,13.432870281475257,-0.72,5.7
1998-04-15,T72,19.4371383482378,17.32412082575207,2.11,10.9
1998-04-16,T72,24.8158863755918,22.182890825552995,2.63,10.6
1998-04-17,T72,21.9621251972646,19.398280401442804,2.56,11.7
1998-04-18,T72,11.1257233035245,10.07456436866073,1.05,9.4
1998-04-19,T72,7.60126249342451,11.9618415973051,-4.36,57.4
1998-04-20,T72,9.823776959495,10.737713098777444,-0.91,9.3
1998-04-21,T72,16.7674907943188,12.791575858082675,3.98,23.7
1998-04-22,T72,20.7785376117833,19.12188960541316,1.66,8.0
1998-04-23,T72,21.5412940557601,25.625783851984828,-4.08,18.9
1998-04-24,T72,8.62703840084166,21.47721859911844,-12.85,149.0
1998-04-25,T72,9.33719095213046,8.216782816849975,1.12,12.0
1998-04-26,T72,9.87638085218306,9.8276859600719,0.05,0.5
1998-04-27,T72,9.91583377169911,10.71578952554617,-0.8,8.1
1998-04-28,T72,16.8726985796949,14.614366661215062,2.26,13.4
1998-04-29,T72,24.6712256706996,20.710275575944678,3.96,16.1
1998-04-30,T72,26.1572856391373,24.576564963197484,1.58,6.0
1998-05-01,T72,26.2887953708574,18.99242436806778,7.3,27.8
1998-05-02,T72,15.3603366649132,12.40132962996075,2.96,19.3
1998-05-03,T72,11.8753287743293,13.81258223660605,-1.94,16.3
1998-05-04,T72,0.0,13.523978383683863,-13.52,1352.0
1998-05-05,T72,6.40452393477117,12.469229948150836,-6.06,94.6
1998-05-06,T72,24.973698053656,16.593343139181528,8.38,33.6
1998-05-07,T72,27.1173066806944,26.002327255927156,1.11,4.1
1998-05-08,T72,24.8816412414519,21.27957106034328,3.6,14.5
1998-05-09,T72,11.5202524986849,12.640310495160957,-1.12,9.7
1998-05-10,T72,10.8890057864282,12.262688750386209,-1.37,12.6
1998-05-11,T72,11.2703840084166,10.041901938457793,1.23,10.9
1998-05-12,T72,12.1646501841136,12.275732785938132,-0.11,0.9
1998-05-13,T72,20.9495002630195,19.760425856528624,1.19,5.7
1998-05-14,T72,27.0647027880063,26.159397674730982,0.91,3.4
1998-05-15,T72,21.6201998947922,22.520661123774538,-0.9,4.2
1998-05-16,T72,13.400841662283,11.634063573316896,1.77,13.2
1998-05-17,T72,10.5602314571278,12.274143216430684,-1.71,16.2
1998-03-18,T73,12.3027354024198,17.33745880825724,-5.03,40.9
1998-03-19,T73,24.973698053656,25.168899842205686,-0.2,0.8
1998-03-20,T73,7.71962125197265,26.960196792027727,-19.24,249.2
1998-03-21,T73,6.74644923724356,7.092343756977999,-0.35,5.2
1998-03-22,T73,9.10047343503419,11.960424974598158,-2.86,31.4
1998-03-23,T73,14.4792214623882,10.209687285427673,4.27,29.5
1998-03-24,T73,15.3077327722251,13.001092101462124,2.31,15.1
1998-03-25,T73,20.2919516044187,17.79999339529525,2.49,12.3
1998-03-26,T73,22.6328248290373,28.535085406116025,-5.9,26.1
1998-03-27,T73,31.207259337191,24.0638746427587,7.14,22.9
1998-03-28,T73,4.95791688584955,9.971637307494145,-5.01,101.1
1998-03-29,T73,11.5597054182009,10.76813098231677,0.79,6.8
1998-03-30,T73,12.5986322987901,16.039579802861503,-3.44,27.3
1998-03-31,T73,11.7832719621252,15.886934499478869,-4.1,34.8
1998-04-01,T73,16.3992635455024,17.874966691717276,-1.48,9.0
1998-04-02,T73,27.6301946344029,24.520247131743318,3.11,11.3
1998-04-03,T73,29.9842188321936,26.82730501732248,3.16,10.5
1998-04-04,T73,8.07469752761704,7.723270613086662,0.35,4.3
1998-04-05,T73,11.599158337717,12.609851577031856,-1.01,8.7
1998-04-06,T73,9.15307732772225,11.414110320413908,-2.26,24.7
1998-04-07,T73,12.2567069963177,11.39582478960822,0.86,7.0
1998-04-08,T73,19.0952130457654,15.668529175662407,3.43,18.0
1998-04-09,T73,27.7748553392951,26.491456167460072,1.28,4.6
1998-04-10,T73,24.973698053656,28.23730532376772,-3.26,13.1
1998-04-11,T73,4.98421883219358,8.134518551780863,-3.15,63.2
1998-04-12,T73,6.89110994213572,11.48790438357112,-4.6,66.8
1998-04-13,T73,12.8748027354024,10.124158318274201,2.75,21.4
1998-04-14,T73,9.16622830089427,12.785068887561462,-3.62,39.5
1998-04-15,T73,15.3471856917412,16.1779816976937,-0.83,5.4
1998-04-16,T73,20.3840084166228,24.561549544775488,-4.18,20.5
1998-04-17,T73,23.9084692267228,22.012724227423902,1.9,7.9
1998-04-18,T73,5.02367175170963,7.110145141069686,-2.09,41.6
1998-04-19,T73,10.718043135192,9.444629525651962,1.27,11.8
1998-04-20,T73,8.33771699105734,11.623499348757708,-3.29,39.5
1998-04-21,T73,9.52130457653866,10.259118346759573,-0.74,7.8
1998-04-22,T73,12.9931614939506,15.541762968220512,-2.55,19.6
1998-04-23,T73,25.881115202525,21.96584492040144,3.92,15.1
1998-04-24,T73,3.76117832719621,26.107918179036822,-22.35,594.2
1998-04-25,T73,5.47080483955813,5.552826372752037,-0.08,1.5
1998-04-26,T73,12.5986322987901,9.969216096226907,2.63,20.9
1998-04-27,T73,10.8890057864282,10.976062127470396,-0.09,0.8
1998-04-28,T73,13.5192004208311,11.415871881842948,2.1,15.5
1998-04-29,T73,21.0810099947396,16.42434548534291,4.66,22.1
1998-04-30,T73,32.7459231983167,28.025556755639286,4.72,14.4
1998-05-01,T73,31.9437138348238,25.270403249840697,6.67,20.9
1998-05-02,T73,7.39084692267228,8.626429444536715,-1.24,16.8
1998-05-03,T73,10.718043135192,12.576436970221945,-1.86,17.4
1998-05-04,T73,12.6512361914782,13.384649664321769,-0.73,5.8
1998-05-05,T73,10.4024197790637,13.069893874024615,-2.67,25.7
1998-05-06,T73,15.1104681746449,16.439772261268686,-1.33,8.8
1998-05-07,T73,21.9884271436086,24.928468838132737,-2.94,13.4
1998-05-08,T73,25.6443976854287,24.009484173902823,1.63,6.4
1998-05-09,T73,6.52288269331931,7.4124269382503085,-0.89,13.6
1998-05-10,T73,9.98158863755918,10.73502568416888,-0.75,7.5
1998-05-11,T73,9.24513413992636,10.61546314964462,-1.37,14.8
1998-05-12,T73,8.79800105207785,10.584188952800574,-1.79,20.3
1998-05-13,T73,14.3477117306681,14.205804630477376,0.14,1.0
1998-05-14,T73,18.2930036822725,22.741175825623785,-4.45,24.3
1998-05-15,T73,30.3129931614939,21.430652088351625,8.88,29.3
1998-05-16,T73,5.57601262493425,8.317097218873919,-2.74,49.1
1998-05-17,T73,9.33719095213046,10.580943248842402,-1.24,13.3
1998-03-18,T74,9.16622830089427,12.883512851186623,-3.72,40.6
1998-03-19,T74,20.9100473435034,18.89320371362338,2.02,9.7
1998-03-20,T74,11.4939505523409,20.30344129706784,-8.81,76.6
1998-03-21,T74,12.0748299319728,7.75926790384789,4.32,35.8
1998-03-22,T74,7.70647027880063,10.620569768153443,-2.91,37.8
1998-03-23,T74,9.25828511309837,7.9972654717036065,1.26,13.6
1998-03-24,T74,9.33719095213046,10.686070550240519,-1.35,14.5
1998-03-25,T74,13.6770120988953,12.205692135146737,1.47,10.7
1998-03-26,T74,26.5649658074698,22.094170453455856,4.47,16.8
1998-03-27,T74,21.3177275118359,20.435700147788054,0.88,4.1
1998-03-28,T74,12.1120462914256,11.605714352406244,0.51,4.2
1998-03-29,T74,13.6112572330352,11.239517503955625,2.37,17.4
1998-03-30,T74,11.1388742766965,12.369721998585481,-1.23,11.0
1998-03-31,T74,11.3229879011047,11.778693204047693,-0.46,4.1
1998-04-01,T74,12.2041031036297,13.533317423869184,-1.33,10.9
1998-04-02,T74,23.4613361388743,21.20585668766509,2.26,9.6
1998-04-03,T74,25.4471330878485,19.314544099981262,6.13,24.1
1998-04-04,T74,12.2172540768017,12.697073032577443,-0.48,3.9
1998-04-05,T74,10.3761178327196,12.773017943028782,-2.4,23.1
1998-04-06,T74,12.5591793792741,9.7016769370821,2.86,22.8
1998-04-07,T74,12.3487638085218,11.479881238962683,0.87,7.0
1998-04-08,T74,19.1215149921094,12.92094402097978,6.2,32.4
1998-04-09,T74,21.4755391899001,22.75866423574481,-1.28,6.0
1998-04-10,T74,21.8832193582325,21.654336576103077,0.23,1.1
1998-04-11,T74,14.6238821672804,11.612619586449147,3.01,20.6
1998-04-12,T74,15.6628090478695,12.619352838842858,3.04,19.4
1998-04-13,T74,9.99473961073119,11.756230265706634,-1.76,17.6
1998-04-14,T74,12.4408206207259,11.405897833661532,1.03,8.3
1998-04-15,T74,12.4013677012099,15.277669591257082,-2.88,23.2
1998-04-16,T74,20.3708574434508,21.095411002314236,-0.72,3.5
1998-04-17,T74,22.1593897948448,20.339157358646172,1.82,8.2
1998-04-18,T74,9.77117306680694,12.698927745188575,-2.93,30.0
1998-04-19,T74,9.29773803261441,12.357073385440238,-3.06,32.9
1998-04-20,T74,10.5996843766439,9.880000627544742,0.72,6.8
1998-04-21,T74,9.67911625460284,11.436229431467623,-1.76,18.2
1998-04-22,T74,11.2177801157286,13.105789234517765,-1.89,16.8
1998-04-23,T74,23.9479221462388,20.706491035692416,3.24,13.5
1998-04-24,T74,7.98264071541294,21.842499754546694,-13.86,173.6
1998-04-25,T74,9.10047343503419,8.026437061638639,1.07,11.8
1998-04-26,T74,10.1130983692793,10.290492666020349,-0.18,1.8
1998-04-27,T74,11.1914781693845,10.672426541070733,0.52,4.6
1998-04-28,T74,13.7296159915834,11.450030936398672,2.28,16.6
1998-04-29,T74,14.6107311941084,15.300048619161657,-0.69,4.7
1998-04-30,T74,25.3287743293004,23.85819606295431,1.47,5.8
1998-05-01,T74,27.5775907417149,20.358339494485044,7.22,26.2
1998-05-02,T74,14.9000526038927,12.881239377640764,2.02,13.6
1998-05-03,T74,15.9389794844819,13.83820200912532,2.1,13.2
1998-05-04,T74,9.0215675960021,13.61106253339093,-4.59,50.9
1998-05-05,T74,8.61388742766965,11.810018582880438,-3.2,37.1
1998-05-06,T74,13.6770120988953,13.564990151846532,0.11,0.8
1998-05-07,T74,24.8158863755918,21.079424767680507,3.74,15.1
1998-05-08,T74,22.4092582851131,21.995597963711823,0.41,1.8
1998-05-09,T74,11.5071015255129,12.183125922621372,-0.68,5.9
1998-05-10,T74,10.70489216202,12.992937671863494,-2.29,21.4
1998-05-11,T74,9.65281430825881,9.523531046546992,0.13,1.3
1998-05-12,T74,10.0999473961073,10.405707660505396,-0.31,3.1
1998-05-13,T74,6.8779589689637,12.862154236118016,-5.98,86.9
1998-05-14,T74,25.2235665439242,20.873747185519033,4.35,17.2
1998-05-15,T74,23.0536559705418,21.571720082776174,1.48,6.4
1998-05-16,T74,11.2572330352446,11.593286818624522,-0.34,3.0
1998-05-17,T74,10.9153077327722,11.645577108640827,-0.73,6.7
1998-03-18,T75,16.7148869016307,17.937181942408138,-1.22,7.3
1998-03-19,T75,23.5533929510784,26.657608476289766,-3.1,13.2
1998-03-20,T75,29.3529721199369,26.920731525465744,2.43,8.3
1998-03-21,T75,9.03471856917412,10.12216565888401,-1.09,12.1
1998-03-22,T75,10.5602314571278,12.77658995445725,-2.22,21.0
1998-03-23,T75,13.5455023671752,13.174542454100472,0.37,2.7
1998-03-24,T75,11.7569700157812,14.062313583566404,-2.31,19.6
1998-03-25,T75,19.0294581799053,18.174499098912165,0.85,4.5
1998-03-26,T75,27.5118358758548,28.51569158735778,-1.0,3.6
1998-03-27,T75,32.4829037348764,29.311148622845394,3.17,9.8
1998-03-28,T75,11.0073645449763,11.161892791284448,-0.15,1.4
1998-03-29,T75,13.0589163598106,13.426377196486468,-0.37,2.8
1998-03-30,T75,16.5307732772225,16.542837533033882,-0.01,0.1
1998-03-31,T75,11.3755917937927,15.89468114812746,-4.52,39.7
1998-04-01,T75,17.81956864808,18.421811732553437,-0.6,3.4
1998-04-02,T75,25.2893214097843,26.4867837565291,-1.2,4.7
1998-04-03,T75,28.3929510783798,26.882215998470933,1.51,5.3
1998-04-04,T75,8.29826407154129,10.284955240284823,-1.99,24.0
1998-04-05,T75,13.6507101525513,13.346152631660807,0.3,2.2
1998-04-06,T75,15.6365071015255,13.055948219112107,2.58,16.5
1998-04-07,T75,11.1125723303524,13.469565596123477,-2.36,21.2
1998-04-08,T75,14.6107311941084,16.93519527625395,-2.32,15.9
1998-04-09,T75,16.7280378748027,24.73953278969005,-8.01,47.9
1998-04-10,T75,27.7617043661231,23.14311372189534,4.62,16.6
1998-04-11,T75,7.75907417148869,9.60407039279621,-1.84,23.7
1998-04-12,T75,11.2177801157286,12.562032899473348,-1.34,11.9
1998-04-13,T75,12.4408206207259,12.879120685208914,-0.44,3.5
1998-04-14,T75,16.4781693845345,12.245469496891834,4.23,25.7
1998-04-15,T75,12.6117832719621,16.899568640915813,-4.29,34.0
1998-04-16,T75,16.2940557601262,19.96986767794497,-3.68,22.6
1998-04-17,T75,24.4739610731194,22.799011327735627,1.67,6.8
1998-04-18,T75,8.3903208837454,9.272209120001204,-0.88,10.5
1998-04-19,T75,12.1514992109416,11.697490069319802,0.45,3.7
1998-04-20,T75,13.2561809573908,11.969628588873356,1.29,9.7
1998-04-21,T75,10.8100999473961,13.629573598648893,-2.82,26.1
1998-04-22,T75,13.5718043135192,14.370659657506595,-0.8,5.9
1998-04-23,T75,24.6317727511836,19.87818761501076,4.75,19.3
1998-04-24,T75,5.47080483955813,25.878877059676324,-20.41,373.1
1998-04-25,T75,5.52340873224619,6.954746978637344,-1.43,25.9
1998-04-26,T75,7.15412940557601,11.422571520022323,-4.27,59.7
1998-04-27,T75,3.11678064176749,13.153360144206562,-10.04,322.1
1998-04-28,T75,9.95528669121515,13.065025016872442,-3.11,31.2
1998-04-29,T75,25.1052077853761,14.92320608368441,10.18,40.5
1998-04-30,T75,29.445028932141,25.67023890039095,3.77,12.8
1998-05-01,T75,27.8406102051552,23.167872331056678,4.67,16.8
1998-05-02,T75,9.58705944239874,8.776509597692904,0.81,8.4
1998-05-03,T75,9.12677538137822,12.653530591846378,-3.53,38.7
1998-05-04,T75,19.4239873750658,12.003708229845653,7.42,38.2
1998-05-05,T75,9.0215675960021,14.272164340277829,-5.25,58.2
1998-05-06,T75,17.7012098895318,15.423606934269362,2.28,12.9
1998-05-07,T75,24.5528669121515,22.40450209998321,2.15,8.8
1998-05-08,T75,24.105733824303,23.857082512641895,0.25,1.0
1998-05-09,T75,8.56128353498159,8.778776185770752,-0.22,2.6
1998-05-10,T75,5.70752235665439,11.859348343716633,-6.15,107.8
1998-05-11,T75,13.9005786428196,14.032632643113072,-0.13,0.9
1998-05-12,T75,11.5071015255129,12.85778268756527,-1.35,11.7
1998-05-13,T75,6.36507101525513,15.840042971821813,-9.47,148.8
1998-05-14,T75,21.462388216728,22.229473706137117,-0.77,3.6
1998-05-15,T75,24.092582851131,21.942039148710037,2.15,8.9
1998-05-16,T75,6.57548658600736,8.935712155120862,-2.36,35.9
1998-05-17,T75,10.4418726985797,9.43418486188544,1.01,9.7
1998-03-18,T76,17.9116254602841,14.991688540315865,2.92,16.3
1998-03-19,T76,25.013150973172,21.561608890269166,3.45,13.8
1998-03-20,T76,23.3692793266702,21.424814339163024,1.94,8.3
1998-03-21,T76,9.50815360336665,10.29853649941252,-0.79,8.3
1998-03-22,T76,10.8890057864282,11.836160607120847,-0.95,8.7
1998-03-23,T76,12.9274066280905,11.852046829373062,1.08,8.4
1998-03-24,T76,11.7306680694371,13.13566896818053,-1.41,12.0
1998-03-25,T76,14.6107311941084,17.27158450954044,-2.66,18.2
1998-03-26,T76,23.0142030510258,23.17412110234171,-0.16,0.7
1998-03-27,T76,18.1877958968964,23.1910255517812,-5.0,27.5
1998-03-28,T76,10.5207785376118,9.70737685240823,0.81,7.7
1998-03-29,T76,14.5186743819043,12.454645152430075,2.06,14.2
1998-03-30,T76,16.070489216202,14.134480214860353,1.94,12.1
1998-03-31,T76,15.8206207259337,14.699989430995954,1.12,7.1
1998-04-01,T76,20.2788006312467,16.98282364934956,3.3,16.3
1998-04-02,T76,23.0536559705418,23.744712294723804,-0.69,3.0
1998-04-03,T76,25.8022093634929,19.766358582463685,6.04,23.4
1998-04-04,T76,9.42924776433456,11.12701769940973,-1.7,18.0
1998-04-05,T76,12.0988953182536,13.187184780902342,-1.09,9.0
1998-04-06,T76,13.1246712256707,12.02914648518081,1.1,8.4
1998-04-07,T76,16.2677538137822,13.303358233592665,2.96,18.2
1998-04-08,T76,22.4355602314571,17.424739716090738,5.01,22.3
1998-04-09,T76,15.4260915307733,24.256941972073584,-8.83,57.2
1998-04-10,T76,22.6196738558653,19.99293027598548,2.63,11.6
1998-04-11,T76,10.2051551814834,10.119749080785652,0.09,0.9
1998-04-12,T76,11.7306680694371,11.929723824334303,-0.2,1.7
1998-04-13,T76,12.53287743293,12.083945357324332,0.45,3.6
1998-04-14,T76,14.9263545502367,13.79138124208565,1.13,7.6
1998-04-15,T76,13.8216728037875,18.995897130489915,-5.17,37.4
1998-04-16,T76,20.8837453971594,19.309674258126954,1.57,7.5
1998-04-17,T76,22.8958442924776,21.56808283597811,1.33,5.8
1998-04-18,T76,10.7837980010521,10.840283428893564,-0.06,0.6
1998-04-19,T76,14.5055234087322,11.899670895128263,2.61,18.0
1998-04-20,T76,14.3477117306681,12.250649661639768,2.1,14.6
1998-04-21,T76,13.8611257233035,14.410662043298894,-0.55,4.0
1998-04-22,T76,15.7548658600736,16.335848355861756,-0.58,3.7
1998-04-23,T76,26.4860599684377,21.473299721177632,5.01,18.9
1998-04-24,T76,5.03682272488164,23.648797945968514,-18.61,369.5
1998-04-25,T76,6.20725933719095,8.631522428904566,-2.42,39.0
1998-04-26,T76,12.7038400841662,11.955965806724304,0.75,5.9
1998-04-27,T76,14.0320883745397,14.288901741492394,-0.26,1.9
1998-04-28,T76,13.4402945817991,15.019941855987456,-1.58,11.8
1998-04-29,T76,19.7396107311941,17.897214650555796,1.84,9.3
1998-04-30,T76,27.2093634928985,25.449397058216782,1.76,6.5
1998-05-01,T76,21.0284061020516,21.77502192789674,-0.75,3.6
1998-05-02,T76,12.2830089426618,9.589449902675053,2.69,21.9
1998-05-03,T76,16.3203577064703,13.638220769941551,2.68,16.4
1998-05-04,T76,14.8211467648606,15.767701004787789,-0.95,6.4
1998-05-05,T76,11.5071015255129,14.4239693919157,-2.92,25.4
1998-05-06,T76,18.0694371383482,16.675380132011426,1.39,7.7
1998-05-07,T76,26.0652288269332,22.69296586382854,3.37,12.9
1998-05-08,T76,22.9747501315097,20.092069994301177,2.88,12.5
1998-05-09,T76,9.53445554971068,11.144094902626083,-1.61,16.9
1998-05-10,T76,14.9000526038927,13.822878219445588,1.08,7.2
1998-05-11,T76,14.0189374013677,12.975973471097006,1.04,7.4
1998-05-12,T76,14.5055234087322,13.295033011256972,1.21,8.3
1998-05-13,T76,16.2677538137822,16.73850895528429,-0.47,2.9
1998-05-14,T76,22.1462388216728,24.003337470735406,-1.86,8.4
1998-05-15,T76,26.1178327196213,20.91132438145402,5.21,19.9
1998-05-16,T76,11.3624408206207,11.465370031948177,-0.1,0.9
1998-05-17,T76,16.05733824303,13.90868242951812,2.15,13.4
1998-03-18,T77,14.3871646501841,15.163746120322866,-0.78,5.4
1998-03-19,T77,22.6854287217254,22.02623573595621,0.66,2.9
1998-03-20,T77,23.7506575486586,21.95153850822087,1.8,7.6
1998-03-21,T77,12.4539715938979,15.054647764589486,-2.6,20.9
1998-03-22,T77,13.6638611257233,14.4987142227176,-0.83,6.1
1998-03-23,T77,13.1772751183588,13.060913592525782,0.12,0.9
1998-03-24,T77,12.8879537085744,14.75824004891983,-1.87,14.5
1998-03-25,T77,10.8232509205681,17.27047002859273,-6.45,59.6
1998-03-26,T77,25.7233035244608,22.175985753013705,3.55,13.8
1998-03-27,T77,25.6970015781168,23.479796213854968,2.22,8.6
1998-03-28,T77,14.242503945292,13.394508340459286,0.85,6.0
1998-03-29,T77,15.9521304576539,15.364830409477737,0.59,3.7
1998-03-30,T77,18.8058916359811,15.368797895604967,3.44,18.3
1998-03-31,T77,24.9079431877959,16.70262860545903,8.21,33.0
1998-04-01,T77,17.0436612309311,18.39409735045149,-1.35,7.9
1998-04-02,T77,20.8311415044713,24.032828360221817,-3.2,15.4
1998-04-03,T77,23.6454497632825,22.12115076640492,1.52,6.4
1998-04-04,T77,12.4145186743819,14.221404576758333,-1.81,14.6
1998-04-05,T77,13.4928984744871,15.24998078726418,-1.76,13.0
1998-04-06,T77,14.8079957916886,12.844390681752001,1.96,13.2
1998-04-07,T77,19.5949500263019,15.474916428567074,4.12,21.0
1998-04-08,T77,24.0399789584429,17.475973381612928,6.56,27.3
1998-04-09,T77,19.2004208311415,23.97045415446182,-4.77,24.8
1998-04-10,T77,17.1883219358233,21.794164504712857,-4.61,26.8
1998-04-11,T77,8.929510783798,11.390036344037075,-2.46,27.5
1998-04-12,T77,13.5455023671752,13.41883355735954,0.13,1.0
1998-04-13,T77,12.2961599158338,13.291348892069154,-1.0,8.1
1998-04-14,T77,11.9410836401894,15.576969402905547,-3.64,30.5
1998-04-15,T77,15.5181483429774,16.82976003076737,-1.31,8.4
1998-04-16,T77,18.5691741188848,21.074404707837207,-2.51,13.5
1998-04-17,T77,22.4881641241452,19.027233780443666,3.46,15.4
1998-04-18,T77,12.1383482377696,11.797322102863397,0.34,2.8
1998-04-19,T77,15.189374013677,13.281074039087425,1.91,12.6
1998-04-20,T77,14.6764860599684,13.084209826772582,1.59,10.8
1998-04-21,T77,13.7296159915834,14.329281458267817,-0.6,4.4
1998-04-22,T77,14.9658074697528,16.600891522298895,-1.64,11.0
1998-04-23,T77,22.4750131509732,21.257143465119498,1.22,5.4
1998-04-24,T77,7.140978432404,22.320163395367587,-15.18,212.6
1998-04-25,T77,9.31088900578643,9.751424032164635,-0.44,4.7
1998-04-26,T77,15.9652814308259,13.376968215744782,2.59,16.2
1998-04-27,T77,11.3755917937927,14.685863341439475,-3.31,29.1
1998-04-28,T77,15.2682798527091,14.72823330912605,0.54,3.5
1998-04-29,T77,18.9505523408732,18.387104587176996,0.56,3.0
1998-04-30,T77,26.3808521830615,24.083442154624137,2.3,8.7
1998-05-01,T77,27.2751183587585,20.016250984719584,7.26,26.6
1998-05-02,T77,16.2414518674382,12.962073513684862,3.28,20.2
1998-05-03,T77,19.6870068385061,15.984096729577136,3.7,18.8
1998-05-04,T77,16.8200946870068,15.850947750384194,0.97,5.8
1998-05-05,T77,13.1641241451867,15.6648478898253,-2.5,19.0
1998-05-06,T77,17.9510783798001,17.0782311497014,0.87,4.8
1998-05-07,T77,22.330352446081,22.696640381262853,-0.37,1.7
1998-05-08,T77,25.5654918463966,21.55428026713601,4.01,15.7
1998-05-09,T77,11.586007364545,13.463860548221618,-1.88,16.2
1998-05-10,T77,14.0978432403998,16.05188698789773,-1.95,13.8
1998-05-11,T77,14.7422409258285,13.074044088695926,1.67,11.3
1998-05-12,T77,15.3208837453972,13.948346955906121,1.37,8.9
1998-05-13,T77,16.2809047869542,17.171948484555863,-0.89,5.5
1998-05-14,T77,24.2898474487112,22.392130571827245,1.9,7.8
1998-05-15,T77,27.4723829563388,22.621677685913966,4.85,17.7
1998-05-16,T77,14.0189374013677,13.415599315459689,0.6,4.3
1998-05-17,T77,14.4792214623882,14.713605842264714,-0.23,1.6
1998-03-18,T78,16.951604418727,18.37720047065838,-1.43,8.4
1998-03-19,T78,27.669647553919,27.702970144854852,-0.03,0.1
1998-03-20,T78,26.0520778537612,27.21186787834202,-1.16,4.5
1998-03-21,T78,14.6501841136244,16.088507371262835,-1.44,9.8
1998-03-22,T78,14.6896370331405,18.113313346421418,-3.42,23.3
1998-03-23,T78,13.361388742767,13.816891798937922,-0.46,3.4
1998-03-24,T78,14.6107311941084,14.386350403313836,0.22,1.5
1998-03-25,T78,20.4629142556549,19.908020419053393,0.55,2.7
1998-03-26,T78,28.4587059442399,31.82996077230332,-3.37,11.8
1998-03-27,T78,31.0362966859548,28.57467696434607,2.46,7.9
1998-03-28,T78,20.2788006312467,17.333198524964672,2.95,14.5
1998-03-29,T78,21.8700683850605,19.052828572396002,2.82,12.9
1998-03-30,T78,21.9884271436086,19.119141684324827,2.87,13.1
1998-03-31,T78,19.8711204629143,19.060697542291443,0.81,4.1
1998-04-01,T78,17.2803787480274,21.177605296715022,-3.9,22.6
1998-04-02,T78,28.3271962125197,27.515537882431886,0.81,2.9
1998-04-03,T78,31.4834297738033,27.565456242568988,3.92,12.5
1998-04-04,T78,17.3461336138874,18.34157884603928,-1.0,5.8
1998-04-05,T78,16.977906365071,18.77876881681751,-1.8,10.6
1998-04-06,T78,14.1767490794319,14.731662505795653,-0.55,3.9
1998-04-07,T78,17.7275118358759,15.224711790800479,2.5,14.1
1998-04-08,T78,24.3029984218832,18.669958936676373,5.63,23.2
1998-04-09,T78,24.1714886901631,28.8271946772199,-4.66,19.3
1998-04-10,T78,20.9363492898474,26.761922172690678,-5.83,27.8
1998-04-11,T78,16.044187269858,14.782033950225246,1.26,7.9
1998-04-12,T78,14.5581273014203,16.742594213882146,-2.18,15.0
1998-04-13,T78,18.0431351920042,13.572866487722898,4.47,24.8
1998-04-14,T78,16.8200946870068,16.988166994996064,-0.17,1.0
1998-04-15,T78,17.2540768016833,20.657619232069955,-3.4,19.7
1998-04-16,T78,26.2756443976854,25.184415826462985,1.09,4.1
1998-04-17,T78,22.7117306680694,23.743985232354476,-1.03,4.5
1998-04-18,T78,14.2030510257759,14.77235190263171,-0.57,4.0
1998-04-19,T78,18.4245134139926,15.091260120925929,3.33,18.1
1998-04-20,T78,14.4660704892162,16.180150238306897,-1.71,11.8
1998-04-21,T78,14.5449763282483,15.880702293530497,-1.34,9.2
1998-04-22,T78,17.004208311415,18.544799388070764,-1.54,9.1
1998-04-23,T78,32.7985270910047,26.393230521810402,6.41,19.5
1998-04-24,T78,8.61388742766965,26.846098984988817,-18.23,211.6
1998-04-25,T78,9.95528669121515,12.073073138382338,-2.12,21.3
1998-04-26,T78,16.4518674381904,15.36270575233753,1.09,6.6
1998-04-27,T78,14.6107311941084,15.47667152771609,-0.87,6.0
1998-04-28,T78,13.1378221988427,16.37394587699972,-3.24,24.7
1998-04-29,T78,26.2230405049974,19.07546157530172,7.15,27.3
1998-04-30,T78,34.6528143082588,33.284498584760556,1.37,4.0
1998-05-01,T78,29.7738032614413,24.97932815993431,4.79,16.1
1998-05-02,T78,26.1704366123093,14.834868242601347,11.34,43.3
1998-05-03,T78,28.4981588637559,19.891779573033524,8.61,30.2
1998-05-04,T78,22.8300894266176,20.2818243388705,2.55,11.2
1998-05-05,T78,23.6980536559705,18.009440409103405,5.69,24.0
1998-05-06,T78,19.1215149921094,24.262969936262074,-5.14,26.9
1998-05-07,T78,26.5123619147817,27.96749259944249,-1.46,5.5
1998-05-08,T78,29.1557075223567,23.832466071279203,5.32,18.2
1998-05-09,T78,15.7548658600736,18.201417920444516,-2.45,15.6
1998-05-10,T78,19.2267227774855,18.87415259277139,0.35,1.8
1998-05-11,T78,12.5986322987901,16.8981136145066,-4.3,34.1
1998-05-12,T78,16.4518674381904,16.169557220819634,0.28,1.7
1998-05-13,T78,18.3193056286165,18.8563902422685,-0.54,2.9
1998-05-14,T78,32.4697527617044,27.721249342717044,4.75,14.6
1998-05-15,T78,31.8516570226197,26.69908790245905,5.15,16.2
1998-05-16,T78,18.5428721725408,16.991466746907925,1.55,8.4
1998-05-17,T78,15.8995265649658,18.74565234688728,-2.85,17.9
1998-03-18,T79,19.1083640189374,14.722072389863195,4.39,23.0
1998-03-19,T79,25.5128879537086,26.558007711741332,-1.05,4.1
1998-03-20,T79,22.0278800631247,20.615410250737895,1.41,6.4
1998-03-21,T79,10.678590215676,11.967680073057835,-1.29,12.1
1998-03-22,T79,7.41714886901631,10.93036612079452,-3.51,47.3
1998-03-23,T79,9.66596528143083,10.568471091640202,-0.9,9.3
1998-03-24,T79,10.70489216202,11.642729269226267,-0.94,8.8
1998-03-25,T79,18.8058916359811,17.694841205198557,1.11,5.9
1998-03-26,T79,30.3129931614939,28.261791121566418,2.05,6.8
1998-03-27,T79,29.431877958969,23.169648395688277,6.26,21.3
1998-03-28,T79,12.6117832719621,14.004188672926375,-1.39,11.0
1998-03-29,T79,7.65386638611257,12.731981633530985,-5.08,66.4
1998-03-30,T79,13.8742766964755,14.116847524099015,-0.24,1.7
1998-03-31,T79,12.6643871646502,13.886028153948745,-1.22,9.6
1998-04-01,T79,18.6875328774329,17.942433278593438,0.75,4.0
1998-04-02,T79,24.4476591267754,26.14158290266179,-1.69,6.9
1998-04-03,T79,25.5523408732246,22.793528513510424,2.76,10.8
1998-04-04,T79,10.5207785376118,12.900701987302956,-2.38,22.6
1998-04-05,T79,12.8748027354024,11.750058042209979,1.12,8.7
1998-04-06,T79,9.06102051551815,11.331479759799628,-2.27,25.1
1998-04-07,T79,15.0315623356128,11.07567973117507,3.96,26.3
1998-04-08,T79,27.5775907417149,17.669668878225895,9.91,35.9
1998-04-09,T79,22.8563913729616,28.530239659587394,-5.67,24.8
1998-04-10,T79,17.5170962651236,23.083987878837547,-5.57,31.8
1998-04-11,T79,12.3882167280379,9.92501924778674,2.46,19.9
1998-04-12,T79,16.0178853235139,12.510138798307729,3.51,21.9
1998-04-13,T79,14.1635981062599,12.04098890562388,2.12,15.0
1998-04-14,T79,11.6649132035771,13.853165120651187,-2.19,18.8
1998-04-15,T79,20.3314045239348,19.24182282677757,1.09,5.4
1998-04-16,T79,29.6685954760652,25.583187906968078,4.09,13.8
1998-04-17,T79,30.1288795370857,21.849272575584504,8.28,27.5
1998-04-18,T79,14.5581273014203,13.407485295188671,1.15,7.9
1998-04-19,T79,11.0994213571804,14.098653058583892,-3.0,27.0
1998-04-20,T79,13.9400315623356,12.167318891044465,1.77,12.7
1998-04-21,T79,10.3366649132036,13.380306484067948,-3.04,29.4
1998-04-22,T79,20.0157811678064,18.85943307002817,1.16,5.8
1998-04-23,T79,28.8400841662283,28.9349784949481,-0.09,0.3
1998-04-24,T79,7.3250920568122,27.158793726338892,-19.83,270.7
1998-04-25,T79,7.64071541294056,10.454529430880994,-2.81,36.8
1998-04-26,T79,11.7306680694371,11.439079867265947,0.29,2.5
1998-04-27,T79,15.8074697527617,13.488831196051777,2.32,14.7
1998-04-28,T79,13.7690689110994,14.129392342691663,-0.36,2.6
1998-04-29,T79,24.1583377169911,21.131589718936837,3.03,12.5
1998-04-30,T79,23.1588637559179,29.517384757727058,-6.36,27.5
1998-05-01,T79,21.1730668069437,19.69335045225762,1.48,7.0
1998-05-02,T79,11.4018937401368,10.729390085007854,0.67,5.9
1998-05-03,T79,11.1520252498685,13.281269643643679,-2.13,19.1
1998-05-04,T79,8.67964229352972,14.30534904177974,-5.63,64.9
1998-05-05,T79,11.0599684376644,11.814013402323505,-0.75,6.8
1998-05-06,T79,15.2945817990531,19.522273820109703,-4.23,27.7
1998-05-07,T79,27.7617043661231,22.685590436013676,5.08,18.3
1998-05-08,T79,24.0399789584429,21.26290476057703,2.78,11.6
1998-05-09,T79,8.37716991057338,11.65630950456246,-3.28,39.2
1998-05-10,T79,10.0341925302472,11.665086326117972,-1.63,16.2
1998-05-11,T79,10.8364018937401,10.439782210717848,0.4,3.7
1998-05-12,T79,10.3761178327196,11.282453753456364,-0.91,8.8
1998-05-13,T79,18.0168332456602,16.46559740860781,1.55,8.6
1998-05-14,T79,25.1578116780642,26.844072580530806,-1.69,6.7
1998-05-15,T79,22.0804839558127,22.07538695517272,0.01,0.0
1998-05-16,T79,10.1130983692793,10.368919592351293,-0.26,2.6
1998-05-17,T79,12.9011046817465,10.90117592920326,2.0,15.5
1998-03-18,T8,17.3327664399093,17.689144834730303,-0.36,2.1
1998-03-19,T8,28.9965986394558,27.775477213358773,1.22,4.2
1998-03-20,T8,37.046485260771,31.455634090141686,5.59,15.1
1998-03-21,T8,4.76190476190476,10.27530944931761,-5.51,115.7
1998-03-22,T8,11.6213151927438,11.343196016030504,0.28,2.4
1998-03-23,T8,8.20578231292517,11.954831145621714,-3.75,45.7
1998-03-24,T8,17.2335600907029,14.7687890025528,2.46,14.3
1998-03-25,T8,20.7624716553288,20.80999979981821,-0.05,0.2
1998-03-26,T8,30.796485260771,30.55923518627767,0.24,0.8
1998-03-27,T8,33.7585034013605,35.21028068694654,-1.45,4.3
1998-03-28,T8,7.89399092970522,9.105310670115468,-1.21,15.3
1998-03-29,T8,11.6354875283447,13.052009278756234,-1.42,12.2
1998-03-30,T8,10.6434240362812,14.287199452436566,-3.64,34.2
1998-03-31,T8,15.1643990929705,18.86629321220417,-3.7,24.4
1998-04-01,T8,19.1326530612245,19.246574433135294,-0.11,0.6
1998-04-02,T8,31.3917233560091,27.865693337368267,3.53,11.2
1998-04-03,T8,41.8509070294785,31.981753994014312,9.87,23.6
1998-04-04,T8,14.9801587301587,11.285013054165189,3.7,24.7
1998-04-05,T8,14.2857142857143,14.368581384288285,-0.08,0.6
1998-04-06,T8,10.4024943310658,11.262410478408103,-0.86,8.3
1998-04-07,T8,18.3815192743764,14.300413899807758,4.08,22.2
1998-04-08,T8,27.1825396825397,19.710482635905834,7.47,27.5
1998-04-09,T8,26.0912698412698,32.55227783363867,-6.46,24.8
1998-04-10,T8,27.6502267573696,30.384667304523756,-2.73,9.9
1998-04-11,T8,7.92233560090703,10.825433536625827,-2.9,36.6
1998-04-12,T8,7.10034013605442,13.467312573730355,-6.37,89.7
1998-04-13,T8,12.6275510204082,11.152004754839824,1.48,11.7
1998-04-14,T8,18.7358276643991,15.665250129811946,3.07,16.4
1998-04-15,T8,16.4965986394558,23.3020920669654,-6.81,41.3
1998-04-16,T8,27.4234693877551,27.32594435413207,0.1,0.4
1998-04-17,T8,30.6831065759637,27.731677206353076,2.95,9.6
1998-04-18,T8,0.155895691609977,9.46012937843295,-9.3,930.0
1998-04-19,T8,10.2040816326531,9.636150020364493,0.57,5.6
1998-04-20,T8,10.3458049886621,11.839819794802638,-1.49,14.4
1998-04-21,T8,13.8605442176871,16.08038915395493,-2.22,16.0
1998-04-22,T8,13.265306122449,18.63289158437359,-5.37,40.5
1998-04-23,T8,30.328798185941,26.64688512618241,3.68,12.1
1998-04-24,T8,4.97448979591837,30.87000414433283,-25.9,520.7
1998-04-25,T8,5.2437641723356,5.3816551262852865,-0.14,2.7
1998-04-26,T8,12.3582766439909,10.58746332202195,1.77,14.3
1998-04-27,T8,13.9597505668934,11.829511993148625,2.13,15.3
1998-04-28,T8,16.5674603174603,15.698444608679257,0.87,5.3
1998-04-29,T8,21.9246031746032,19.248031593906095,2.68,12.2
1998-04-30,T8,33.4041950113379,32.474357325190965,0.93,2.8
1998-05-01,T8,34.4246031746032,28.53602483417481,5.89,17.1
1998-05-02,T8,14.2715419501134,9.618506244547666,4.65,32.6
1998-05-03,T8,17.5453514739229,14.563988379238806,2.98,17.0
1998-05-04,T8,15.1218820861678,15.608070465492766,-0.49,3.2
1998-05-05,T8,14.640022675737,16.335098931875272,-1.7,11.6
1998-05-06,T8,16.8792517006803,19.678187390865656,-2.8,16.6
1998-05-07,T8,27.6218820861678,27.803511928966444,-0.18,0.7
1998-05-08,T8,33.2482993197279,28.406487779489606,4.84,14.6
1998-05-09,T8,5.30045351473923,11.464200269973158,-6.16,116.2
1998-05-10,T8,10.2749433106576,12.942412498222586,-2.67,26.0
1998-05-11,T8,12.8259637188209,12.776538444753745,0.05,0.4
1998-05-12,T8,15.4195011337868,14.800196343248341,0.62,4.0
1998-05-13,T8,18.5515873015873,17.86033701382182,0.69,3.7
1998-05-14,T8,27.1258503401361,28.895759880430543,-1.77,6.5
1998-05-15,T8,32.157029478458,29.00651677322092,3.15,9.8
1998-05-16,T8,5.640589569161,9.271709906605402,-3.63,64.4
1998-05-17,T8,8.65929705215419,12.147307762372167,-3.49,40.3
1998-03-18,T80,28.9978958442925,21.10204930144456,7.9,27.2
1998-03-19,T80,31.4834297738033,35.04961513168278,-3.57,11.3
1998-03-20,T80,33.2982640715413,29.579657448615833,3.72,11.2
1998-03-21,T80,17.2014729089953,21.376553500730378,-4.18,24.3
1998-03-22,T80,10.2446081009995,16.11808521277824,-5.87,57.3
1998-03-23,T80,12.3224618621778,14.183232468870397,-1.86,15.1
1998-03-24,T80,18.3193056286165,17.189156712332462,1.13,6.2
1998-03-25,T80,23.7769594950026,25.96471791402783,-2.19,9.2
1998-03-26,T80,42.88532351394,35.87519898667752,7.01,16.3
1998-03-27,T80,39.0057864281957,34.7347611571413,4.27,10.9
1998-03-28,T80,17.6749079431878,21.807853663831274,-4.13,23.4
1998-03-29,T80,19.2924776433456,16.33169418068473,2.96,15.3
1998-03-30,T80,24.7238295633877,17.584971868188816,7.14,28.9
1998-03-31,T80,17.4776433456076,22.273272016113772,-4.8,27.5
1998-04-01,T80,26.7359284587059,23.497594356843898,3.24,12.1
1998-04-02,T80,41.2414518674382,33.64840209452474,7.59,18.4
1998-04-03,T80,39.7159389794845,34.217578284250955,5.5,13.8
1998-04-04,T80,19.1083640189374,19.633905991508815,-0.53,2.8
1998-04-05,T80,15.7811678064177,17.912096362038714,-2.13,13.5
1998-04-06,T80,9.42924776433456,14.536592151672394,-5.11,54.2
1998-04-07,T80,20.515518148343,15.775903342852363,4.74,23.1
1998-04-08,T80,30.1683324566018,24.694714742333293,5.47,18.1
1998-04-09,T80,42.8984744871121,37.102819486514626,5.8,13.5
1998-04-10,T80,28.6165176223041,37.05461738892541,-8.44,29.5
1998-04-11,T80,18.1746449237244,16.99886693689355,1.18,6.5
1998-04-12,T80,27.5644397685429,16.85860795251159,10.71,38.9
1998-04-13,T80,20.6601788532351,17.58908889612696,3.07,14.9
1998-04-14,T80,16.8463966333509,20.072042997895938,-3.23,19.2
1998-04-15,T80,18.4902682798527,26.168854036427692,-7.68,41.5
1998-04-16,T80,31.6017885323514,33.40922897821695,-1.81,5.7
1998-04-17,T80,33.061546554445,29.011939283883866,4.05,12.2
1998-04-18,T80,14.8605996843766,18.172495201746525,-3.31,22.3
1998-04-19,T80,14.1372961599158,17.76004743082374,-3.62,25.6
1998-04-20,T80,16.1493950552341,16.090303307593622,0.06,0.4
1998-04-21,T80,16.3861125723304,17.025324360297446,-0.64,3.9
1998-04-22,T80,20.3314045239348,21.625028661329587,-1.29,6.3
1998-04-23,T80,33.6533403471857,34.48036025948374,-0.83,2.5
1998-04-24,T80,12.6643871646502,32.648968358687256,-19.98,157.8
1998-04-25,T80,0.0,11.471054938310377,-11.47,1147.0
1998-04-26,T80,15.5970541820095,10.431785698080601,5.17,33.1
1998-04-27,T80,18.2140978432404,16.573194640572208,1.64,9.0
1998-04-28,T80,20.0815360336665,18.237130945124086,1.84,9.2
1998-04-29,T80,25.9600210415571,24.579109815609453,1.38,5.3
1998-04-30,T80,38.5718043135192,38.5557711912163,0.02,0.1
1998-05-01,T80,36.7832719621252,28.865835899847692,7.92,21.5
1998-05-02,T80,19.8185165702262,19.526823195539418,0.29,1.5
1998-05-03,T80,16.6359810625986,18.773850118203065,-2.14,12.9
1998-05-04,T80,17.4250394529195,18.52588338357541,-1.1,6.3
1998-05-05,T80,14.5186743819043,18.171189085961284,-3.65,25.1
1998-05-06,T80,21.8569174118885,22.28379950144609,-0.43,2.0
1998-05-07,T80,30.6417674907943,34.07573738590911,-3.43,11.2
1998-05-08,T80,35.7969489742241,29.571278169483353,6.23,17.4
1998-05-09,T80,16.5570752235665,18.436055227653753,-1.88,11.4
1998-05-10,T80,15.3340347185692,16.90908027796381,-1.58,10.3
1998-05-11,T80,20.9626512361915,15.306985937580844,5.66,27.0
1998-05-12,T80,15.0841662283009,17.64332234301315,-2.56,17.0
1998-05-13,T80,18.1351920042083,20.883849074032373,-2.75,15.2
1998-05-14,T80,36.2046291425565,29.9134762129632,6.29,17.4
1998-05-15,T80,35.5207785376118,32.51389406650978,3.01,8.5
1998-05-16,T80,15.0052603892688,17.3685275243974,-2.36,15.7
1998-05-17,T80,12.2961599158338,15.811421653647189,-3.52,28.6
1998-03-18,T81,7.89058390320884,8.709634221097586,-0.82,10.4
1998-03-19,T81,14.6501841136244,11.814416293039127,2.84,19.4
1998-03-20,T81,14.9132035770647,14.164162894989103,0.75,5.0
1998-03-21,T81,5.06312467122567,5.381076953565685,-0.32,6.3
1998-03-22,T81,5.10257759074172,6.596088703852056,-1.49,29.2
1998-03-23,T81,4.62914255654918,5.562338596721748,-0.93,20.1
1998-03-24,T81,5.35244608101,6.205720171230292,-0.85,15.9
1998-03-25,T81,12.6775381378222,8.90562066721515,3.77,29.7
1998-03-26,T81,14.3608627038401,16.1335738061724,-1.77,12.3
1998-03-27,T81,11.4150447133088,15.358473517574243,-3.94,34.5
1998-03-28,T81,6.07574960547081,5.588567198319632,0.49,8.1
1998-03-29,T81,6.40452393477117,7.17296771081592,-0.77,12.0
1998-03-30,T81,7.36454497632825,6.875857089308518,0.49,6.7
1998-03-31,T81,7.11467648605997,7.2644939714899746,-0.15,2.1
1998-04-01,T81,9.16622830089427,10.228611927411231,-1.06,11.6
1998-04-02,T81,14.6107311941084,12.91725673825879,1.69,11.6
1998-04-03,T81,17.5828511309837,12.540647283173572,5.04,28.7
1998-04-04,T81,5.52340873224619,6.658454843185195,-1.14,20.6
1998-04-05,T81,7.19358232509206,7.248325635609976,-0.05,0.7
1998-04-06,T81,8.42977380326144,6.497892963845679,1.93,22.9
1998-04-07,T81,5.83903208837454,7.8933446602246775,-2.05,35.1
1998-04-08,T81,13.361388742767,8.417623186841844,4.94,37.0
1998-04-09,T81,6.47027880063125,14.905347941474094,-8.44,130.4
1998-04-10,T81,11.2440820620726,11.976209217066174,-0.73,6.5
1998-04-11,T81,4.08995265649658,5.484122631151986,-1.39,34.0
1998-04-12,T81,4.7343503419253,6.255063872448972,-1.52,32.1
1998-04-13,T81,7.46975276170437,5.582320381126988,1.89,25.3
1998-04-14,T81,6.54918463966334,6.855017860214509,-0.31,4.7
1998-04-15,T81,7.25933719095213,10.111338785542284,-2.85,39.3
1998-04-16,T81,11.5465544450289,9.708855678408778,1.84,15.9
1998-04-17,T81,17.0173592845871,11.593938613114586,5.42,31.8
1998-04-18,T81,4.74750131509732,6.333347653941641,-1.59,33.5
1998-04-19,T81,6.23356128353498,5.6521988758637125,0.58,9.3
1998-04-20,T81,6.7859021567596,6.5030425645598635,0.28,4.1
1998-04-21,T81,6.11520252498685,6.8196643330658,-0.7,11.4
1998-04-22,T81,8.08784850078906,8.232887553576688,-0.15,1.9
1998-04-23,T81,15.5707522356654,11.973922910295055,3.6,23.1
1998-04-24,T81,3.76117832719621,15.341695576147085,-11.58,307.9
1998-04-25,T81,4.9973698053656,3.6815766075478322,1.32,26.4
1998-04-26,T81,6.11520252498685,6.523466883204496,-0.41,6.7
1998-04-27,T81,7.65386638611257,6.94016430734502,0.71,9.3
1998-04-28,T81,7.15412940557601,7.574113365999287,-0.42,5.9
1998-04-29,T81,10.7837980010521,10.051133921111358,0.73,6.8
1998-04-30,T81,17.9642293529721,15.176595202805636,2.79,15.5
1998-05-01,T81,20.8968963703314,12.880616378115612,8.02,38.4
1998-05-02,T81,6.4308258811152,6.898944237282963,-0.47,7.3
1998-05-03,T81,4.07680168332457,7.807792844247164,-3.73,91.5
1998-05-04,T81,9.20568122041031,7.672845669644258,1.53,16.6
1998-05-05,T81,5.58916359810626,8.453351302278937,-2.86,51.2
1998-05-06,T81,8.11415044713309,8.985483623260622,-0.87,10.7
1998-05-07,T81,11.0205155181483,12.988564706100059,-1.97,17.9
1998-05-08,T81,13.8348237769595,14.502473703264416,-0.67,4.8
1998-05-09,T81,4.76065228826933,6.268730844100479,-1.51,31.7
1998-05-10,T81,5.81273014203051,5.600224397555618,0.21,3.6
1998-05-11,T81,6.77275118358759,6.4564703379792405,0.32,4.7
1998-05-12,T81,5.95739084692267,6.422740849172518,-0.47,7.9
1998-05-13,T81,11.1257233035245,7.854869723000387,3.27,29.4
1998-05-14,T81,14.8342977380326,13.125243838704375,1.71,11.5
1998-05-15,T81,15.0841662283009,13.999224783029128,1.08,7.2
1998-05-16,T81,5.45765386638611,5.875636522832897,-0.42,7.7
1998-05-17,T81,9.12677538137822,6.506092972848598,2.62,28.7
1998-03-18,T82,15.7417148869016,13.099585463274636,2.64,16.8
1998-03-19,T82,18.8979484481852,19.647418252494326,-0.75,4.0
1998-03-20,T82,16.7674907943188,16.291774898704787,0.48,2.9
1998-03-21,T82,7.02261967385587,7.03170098683017,-0.01,0.1
1998-03-22,T82,9.94213571804314,9.082394347696866,0.86,8.7
1998-03-23,T82,10.0604944765913,9.06253221544086,1.0,9.9
1998-03-24,T82,9.35034192530247,10.464807131279382,-1.11,11.9
1998-03-25,T82,15.0315623356128,15.0722411105479,-0.04,0.3
1998-03-26,T82,23.6322987901105,21.394484111235826,2.24,9.5
1998-03-27,T82,17.7669647553919,19.319004216464855,-1.55,8.7
1998-03-28,T82,6.60178853235139,8.153099442372827,-1.55,23.5
1998-03-29,T82,9.65281430825881,10.10540854691633,-0.45,4.7
1998-03-30,T82,11.8621778011573,11.944318705412174,-0.08,0.7
1998-03-31,T82,10.3629668595476,12.072155090768028,-1.71,16.5
1998-04-01,T82,15.5970541820095,14.327283934968088,1.27,8.1
1998-04-02,T82,17.4118884797475,21.11224910791052,-3.7,21.2
1998-04-03,T82,16.7148869016307,16.068014401853,0.65,3.9
1998-04-04,T82,6.37822198842714,7.275968598003892,-0.9,14.1
1998-04-05,T82,8.91635981062599,9.248397782994633,-0.33,3.7
1998-04-06,T82,10.718043135192,9.155286564278166,1.56,14.6
1998-04-07,T82,14.1899000526039,10.167089825917525,4.02,28.3
1998-04-08,T82,25.9468700683851,15.008556716431286,10.94,42.2
1998-04-09,T82,17.1357180431352,21.713422033944692,-4.58,26.7
1998-04-10,T82,15.6496580746975,17.349548063236327,-1.7,10.9
1998-04-11,T82,8.41662283008943,7.176830846149096,1.24,14.7
1998-04-12,T82,9.90268279852709,10.308301017931164,-0.41,4.1
1998-04-13,T82,10.1657022619674,9.971651337988732,0.19,1.9
1998-04-14,T82,10.9942135718043,11.644634315982975,-0.65,5.9
1998-04-15,T82,10.9021567596002,16.289334368872844,-5.39,49.4
1998-04-16,T82,19.1346659652814,17.266114028179715,1.87,9.8
1998-04-17,T82,14.1504471330878,16.06119908377678,-1.91,13.5
1998-04-18,T82,5.31299316149395,7.095914738190482,-1.78,33.5
1998-04-19,T82,9.31088900578643,8.602625285173692,0.71,7.6
1998-04-20,T82,10.9679116254603,9.447229134578148,1.52,13.9
1998-04-21,T82,6.83850604944766,10.817273164854281,-3.98,58.2
1998-04-22,T82,13.7953708574435,11.758923718178764,2.04,14.8
1998-04-23,T82,20.6864807995792,19.199366134556897,1.49,7.2
1998-04-24,T82,4.66859547606523,16.529410393072673,-11.86,254.0
1998-04-25,T82,5.07627564439769,4.713755241258831,0.36,7.1
1998-04-26,T82,9.20568122041031,8.45793070834072,0.75,8.1
1998-04-27,T82,12.2567069963177,10.805907940070291,1.45,11.8
1998-04-28,T82,10.757496054708,11.29499564252783,-0.54,5.0
1998-04-29,T82,17.9247764334561,15.468269913061356,2.46,13.7
1998-04-30,T82,20.8837453971594,22.234946416127944,-1.35,6.5
1998-05-01,T82,20.4892162019989,14.513336505210194,5.98,29.2
1998-05-02,T82,12.4539715938979,7.617137549779716,4.84,38.9
1998-05-03,T82,14.1767490794319,11.691752876813363,2.48,17.5
1998-05-04,T82,13.7033140452393,13.45737906135083,0.25,1.8
1998-05-05,T82,11.2703840084166,12.275980041378554,-1.01,9.0
1998-05-06,T82,15.3997895844292,15.724045682408637,-0.32,2.1
1998-05-07,T82,23.4876380852183,19.68157157665904,3.81,16.2
1998-05-08,T82,19.9894792214624,17.70703744106927,2.28,11.4
1998-05-09,T82,7.60126249342451,9.392576496769465,-1.79,23.5
1998-05-10,T82,11.0073645449763,11.210738776501339,-0.2,1.8
1998-05-11,T82,9.20568122041031,10.861589105905269,-1.66,18.0
1998-05-12,T82,10.6654392425039,10.471054347919317,0.19,1.8
1998-05-13,T82,15.0315623356128,13.936690786044764,1.09,7.3
1998-05-14,T82,19.9368753287743,21.53166742282475,-1.59,8.0
1998-05-15,T82,16.5307732772225,17.615605658821295,-1.08,6.5
1998-05-16,T82,7.15412940557601,8.095781441512637,-0.94,13.1
1998-05-17,T82,10.9284587059442,10.220896152054248,0.71,6.5
1998-03-18,T83,29.5370857443451,33.04204622828797,-3.5,11.8
1998-03-19,T83,49.6449237243556,48.6864539053162,0.96,1.9
1998-03-20,T83,44.5949500263019,41.471575393216966,3.12,7.0
1998-03-21,T83,26.4071541294056,27.40853896916947,-1.0,3.8
1998-03-22,T83,13.8085218306155,25.276597239512604,-11.47,83.1
1998-03-23,T83,18.1614939505523,18.348166901127172,-0.19,1.0
1998-03-24,T83,23.211467648606,22.373434608583793,0.84,3.6
1998-03-25,T83,32.8248290373488,35.2647976648725,-2.44,7.4
1998-03-26,T83,38.387690689111,53.23058576921796,-14.84,38.7
1998-03-27,T83,48.6717517096265,41.332614972380064,7.34,15.1
1998-03-28,T83,21.6859547606523,28.40893222656748,-6.72,31.0
1998-03-29,T83,19.3582325092057,20.170226563501608,-0.81,4.2
1998-03-30,T83,22.7906365071015,20.821078761007335,1.97,8.6
1998-03-31,T83,27.669647553919,25.08283436690376,2.59,9.4
1998-04-01,T83,34.4950026301946,33.012500224247006,1.48,4.3
1998-04-02,T83,52.5512887953709,45.84538426039861,6.71,12.8
1998-04-03,T83,52.4460810099947,42.51269097446095,9.93,18.9
1998-04-04,T83,24.4345081536034,29.00937288465349,-4.57,18.7
1998-04-05,T83,19.673855865334,22.138021779837715,-2.46,12.5
1998-04-06,T83,20.541820094687,18.803152930699174,1.74,8.5
1998-04-07,T83,23.3692793266702,23.08204224304232,0.29,1.2
1998-04-08,T83,58.2588111520253,31.972393592968864,26.29,45.1
1998-04-09,T83,43.2272488164124,51.86724956672391,-8.64,20.0
1998-04-10,T83,38.2956338769069,42.41618788826391,-4.12,10.8
1998-04-11,T83,22.6328248290373,24.341434796006826,-1.71,7.6
1998-04-12,T83,25.6838506049448,21.920090173076137,3.76,14.6
1998-04-13,T83,18.3456075749605,21.167048724196345,-2.82,15.4
1998-04-14,T83,25.4602840610205,23.30222482211122,2.16,8.5
1998-04-15,T83,35.744345081536,36.51762141986269,-0.77,2.2
1998-04-16,T83,51.3019463440295,46.57709209603628,4.72,9.2
1998-04-17,T83,43.9110994213572,38.60289854519773,5.31,12.1
1998-04-18,T83,24.3424513413993,25.198417342489172,-0.86,3.5
1998-04-19,T83,20.2130457653866,22.97745483350914,-2.76,13.7
1998-04-20,T83,19.9368753287743,18.954646211274458,0.98,4.9
1998-04-21,T83,18.8847974750132,24.051917775679193,-5.17,27.4
1998-04-22,T83,33.94266175697,34.73386312208562,-0.79,2.3
1998-04-23,T83,55.6417674907943,49.01705672901853,6.62,11.9
1998-04-24,T83,14.1899000526039,41.08429494935659,-26.89,189.5
1998-04-25,T83,0.0,15.467216440162517,-15.47,1547.0
1998-04-26,T83,15.4786954234613,12.707406994299062,2.77,17.9
1998-04-27,T83,21.9226722777486,19.452840435915725,2.47,11.3
1998-04-28,T83,27.8537611783272,23.583011122848134,4.27,15.3
1998-04-29,T83,38.6770120988953,38.39922621689277,0.28,0.7
1998-04-30,T83,61.2966859547607,54.347932572954974,6.95,11.3
1998-05-01,T83,59.5081536033667,42.091905071943316,17.42,29.3
1998-05-02,T83,29.0899526564966,31.710450877414615,-2.62,9.0
1998-05-03,T83,25.3813782219884,23.199008262085407,2.18,8.6
1998-05-04,T83,20.568122041031,24.323739755897016,-3.76,18.3
1998-05-05,T83,20.8837453971594,23.933361642341836,-3.05,14.6
1998-05-06,T83,32.1935823250921,35.38540103136084,-3.19,9.9
1998-05-07,T83,56.7596002104156,47.62922992061874,9.13,16.1
1998-05-08,T83,53.1036296685955,43.00727394014909,10.1,19.0
1998-05-09,T83,29.5370857443451,30.388928359500703,-0.85,2.9
1998-05-10,T83,24.8947922146239,24.834494681210312,0.06,0.2
1998-05-11,T83,20.8968963703314,20.592266200223122,0.3,1.4
1998-05-12,T83,20.3577064702788,22.75010676895056,-2.39,11.7
1998-05-13,T83,37.9537085744345,33.26477797493866,4.69,12.4
1998-05-14,T83,71.5412940557601,54.469760505189456,17.07,23.9
1998-05-15,T83,77.3145712782746,52.59599194058287,24.72,32.0
1998-05-16,T83,24.3293003682272,40.77561188931938,-16.45,67.6
1998-05-17,T83,15.4918463966334,24.505434135810265,-9.01,58.2
1998-03-18,T84,18.753287743293,17.223753593120502,1.53,8.2
1998-03-19,T84,21.9226722777486,23.731544355800636,-1.81,8.3
1998-03-20,T84,24.4476591267754,22.587842131622367,1.86,7.6
1998-03-21,T84,11.9542346133614,13.343788003096169,-1.39,11.6
1998-03-22,T84,15.3603366649132,13.57033564421138,1.79,11.7
1998-03-23,T84,13.2035770647028,14.62353194968251,-1.42,10.8
1998-03-24,T84,12.8221988427144,15.00028452028253,-2.18,17.0
1998-03-25,T84,15.7680168332457,18.69766351400147,-2.93,18.6
1998-03-26,T84,23.1062598632299,24.851844438870913,-1.75,7.6
1998-03-27,T84,28.9847448711205,24.897153284509237,4.09,14.1
1998-03-28,T84,17.1751709626512,15.004695831492562,2.17,12.6
1998-03-29,T84,18.5823250920568,16.472999030391193,2.11,11.4
1998-03-30,T84,19.5554971067859,17.23612533529929,2.32,11.9
1998-03-31,T84,17.7143608627038,17.536305514087765,0.18,1.0
1998-04-01,T84,19.2661756970016,18.70090389118124,0.57,3.0
1998-04-02,T84,22.2514466070489,23.920786875152462,-1.67,7.5
1998-04-03,T84,23.8032614413467,24.84748172356491,-1.04,4.4
1998-04-04,T84,13.7690689110994,13.877745251642706,-0.11,0.8
1998-04-05,T84,16.7937927406628,15.35220362913105,1.44,8.6
1998-04-06,T84,13.427143608627,14.922428562147392,-1.5,11.2
1998-04-07,T84,15.5444502893214,14.444357877866196,1.1,7.1
1998-04-08,T84,28.0247238295634,17.902858265408625,10.12,36.1
1998-04-09,T84,14.8211467648606,25.08600340338677,-10.26,69.2
1998-04-10,T84,32.127827459232,20.343598543025067,11.78,36.7
1998-04-11,T84,22.5013150973172,14.736272673934362,7.77,34.5
1998-04-12,T84,23.4481851657023,18.001387427039152,5.45,23.2
1998-04-13,T84,20.7522356654392,16.546360014830682,4.21,20.3
1998-04-14,T84,14.1635981062599,17.37082172155644,-3.21,22.7
1998-04-15,T84,14.4660704892162,20.092315789236697,-5.63,38.9
1998-04-16,T84,24.8684902682799,19.394081718030908,5.47,22.0
1998-04-17,T84,21.1862177801157,26.035699505904745,-4.85,22.9
1998-04-18,T84,12.7564439768543,14.751787348588913,-2.0,15.7
1998-04-19,T84,9.24513413992636,16.346363850369222,-7.1,76.8
1998-04-20,T84,18.0431351920042,13.979663779576466,4.06,22.5
1998-04-21,T84,14.7422409258285,15.892142898023266,-1.15,7.8
1998-04-22,T84,16.109942135718,17.42816561573826,-1.32,8.2
1998-04-23,T84,25.7496054708048,22.844113653881298,2.91,11.3
1998-04-24,T84,7.53550762756444,24.309211991415907,-16.77,222.5
1998-04-25,T84,11.4676486059968,11.044502841009907,0.42,3.7
1998-04-26,T84,14.5055234087322,13.071684054362192,1.43,9.9
1998-04-27,T84,16.3861125723304,16.372401300764864,0.01,0.1
1998-04-28,T84,17.3855865334035,15.952696779011287,1.43,8.2
1998-04-29,T84,21.6859547606523,20.034610336362032,1.65,7.6
1998-04-30,T84,27.2751183587585,26.478104442184538,0.8,2.9
1998-05-01,T84,49.3424513413993,22.34555105513604,27.0,54.7
1998-05-02,T84,16.1493950552341,20.55546323537269,-4.41,27.3
1998-05-03,T84,16.3992635455024,16.581817573567335,-0.18,1.1
1998-05-04,T84,15.6233561283535,18.295235182237416,-2.67,17.1
1998-05-05,T84,16.3992635455024,16.127584939630864,0.27,1.6
1998-05-06,T84,16.3729615991583,19.896354862039136,-3.52,21.5
1998-05-07,T84,22.6854287217254,22.91417559912422,-0.23,1.0
1998-05-08,T84,22.6459758022094,25.866039726394405,-3.22,14.2
1998-05-09,T84,13.1904260915308,14.211024064362888,-1.02,7.7
1998-05-10,T84,15.5970541820095,14.767522908537366,0.83,5.3
1998-05-11,T84,15.5049973698054,14.520469383406002,0.98,6.3
1998-05-12,T84,13.4797475013151,15.250991599964395,-1.77,13.1
1998-05-13,T84,17.2803787480274,15.95399753174713,1.33,7.7
1998-05-14,T84,27.9721199368753,23.780153335752722,4.19,15.0
1998-05-15,T84,26.7227774855339,23.34873987246667,3.37,12.6
1998-05-16,T84,14.7290899526565,13.947893379068859,0.78,5.3
1998-05-17,T84,18.713834823777,14.768552999623063,3.95,21.1
1998-03-18,T85,8.96896370331405,12.956098734459673,-3.99,44.5
1998-03-19,T85,25.2630194634403,18.358857737731256,6.9,27.3
1998-03-20,T85,31.6543924250395,20.961500876573403,10.69,33.8
1998-03-21,T85,5.57601262493425,8.296351310120146,-2.72,48.8
1998-03-22,T85,8.50867964229353,10.856663548303931,-2.35,27.6
1998-03-23,T85,9.31088900578643,13.116105726066145,-3.81,40.9
1998-03-24,T85,10.3498158863756,12.26966496484574,-1.92,18.6
1998-03-25,T85,11.4150447133088,12.70858003651358,-1.29,11.3
1998-03-26,T85,18.9505523408732,21.043489288027526,-2.09,11.0
1998-03-27,T85,24.8027354024198,21.96203803406739,2.84,11.5
1998-03-28,T85,4.56338769068911,7.019123915542692,-2.46,53.9
1998-03-29,T85,8.4823776959495,10.125677875412618,-1.64,19.3
1998-03-30,T85,11.4413466596528,12.12955317794701,-0.69,6.0
1998-03-31,T85,11.586007364545,12.428100445243253,-0.84,7.3
1998-04-01,T85,11.3624408206207,12.894094148449243,-1.53,13.5
1998-04-02,T85,18.9900052603893,18.689974629755376,0.3,1.6
1998-04-03,T85,27.3671751709626,21.09339395538897,6.27,22.9
1998-04-04,T85,5.69437138348238,6.587063203916922,-0.89,15.6
1998-04-05,T85,9.94213571804314,9.554292416303214,0.39,3.9
1998-04-06,T85,12.3224618621778,10.371618890074334,1.95,15.8
1998-04-07,T85,12.0068385060494,11.602148879597623,0.4,3.3
1998-04-08,T85,16.3335086796423,12.497198184121252,3.84,23.5
1998-04-09,T85,9.94213571804314,20.526157476568297,-10.58,106.4
1998-04-10,T85,22.9879011046817,19.159906875793055,3.83,16.7
1998-04-11,T85,3.52446081009995,6.618874954490947,-3.09,87.7
1998-04-12,T85,4.78695423461336,9.53759601076764,-4.75,99.2
1998-04-13,T85,13.9663335086796,10.981822696533351,2.98,21.3
1998-04-14,T85,8.45607574960547,12.69164846791433,-4.24,50.1
1998-04-15,T85,10.3629668595476,13.141971744879836,-2.78,26.8
1998-04-16,T85,11.4544976328248,15.875989909150915,-4.42,38.6
1998-04-17,T85,20.8574434508154,20.251723992486816,0.61,2.9
1998-04-18,T85,4.61599158337717,6.195192722080848,-1.58,34.2
1998-04-19,T85,7.90373487638085,7.303256583389321,0.6,7.6
1998-04-20,T85,7.91688584955287,10.814618553275992,-2.9,36.6
1998-04-21,T85,7.66701735928459,8.892621671661441,-1.23,16.0
1998-04-22,T85,9.77117306680694,10.854394212938079,-1.08,11.1
1998-04-23,T85,17.1094160967912,14.77749467108248,2.33,13.6
1998-04-24,T85,2.51183587585481,21.20061662067126,-18.69,744.1
1998-04-25,T85,8.21935823250921,4.637254525589135,3.58,43.6
1998-04-26,T85,11.5202524986849,9.143452756064235,2.38,20.7
1998-04-27,T85,9.04786954234613,10.175432252701778,-1.13,12.5
1998-04-28,T85,9.48185165702262,9.733032195728894,-0.25,2.6
1998-04-29,T85,13.4665965281431,12.485057070178584,0.98,7.3
1998-04-30,T85,21.1599158337717,18.436647995972038,2.72,12.9
1998-05-01,T85,25.2367175170963,19.176083131242073,6.06,24.0
1998-05-02,T85,3.99789584429248,8.280441322471312,-4.28,107.1
1998-05-03,T85,4.45817990531299,10.006292338350999,-5.55,124.5
1998-05-04,T85,11.0994213571804,9.626549055077959,1.47,13.2
1998-05-05,T85,14.7816938453446,10.493945003210165,4.29,29.0
1998-05-06,T85,19.0426091530773,14.63823410812855,4.4,23.1
1998-05-07,T85,17.2672277748553,19.56757158420048,-2.3,13.3
1998-05-08,T85,22.2777485533929,19.236684887968647,3.04,13.6
1998-05-09,T85,4.56338769068911,7.204956755287535,-2.64,57.9
1998-05-10,T85,6.11520252498685,8.526654817027076,-2.41,39.4
1998-05-11,T85,9.11362440820621,9.515346745741098,-0.4,4.4
1998-05-12,T85,8.4823776959495,11.270381476521901,-2.79,32.9
1998-05-13,T85,9.44239873750658,13.55597793469714,-4.11,43.5
1998-05-14,T85,15.7811678064177,16.348206018180562,-0.57,3.6
1998-05-15,T85,22.1988427143609,18.850349424681372,3.35,15.1
1998-05-16,T85,3.06417674907943,6.6612474970825115,-3.6,117.5
1998-05-17,T85,7.5881115202525,8.175348505015702,-0.59,7.8
1998-03-18,T86,15.7811678064177,14.25660094187931,1.52,9.6
1998-03-19,T86,19.0820620725934,18.000910942537367,1.08,5.7
1998-03-20,T86,26.1046817464492,22.50570524962732,3.6,13.8
1998-03-21,T86,5.97054182009469,8.236947742143354,-2.27,38.0
1998-03-22,T86,12.0199894792215,9.684884484555388,2.34,19.5
1998-03-23,T86,8.54813256180957,11.42272500524339,-2.87,33.6
1998-03-24,T86,9.52130457653866,11.154437441718843,-1.63,17.1
1998-03-25,T86,14.7422409258285,15.759079831938294,-1.02,6.9
1998-03-26,T86,20.6733298264072,20.45508635691001,0.22,1.1
1998-03-27,T86,27.4460810099947,25.47797291065951,1.97,7.2
1998-03-28,T86,5.97054182009469,8.280103632497259,-2.31,38.7
1998-03-29,T86,13.7559179379274,11.623646991931544,2.13,15.5
1998-03-30,T86,15.6891109942136,13.235172346720109,2.45,15.6
1998-03-31,T86,14.5975802209363,13.632567392881281,0.97,6.6
1998-04-01,T86,15.2814308258811,16.16653831413663,-0.89,5.8
1998-04-02,T86,19.608100999474,19.658205522315775,-0.05,0.3
1998-04-03,T86,25.6312467122567,23.269526705085916,2.36,9.2
1998-04-04,T86,4.97106785902157,7.731788006042807,-2.76,55.5
1998-04-05,T86,12.5591793792741,11.274493975395421,1.28,10.2
1998-04-06,T86,12.3882167280379,11.540732188735262,0.85,6.9
1998-04-07,T86,13.9137296159916,12.130359979099822,1.78,12.8
1998-04-08,T86,18.9637033140452,14.882993300547898,4.08,21.5
1998-04-09,T86,13.3087848500789,20.673845335929784,-7.37,55.4
1998-04-10,T86,25.933719095213,19.457071081559107,6.48,25.0
1998-04-11,T86,6.19410836401894,7.353759543432874,-1.16,18.7
1998-04-12,T86,5.14203051025776,10.972640759110604,-5.83,113.4
1998-04-13,T86,13.7690689110994,11.068262426637771,2.7,19.6
1998-04-14,T86,10.0867964229353,13.106131101710524,-3.02,29.9
1998-04-15,T86,14.3345607574961,15.340292873676365,-1.01,7.0
1998-04-16,T86,18.4245134139926,17.251737430828776,1.17,6.4
1998-04-17,T86,22.4881641241452,22.884414734921435,-0.4,1.8
1998-04-18,T86,5.9836927932667,7.306352420899087,-1.32,22.1
1998-04-19,T86,11.1914781693845,8.812611214613227,2.38,21.3
1998-04-20,T86,9.94213571804314,11.794632198425141,-1.85,18.6
1998-04-21,T86,14.308258811152,10.60968109688376,3.7,25.9
1998-04-22,T86,12.1778011572856,15.852546290904236,-3.67,30.1
1998-04-23,T86,20.6470278800631,18.250775777291807,2.4,11.6
1998-04-24,T86,4.93161493950552,23.56203339513903,-18.63,377.8
1998-04-25,T86,6.75960021041557,4.894099894700252,1.87,27.7
1998-04-26,T86,13.5455023671752,10.490280407510033,3.06,22.6
1998-04-27,T86,12.6512361914782,12.021630367284853,0.63,5.0
1998-04-28,T86,15.4260915307733,14.073688105169209,1.35,8.8
1998-04-29,T86,3.23513940031562,16.67933388969916,-13.44,415.4
1998-04-30,T86,17.9379274066281,24.864181742608597,-6.93,38.6
1998-05-01,T86,31.0625986322988,18.656144879904097,12.41,40.0
1998-05-02,T86,6.36507101525513,9.82518515371476,-3.46,54.4
1998-05-03,T86,6.44397685428722,11.556163687452546,-5.11,79.3
1998-05-04,T86,15.7285639137296,11.89196252877051,3.84,24.4
1998-05-05,T86,13.2430299842188,14.22962717709407,-0.99,7.5
1998-05-06,T86,16.8332456601789,13.47519567903334,3.36,20.0
1998-05-07,T86,22.7248816412415,18.927418942082454,3.8,16.7
1998-05-08,T86,26.5255128879537,23.432834246666985,3.09,11.6
1998-05-09,T86,6.41767490794319,8.021457109367756,-1.6,24.9
1998-05-10,T86,10.718043135192,10.006872390617431,0.71,6.6
1998-05-11,T86,11.2572330352446,11.88411407487958,-0.63,5.6
1998-05-12,T86,11.9147816938453,12.237428678145164,-0.32,2.7
1998-05-13,T86,16.5965281430826,14.68084462091153,1.92,11.6
1998-05-14,T86,20.8311415044713,21.267326897249266,-0.44,2.1
1998-05-15,T86,22.7380326144135,22.90462335052611,-0.17,0.7
1998-05-16,T86,5.60231457127827,7.677649346575514,-2.08,37.1
1998-05-17,T86,15.2682798527091,10.357613952901987,4.91,32.2
1998-03-18,T87,21.1599158337717,20.405610952860613,0.75,3.5
1998-03-19,T87,36.4413466596528,34.45835758736627,1.98,5.4
1998-03-20,T87,34.9947396107312,25.21764230444858,9.78,27.9
1998-03-21,T87,16.070489216202,14.444813765678163,1.63,10.1
1998-03-22,T87,15.2945817990531,14.172260886457334,1.12,7.3
1998-03-23,T87,11.7832719621252,13.911430628596332,-2.13,18.1
1998-03-24,T87,13.400841662283,15.038370308846982,-1.64,12.2
1998-03-25,T87,27.9589689637033,21.388861384270147,6.57,23.5
1998-03-26,T87,41.6228300894266,42.270655475818195,-0.65,1.6
1998-03-27,T87,26.76223040505,32.55576978890583,-5.79,21.6
1998-03-28,T87,13.3350867964229,13.317181824549255,0.02,0.1
1998-03-29,T87,16.5307732772225,15.520788889001851,1.01,6.1
1998-03-30,T87,18.2272488164124,15.895693613544626,2.33,12.8
1998-03-31,T87,17.1357180431352,17.49744218892239,-0.36,2.1
1998-04-01,T87,25.2367175170963,22.95173930887692,2.28,9.0
1998-04-02,T87,37.9142556549185,37.722518920014366,0.19,0.5
1998-04-03,T87,25.9731720147291,26.92275632561722,-0.95,3.7
1998-04-04,T87,12.2698579694897,12.705785498735107,-0.44,3.6
1998-04-05,T87,13.0852183061547,15.118300980343042,-2.03,15.5
1998-04-06,T87,13.8479747501315,13.066920291131662,0.78,5.6
1998-04-07,T87,15.163072067333,14.923213954099293,0.24,1.6
1998-04-08,T87,32.6144134665965,21.766907286495474,10.85,33.3
1998-04-09,T87,24.3293003682272,38.688849781957266,-14.36,59.0
1998-04-10,T87,20.0815360336665,24.403986541737673,-4.32,21.5
1998-04-11,T87,8.77169910573383,10.913470926090959,-2.14,24.4
1998-04-12,T87,11.625460284061,12.948516810352352,-1.32,11.4
1998-04-13,T87,11.5202524986849,12.823403368679953,-1.3,11.3
1998-04-14,T87,12.7958968963703,14.506453809437657,-1.71,13.4
1998-04-15,T87,21.0152551288795,23.501566144641274,-2.49,11.8
1998-04-16,T87,31.9437138348238,30.22324279296785,1.72,5.4
1998-04-17,T87,26.3413992635455,24.318296160604696,2.02,7.7
1998-04-18,T87,13.0589163598106,12.167358071041331,0.89,6.8
1998-04-19,T87,12.2961599158338,13.451993890201784,-1.16,9.4
1998-04-20,T87,14.9263545502367,11.862030808329386,3.06,20.5
1998-04-21,T87,16.964755391899,14.537419012003992,2.43,14.3
1998-04-22,T87,22.9352972119937,23.803151510188723,-0.87,3.8
1998-04-23,T87,38.4797475013151,34.49237599534769,3.99,10.4
1998-04-24,T87,8.32456601788532,26.497599063473597,-18.17,218.3
1998-04-25,T87,11.0205155181483,10.083308432053498,0.94,8.5
1998-04-26,T87,14.6370331404524,13.672484479843096,0.96,6.6
1998-04-27,T87,17.3461336138874,14.775162378491856,2.57,14.8
1998-04-28,T87,15.3077327722251,17.48094047603312,-2.17,14.2
1998-04-29,T87,27.4197790636507,24.84052075020825,2.58,9.4
1998-04-30,T87,40.8469226722777,38.83427051555107,2.01,4.9
1998-05-01,T87,29.3529721199369,24.30658553077599,5.05,17.2
1998-05-02,T87,10.1657022619674,12.853656046161328,-2.69,26.5
1998-05-03,T87,12.5591793792741,14.187062689929157,-1.63,13.0
1998-05-04,T87,18.5954760652288,16.30137204035979,2.29,12.3
1998-05-05,T87,15.6365071015255,16.56223336133511,-0.93,5.9
1998-05-06,T87,22.9747501315097,24.262951415337337,-1.29,5.6
1998-05-07,T87,35.8758548132562,32.697537224435564,3.18,8.9
1998-05-08,T87,27.3671751709626,24.789426456926563,2.58,9.4
1998-05-09,T87,12.2961599158338,11.659807800902598,0.64,5.2
1998-05-10,T87,12.1778011572856,13.78666990680888,-1.61,13.2
1998-05-11,T87,12.0725933719095,14.120246777829198,-2.05,17.0
1998-05-12,T87,13.1641241451867,14.664927269745753,-1.5,11.4
1998-05-13,T87,24.4476591267754,21.54104523200222,2.91,11.9
1998-05-14,T87,37.5986322987901,35.387506642269614,2.21,5.9
1998-05-15,T87,26.5912677538138,25.073130375390722,1.52,5.7
1998-05-16,T87,12.8090478695423,12.465341399538259,0.34,2.7
1998-05-17,T87,12.9011046817465,13.595416368892806,-0.69,5.3
1998-03-18,T88,20.0815360336665,18.93162037809431,1.15,5.7
1998-03-19,T88,22.5144660704892,22.439486170482862,0.07,0.3
1998-03-20,T88,4.53708574434508,16.952825698676246,-12.42,273.7
1998-03-21,T88,12.0748299319728,9.450180107138404,2.62,21.7
1998-03-22,T88,8.08784850078906,13.259529106065909,-5.17,63.9
1998-03-23,T88,7.85113098369279,13.32810013140633,-5.48,69.8
1998-03-24,T88,9.21883219358232,14.048940895047512,-4.83,52.4
1998-03-25,T88,7.82482903734876,16.75832420088086,-8.93,114.1
1998-03-26,T88,12.4408206207259,17.943362793055037,-5.5,44.2
1998-03-27,T88,3.82693319305629,11.043771450679174,-7.22,188.7
1998-03-28,T88,1.95949500263019,8.346954449028136,-6.39,326.1
1998-03-29,T88,11.0073645449763,7.016937824065768,3.99,36.2
1998-03-30,T88,9.33719095213046,11.337162556888908,-2.0,21.4
1998-03-31,T88,9.6396633350868,11.14537475696779,-1.51,15.7
1998-04-01,T88,10.0078905839032,12.119480938051222,-2.11,21.1
1998-04-02,T88,13.0457653866386,14.387246360093865,-1.34,10.3
1998-04-03,T88,7.78537611783272,10.628441588958157,-2.84,36.5
1998-04-04,T88,2.73540241977906,5.282554575656773,-2.55,93.2
1998-04-05,T88,9.1925302472383,8.661687126154423,0.53,5.8
1998-04-06,T88,8.74539715938979,8.835249926928483,-0.09,1.0
1998-04-07,T88,9.40294581799053,10.044449341596653,-0.64,6.8
1998-04-08,T88,9.13992635455024,11.528369003772223,-2.39,26.1
1998-04-09,T88,4.22146238821673,13.873701393329576,-9.65,228.6
1998-04-10,T88,3.55076275644398,6.63500396452198,-3.08,86.7
1998-04-11,T88,1.52551288795371,4.13272139044598,-2.61,171.1
1998-04-12,T88,1.98579694897422,7.160813536981104,-5.18,260.9
1998-04-13,T88,3.41925302472383,7.046450314261405,-3.63,106.2
1998-04-14,T88,6.58863755917938,7.674681956493627,-1.09,16.5
1998-04-15,T88,6.91741188847975,9.330588754078798,-2.41,34.8
1998-04-16,T88,10.1130983692793,9.181640829249595,0.93,9.2
1998-04-17,T88,3.81378221988427,6.654215156280642,-2.84,74.5
1998-04-18,T88,3.34034718569174,3.159742433588492,0.18,5.4
1998-04-19,T88,14.5581273014203,5.416539667703381,9.14,62.8
1998-04-20,T88,13.7427669647554,9.837673855647644,3.91,28.5
1998-04-21,T88,12.0594423987375,11.038157438733887,1.02,8.5
1998-04-22,T88,17.3855865334035,11.296288604368899,6.09,35.0
1998-04-23,T88,16.4255654918464,14.60112969555379,1.82,11.1
1998-04-24,T88,8.77169910573383,9.295411556742721,-0.52,5.9
1998-04-25,T88,5.97054182009469,5.037333343167853,0.93,15.6
1998-04-26,T88,15.2288269331931,11.04687302384523,4.18,27.4
1998-04-27,T88,14.4923724355602,13.431948238037082,1.06,7.3
1998-04-28,T88,19.3187795896896,13.380888814780027,5.94,30.7
1998-04-29,T88,17.5170962651236,18.978902516790175,-1.46,8.3
1998-04-30,T88,25.8285113098369,18.747708673769132,7.08,27.4
1998-05-01,T88,16.5965281430826,13.32554054811063,3.27,19.7
1998-05-02,T88,10.4287217254077,8.58659944283682,1.84,17.6
1998-05-03,T88,9.45554971067859,13.92235925594668,-4.47,47.3
1998-05-04,T88,23.4218832193582,13.385757235313708,10.04,42.9
1998-05-05,T88,18.0431351920042,18.26965819761689,-0.23,1.3
1998-05-06,T88,18.1088900578643,17.933391655549972,0.18,1.0
1998-05-07,T88,22.0410310362967,20.800967960499555,1.24,5.6
1998-05-08,T88,15.2551288795371,14.709567528461967,0.55,3.6
1998-05-09,T88,9.96843766438717,9.051521846653063,0.92,9.2
1998-05-10,T88,13.374539715939,12.217479721973707,1.16,8.7
1998-05-11,T88,16.0178853235139,13.258312214432763,2.76,17.2
1998-05-12,T88,16.5439242503945,15.526937204700433,1.02,6.2
1998-05-13,T88,14.5581273014203,17.489273343360082,-2.93,20.1
1998-05-14,T88,19.2924776433456,19.27200976843004,0.02,0.1
1998-05-15,T88,14.6764860599684,14.769519391212377,-0.09,0.6
1998-05-16,T88,11.3887427669648,9.05766034182043,2.33,20.5
1998-05-17,T88,21.2782745923198,12.978691758092838,8.3,39.0
1998-03-18,T89,14.9395055234087,11.417128930341255,3.52,23.6
1998-03-19,T89,15.3208837453972,15.218764258273708,0.1,0.7
1998-03-20,T89,11.1914781693845,11.494193464773616,-0.3,2.7
1998-03-21,T89,8.28511309836928,7.561239154533533,0.72,8.7
1998-03-22,T89,11.1783271962125,9.705602761104997,1.47,13.2
1998-03-23,T89,12.6249342451341,9.976299607183964,2.65,21.0
1998-03-24,T89,7.50920568122041,11.603797356103367,-4.09,54.5
1998-03-25,T89,12.506575486586,12.539910078163457,-0.03,0.2
1998-03-26,T89,17.859021567596,16.35447216724647,1.5,8.4
1998-03-27,T89,9.74487112046291,13.162012786070953,-3.42,35.1
1998-03-28,T89,6.12835349815886,7.428843641637464,-1.3,21.2
1998-03-29,T89,7.12782745923198,9.662939582569088,-2.54,35.6
1998-03-30,T89,10.1130983692793,11.66389330396773,-1.55,15.3
1998-03-31,T89,8.14045239347712,9.765229462913402,-1.62,19.9
1998-04-01,T89,9.88953182535508,11.14787155352241,-1.26,12.7
1998-04-02,T89,12.6380852183062,14.312071875915107,-1.67,13.2
1998-04-03,T89,7.53550762756444,10.207757865217477,-2.67,35.4
1998-04-04,T89,4.70804839558127,5.610353556780889,-0.9,19.1
1998-04-05,T89,4.7343503419253,7.136537826476544,-2.4,50.7
1998-04-06,T89,5.06312467122567,6.599060471996638,-1.54,30.4
1998-04-07,T89,4.94476591267754,6.294220936779848,-1.35,27.3
1998-04-08,T89,8.10099947396107,8.15034186296496,-0.05,0.6
1998-04-09,T89,4.62914255654918,11.600086081639176,-6.97,150.6
1998-04-10,T89,5.01052077853761,6.654276158929071,-1.64,32.7
1998-04-11,T89,3.62966859547606,4.109097525444653,-0.48,13.2
1998-04-12,T89,2.97211993687533,5.5752510202855055,-2.6,87.5
1998-04-13,T89,6.40452393477117,4.381983598133649,2.02,31.5
1998-04-14,T89,5.22093634928985,6.123167535230721,-0.9,17.2
1998-04-15,T89,6.16780641767491,7.6732851483885245,-1.51,24.5
1998-04-16,T89,7.24618621778012,8.802600668248743,-1.56,21.5
1998-04-17,T89,6.68069437138348,5.981181618695929,0.7,10.5
1998-04-18,T89,4.36612309310889,4.206388250239172,0.16,3.7
1998-04-19,T89,5.48395581273014,4.911404363360531,0.57,10.4
1998-04-20,T89,5.07627564439769,5.504008904191199,-0.43,8.5
1998-04-21,T89,5.74697527617044,5.221715313833571,0.53,9.2
1998-04-22,T89,7.64071541294056,7.21057309420352,0.43,5.6
1998-04-23,T89,11.5465544450289,9.739564625761968,1.81,15.7
1998-04-24,T89,2.45923198316675,8.742533467290336,-6.28,255.4
1998-04-25,T89,2.44608100999474,3.3602880501380117,-0.91,37.2
1998-04-26,T89,11.8884797475013,5.10828865521744,6.78,57.0
1998-04-27,T89,7.37769594950026,9.377854150867359,-2.0,27.1
1998-04-28,T89,8.79800105207785,7.3131116639851905,1.48,16.8
1998-04-29,T89,13.2430299842188,10.320321523099343,2.92,22.0
1998-04-30,T89,14.8605996843766,14.035502747574952,0.83,5.6
1998-05-01,T89,10.3235139400316,8.63177618100168,1.69,16.4
1998-05-02,T89,7.12782745923198,5.182870767671954,1.94,27.2
1998-05-03,T89,5.41820094687007,9.26737181939134,-3.85,71.1
1998-05-04,T89,16.977906365071,7.426922782192085,9.55,56.2
1998-05-05,T89,8.44292477643346,11.90033634105968,-3.46,41.0
1998-05-06,T89,11.2572330352446,10.52729084642202,0.73,6.5
1998-05-07,T89,12.1514992109416,12.879382217022844,-0.73,6.0
1998-05-08,T89,10.3629668595476,9.308715069900527,1.05,10.1
1998-05-09,T89,5.65491846396633,6.725392743608265,-1.07,18.9
1998-05-10,T89,8.37716991057338,7.234175307686409,1.14,13.6
1998-05-11,T89,9.70541820094687,9.843464233892687,-0.14,1.4
1998-05-12,T89,8.89005786428196,9.08246290621376,-0.19,2.1
1998-05-13,T89,10.5470804839558,10.593296289385501,-0.05,0.5
1998-05-14,T89,13.4928984744871,12.883730920351828,0.61,4.5
1998-05-15,T89,11.4939505523409,10.332541095517126,1.16,10.1
1998-05-16,T89,8.67964229352972,6.542407758929761,2.14,24.7
1998-05-17,T89,9.17937927406628,9.05477645570349,0.12,1.3
1998-03-18,T9,8.39002267573696,10.865371288087118,-2.48,29.6
1998-03-19,T9,12.6417233560091,12.047887020442856,0.59,4.7
1998-03-20,T9,9.89229024943311,9.495434837533425,0.4,4.0
1998-03-21,T9,6.00907029478458,5.963038849207926,0.05,0.8
1998-03-22,T9,9.4812925170068,7.42070823289808,2.06,21.7
1998-03-23,T9,9.56632653061224,8.038613403352144,1.53,16.0
1998-03-24,T9,10.7426303854875,9.663438982959166,1.08,10.1
1998-03-25,T9,9.11281179138322,11.556432745185802,-2.44,26.8
1998-03-26,T9,18.0555555555556,14.094804344143082,3.96,21.9
1998-03-27,T9,7.24206349206349,12.417719540400947,-5.18,71.5
1998-03-28,T9,5.75396825396825,5.40659321810089,0.35,6.1
1998-03-29,T9,6.0515873015873,8.802156714066818,-2.75,45.4
1998-03-30,T9,8.53174603174603,9.88461991933043,-1.35,15.8
1998-03-31,T9,11.281179138322,10.522342750842425,0.76,6.7
1998-04-01,T9,8.57426303854875,11.407420010264559,-2.83,33.0
1998-04-02,T9,13.8888888888889,13.718712086524693,0.17,1.2
1998-04-03,T9,6.4484126984127,9.69898971866114,-3.25,50.4
1998-04-04,T9,4.28004535147392,4.951385442491642,-0.67,15.7
1998-04-05,T9,7.49716553287982,6.758108057824304,0.74,9.9
1998-04-06,T9,8.61678004535147,7.346471210194092,1.27,14.7
1998-04-07,T9,7.44047619047619,9.22172830099664,-1.78,23.9
1998-04-08,T9,12.2874149659864,8.809673308414476,3.48,28.3
1998-04-09,T9,6.32086167800454,14.369272995047819,-8.05,127.4
1998-04-10,T9,4.71938775510204,7.3356461296645765,-2.62,55.5
1998-04-11,T9,5.82482993197279,3.8232512611842253,2.0,34.3
1998-04-12,T9,3.44387755102041,7.284056166811662,-3.84,111.5
1998-04-13,T9,5.71145124716553,5.880026131712377,-0.17,3.0
1998-04-14,T9,7.15702947845805,6.862776525118049,0.29,4.1
1998-04-15,T9,5.05952380952381,9.58329965609424,-4.52,89.3
1998-04-16,T9,9.12698412698413,8.735730078292598,0.39,4.3
1998-04-17,T9,4.87528344671202,6.817382912984731,-1.94,39.8
1998-04-18,T9,6.29251700680272,4.18950435166839,2.1,33.4
1998-04-19,T9,6.6468253968254,6.04903012574018,0.6,9.0
1998-04-20,T9,7.32709750566893,5.775227165644884,1.55,21.2
1998-04-21,T9,7.56802721088435,7.322798779743456,0.25,3.3
1998-04-22,T9,7.0578231292517,7.870676334756431,-0.81,11.5
1998-04-23,T9,11.2670068027211,10.43111845473332,0.84,7.5
1998-04-24,T9,8.61678004535147,7.754476714784495,0.86,10.0
1998-04-25,T9,7.80895691609977,5.955684513837725,1.85,23.7
1998-04-26,T9,11.125283446712,7.938546997647416,3.19,28.7
1998-04-27,T9,8.56009070294785,8.973513140203776,-0.41,4.8
1998-04-28,T9,8.12074829931973,8.907727103554489,-0.79,9.7
1998-04-29,T9,11.4795918367347,10.119491321242764,1.36,11.8
1998-04-30,T9,18.2539682539683,13.991433645018722,4.26,23.3
1998-05-01,T9,8.63095238095238,11.030082765667252,-2.4,27.8
1998-05-02,T9,7.85147392290249,6.770637122156943,1.08,13.8
1998-05-03,T9,3.88321995464853,9.496223614856625,-5.61,144.5
1998-05-04,T9,6.95861678004535,7.413496011051975,-0.45,6.5
1998-05-05,T9,9.05612244897959,7.576225839244598,1.48,16.3
1998-05-06,T9,10.2465986394558,10.437765717861982,-0.19,1.9
1998-05-07,T9,12.1456916099773,12.843829511626808,-0.7,5.8
1998-05-08,T9,8.50340136054422,9.054796609909095,-0.55,6.5
1998-05-09,T9,5.99489795918367,6.622795135379576,-0.63,10.5
1998-05-10,T9,7.0578231292517,6.402723094389461,0.66,9.4
1998-05-11,T9,7.34126984126984,6.426320187469086,0.91,12.4
1998-05-12,T9,8.94274376417234,8.05590428542963,0.89,10.0
1998-05-13,T9,8.82936507936508,10.192697325960163,-1.36,15.4
1998-05-14,T9,13.6337868480726,12.086181381336834,1.55,11.4
1998-05-15,T9,6.70351473922903,10.01694317747767,-3.31,49.4
1998-05-16,T9,5.55555555555556,5.246417573473547,0.31,5.6
1998-05-17,T9,8.20578231292517,7.202360607084693,1.0,12.2
1998-03-18,T90,11.0336664913204,20.81968036697858,-9.79,88.7
1998-03-19,T90,27.4986849026828,27.984633065379846,-0.49,1.8
1998-03-20,T90,28.1167806417675,24.86285590951556,3.25,11.6
1998-03-21,T90,9.3766438716465,14.685245870648389,-5.31,56.6
1998-03-22,T90,8.67964229352972,11.195251059563901,-2.52,29.0
1998-03-23,T90,10.7837980010521,13.04041772648267,-2.26,21.0
1998-03-24,T90,16.070489216202,14.626323986754663,1.44,9.0
1998-03-25,T90,21.6596528143083,19.7108975544118,1.95,9.0
1998-03-26,T90,28.9978958442925,35.36197773924836,-6.36,21.9
1998-03-27,T90,29.3398211467649,28.094637840896862,1.25,4.3
1998-03-28,T90,14.242503945292,12.919793359397294,1.32,9.3
1998-03-29,T90,14.8737506575487,13.808172331292566,1.07,7.2
1998-03-30,T90,17.4907943187796,15.110493198268527,2.38,13.6
1998-03-31,T90,19.4371383482378,18.603358191191568,0.83,4.3
1998-04-01,T90,20.8311415044713,21.175759717836655,-0.34,1.6
1998-04-02,T90,34.0347185691741,31.262010430767706,2.77,8.1
1998-04-03,T90,27.8143082588112,27.471818001018363,0.34,1.2
1998-04-04,T90,10.1920042083114,13.983154433238191,-3.79,37.2
1998-04-05,T90,13.361388742767,14.26362630256666,-0.9,6.7
1998-04-06,T90,14.4660704892162,13.07916630481699,1.39,9.6
1998-04-07,T90,19.5817990531299,16.161690118504314,3.42,17.5
1998-04-08,T90,28.9715938979484,20.374664687777624,8.6,29.7
1998-04-09,T90,28.3534981588638,34.004717886028125,-5.65,19.9
1998-04-10,T90,17.9116254602841,26.683467542791757,-8.77,49.0
1998-04-11,T90,4.65544450289321,10.685252217673023,-6.03,129.5
1998-04-12,T90,9.53445554971068,12.293430083796434,-2.76,28.9
1998-04-13,T90,14.7816938453446,13.178934326260453,1.6,10.8
1998-04-14,T90,15.7811678064177,16.8305255296338,-1.05,6.7
1998-04-15,T90,18.1746449237244,21.79988743420241,-3.63,20.0
1998-04-16,T90,27.5775907417149,27.693520971336046,-0.12,0.4
1998-04-17,T90,24.2240925828511,22.571887740071382,1.65,6.8
1998-04-18,T90,10.2183061546554,10.331044361763498,-0.11,1.1
1998-04-19,T90,10.5996843766439,11.442418833525258,-0.84,7.9
1998-04-20,T90,14.3871646501841,13.170769638491137,1.22,8.5
1998-04-21,T90,14.1899000526039,15.88533438243453,-1.7,12.0
1998-04-22,T90,17.859021567596,19.727122933526136,-1.87,10.5
1998-04-23,T90,32.9431877958969,28.44896556392977,4.49,13.6
1998-04-24,T90,5.69437138348238,25.054717484404538,-19.36,340.0
1998-04-25,T90,8.929510783798,9.020845414029356,-0.09,1.0
1998-04-26,T90,13.6244082062073,12.02020455894116,1.6,11.7
1998-04-27,T90,15.1104681746449,14.910084461791765,0.2,1.3
1998-04-28,T90,15.1104681746449,16.56980337258122,-1.46,9.7
1998-04-29,T90,29.3661230931089,20.760124824958936,8.61,29.3
1998-04-30,T90,32.9826407154129,35.32550139908508,-2.34,7.1
1998-05-01,T90,33.6927932667017,22.271939736237716,11.42,33.9
1998-05-02,T90,12.9274066280905,13.196156561190314,-0.27,2.1
1998-05-03,T90,9.53445554971068,14.316460608243265,-4.78,50.1
1998-05-04,T90,14.3608627038401,15.583113425111584,-1.22,8.5
1998-05-05,T90,22.8958442924776,15.57059960180899,7.33,32.0
1998-05-06,T90,19.7264597580221,26.10460469836162,-6.38,32.3
1998-05-07,T90,33.903208837454,29.553479242567718,4.35,12.8
1998-05-08,T90,27.7880063124671,26.309323916473698,1.48,5.3
1998-05-09,T90,11.5334034718569,12.341912426862532,-0.81,7.0
1998-05-10,T90,12.0331404523935,12.987606758794689,-0.95,7.9
1998-05-11,T90,10.70489216202,13.772353828517371,-3.07,28.7
1998-05-12,T90,12.3356128353498,15.547325318997954,-3.21,26.0
1998-05-13,T90,19.7264597580221,18.64300647586216,1.08,5.5
1998-05-14,T90,30.6812204103104,30.69138540326591,-0.01,0.0
1998-05-15,T90,27.4329300368227,26.000910435177246,1.43,5.2
1998-05-16,T90,11.638611257233,12.253435151851146,-0.61,5.2
1998-05-17,T90,11.8358758548133,12.772651711325116,-0.94,7.9
1998-03-18,T91,9.83692793266702,11.907274034850936,-2.07,21.0
1998-03-19,T91,14.7027880063125,17.293942340483987,-2.59,17.6
1998-03-20,T91,27.9063650710153,19.500639718956567,8.41,30.1
1998-03-21,T91,6.06259863229879,10.93453560373915,-4.87,80.3
1998-03-22,T91,6.28616517622304,11.352974415113781,-5.07,80.7
1998-03-23,T91,10.2577590741715,9.791042915908786,0.47,4.6
1998-03-24,T91,11.1914781693845,10.942456273167377,0.25,2.2
1998-03-25,T91,13.7164650184114,13.579953979835222,0.14,1.0
1998-03-26,T91,22.343503419253,19.576366246878862,2.77,12.4
1998-03-27,T91,27.8669121514992,26.028384002832702,1.84,6.6
1998-03-28,T91,12.0725933719095,9.7736162002942,2.3,19.1
1998-03-29,T91,13.9531825355076,13.013049448332671,0.94,6.7
1998-03-30,T91,14.29510783798,13.395786950827215,0.9,6.3
1998-03-31,T91,14.7159389794845,14.518090480745396,0.2,1.4
1998-04-01,T91,14.4923724355602,15.406664471224854,-0.91,6.3
1998-04-02,T91,12.1514992109416,20.054822667928754,-7.9,65.0
1998-04-03,T91,20.7127827459232,21.640177712992323,-0.93,4.5
1998-04-04,T91,8.20620725933719,9.901698729104165,-1.7,20.7
1998-04-05,T91,15.136770120989,11.96153859599057,3.18,21.0
1998-04-06,T91,12.1514992109416,12.343942837877702,-0.19,1.6
1998-04-07,T91,12.8879537085744,12.63653713578807,0.25,1.9
1998-04-08,T91,17.3724355602315,13.623928101643385,3.75,21.6
1998-04-09,T91,17.5302472382956,17.170633380797383,0.36,2.1
1998-04-10,T91,19.608100999474,20.767609114915075,-1.16,5.9
1998-04-11,T91,6.54918463966334,9.048251573763832,-2.5,38.2
1998-04-12,T91,9.94213571804314,11.958951168466218,-2.02,20.3
1998-04-13,T91,11.572856391373,10.330703027852099,1.24,10.7
1998-04-14,T91,9.92898474487112,11.9325880476826,-2.0,20.1
1998-04-15,T91,14.0057864281957,13.728889785537469,0.28,2.0
1998-04-16,T91,12.6380852183062,17.480667325921555,-4.84,38.3
1998-04-17,T91,23.6717517096265,18.289046431426513,5.38,22.7
1998-04-18,T91,10.2051551814834,9.93342391044547,0.27,2.6
1998-04-19,T91,13.6375591793793,10.823834656561287,2.81,20.6
1998-04-20,T91,11.1257233035245,11.701084969413898,-0.58,5.2
1998-04-21,T91,11.2835349815886,11.093454493809649,0.19,1.7
1998-04-22,T91,13.1509731720147,14.077460299655966,-0.93,7.1
1998-04-23,T91,19.2661756970016,16.364869627449032,2.9,15.1
1998-04-24,T91,5.01052077853761,22.603541733030237,-17.59,351.1
1998-04-25,T91,0.552340873224619,7.320449200526567,-6.77,677.0
1998-04-26,T91,6.75960021041557,8.250072814979436,-1.49,22.0
1998-04-27,T91,11.2046291425565,10.449769577226984,0.75,6.7
1998-04-28,T91,12.8485007890584,12.142222451303642,0.71,5.5
1998-04-29,T91,14.7553918990005,15.416486429479953,-0.66,4.5
1998-04-30,T91,20.7522356654392,19.525782950494843,1.23,5.9
1998-05-01,T91,29.4187269857969,17.15204417002978,12.27,41.7
1998-05-02,T91,8.71909521304577,10.093660925164336,-1.37,15.7
1998-05-03,T91,11.4807995791689,11.44841893268578,0.03,0.3
1998-05-04,T91,13.6112572330352,13.256510180193043,0.35,2.6
1998-05-05,T91,14.3871646501841,12.836288170451153,1.55,10.8
1998-05-06,T91,12.8748027354024,15.299336720862996,-2.42,18.8
1998-05-07,T91,20.3314045239348,18.152650834051407,2.18,10.7
1998-05-08,T91,26.4729089952656,21.58119695080355,4.89,18.5
1998-05-09,T91,10.5996843766439,10.057925490108822,0.54,5.1
1998-05-10,T91,10.0341925302472,11.653958929397513,-1.62,16.1
1998-05-11,T91,11.4939505523409,10.926699979418292,0.57,5.0
1998-05-12,T91,10.2446081009995,12.097223259352628,-1.85,18.1
1998-05-13,T91,15.3603366649132,12.764662859183822,2.6,16.9
1998-05-14,T91,17.6749079431878,19.766865918470845,-2.09,11.8
1998-05-15,T91,23.3561283534982,21.101038358395684,2.26,9.7
1998-05-16,T91,8.90320883745397,10.626595548136674,-1.72,19.3
1998-05-17,T91,11.0731194108364,10.728765784503379,0.34,3.1
1998-03-18,T92,8.36401893740137,14.984999812628175,-6.62,79.1
1998-03-19,T92,13.361388742767,21.291981885487964,-7.93,59.4
1998-03-20,T92,30.4839558127301,22.000622417723207,8.48,27.8
1998-03-21,T92,9.56075749605471,11.824240758517494,-2.26,23.6
1998-03-22,T92,8.02209363492898,12.072709908985813,-4.05,50.5
1998-03-23,T92,10.3103629668595,11.684828568777705,-1.37,13.3
1998-03-24,T92,17.6354550236718,12.720109862768442,4.92,27.9
1998-03-25,T92,15.6102051551815,15.73240087851343,-0.12,0.8
1998-03-26,T92,27.3277222514466,20.326621964262728,7.0,25.6
1998-03-27,T92,28.0247238295634,29.70556573975604,-1.68,6.0
1998-03-28,T92,8.00894266175697,11.495914639374279,-3.49,43.6
1998-03-29,T92,10.757496054708,11.359469058077513,-0.6,5.6
1998-03-30,T92,14.8737506575487,14.20140912955549,0.67,4.5
1998-03-31,T92,17.4118884797475,16.921222003497633,0.49,2.8
1998-04-01,T92,17.3329826407154,16.5398465481859,0.79,4.6
1998-04-02,T92,27.1173066806944,22.52672621313493,4.59,16.9
1998-04-03,T92,33.7453971593898,26.55653397647675,7.19,21.3
1998-04-04,T92,9.54760652288269,12.081343256816247,-2.53,26.5
1998-04-05,T92,16.977906365071,13.080688914271475,3.9,23.0
1998-04-06,T92,13.9663335086796,13.638727210334295,0.33,2.4
1998-04-07,T92,15.7548658600736,14.831029490835611,0.92,5.8
1998-04-08,T92,23.8558653340347,16.30183718817446,7.55,31.6
1998-04-09,T92,21.1467648605997,26.201728341139383,-5.05,23.9
1998-04-10,T92,24.2503945291952,25.960175626429823,-1.71,7.1
1998-04-11,T92,10.1525512887954,10.086314600789251,0.07,0.7
1998-04-12,T92,11.3492898474487,13.435810667429061,-2.09,18.4
1998-04-13,T92,14.4003156233561,12.1078644286019,2.29,15.9
1998-04-14,T92,15.0184113624408,15.217659585726611,-0.2,1.3
1998-04-15,T92,16.5307732772225,18.73834876340313,-2.21,13.4
1998-04-16,T92,24.3556023145713,21.947422909903224,2.41,9.9
1998-04-17,T92,26.4071541294056,24.347711333986624,2.06,7.8
1998-04-18,T92,8.78485007890584,10.666974774700773,-1.88,21.4
1998-04-19,T92,14.1899000526039,11.80429574442737,2.39,16.8
1998-04-20,T92,12.3224618621778,13.068720457623417,-0.75,6.1
1998-04-21,T92,12.0725933719095,14.399381333200052,-2.33,19.3
1998-04-22,T92,16.2019989479221,16.967518925775032,-0.77,4.8
1998-04-23,T92,23.9084692267228,25.11136963780476,-1.2,5.0
1998-04-24,T92,5.48395581273014,26.115447327888194,-20.63,376.2
1998-04-25,T92,8.1273014203051,6.980228328152503,1.15,14.1
1998-04-26,T92,13.8479747501315,12.318031416818684,1.53,11.0
1998-04-27,T92,9.81062598632299,13.31308330243954,-3.5,35.7
1998-04-28,T92,17.2146238821673,13.153757242150883,4.06,23.6
1998-04-29,T92,16.7674907943188,19.351323546094466,-2.58,15.4
1998-04-30,T92,28.7611783271962,26.055650417493222,2.71,9.4
1998-05-01,T92,27.4723829563388,24.846508602051006,2.63,9.6
1998-05-02,T92,10.4550236717517,10.654462206614959,-0.2,1.9
1998-05-03,T92,11.0994213571804,13.827154754126767,-2.73,24.6
1998-05-04,T92,14.4003156233561,13.983156882764604,0.42,2.9
1998-05-05,T92,18.8058916359811,14.934364369872915,3.87,20.6
1998-05-06,T92,15.8863755917938,18.80145384805689,-2.92,18.4
1998-05-07,T92,27.0515518148343,23.879580066357427,3.17,11.7
1998-05-08,T92,31.273014203051,24.528254703126372,6.74,21.6
1998-05-09,T92,10.7969489742241,11.202099903877405,-0.41,3.8
1998-05-10,T92,14.8869016307207,12.961727267237587,1.93,13.0
1998-05-11,T92,10.3103629668595,13.130809446902994,-2.82,27.4
1998-05-12,T92,15.8863755917938,14.757438552542828,1.13,7.1
1998-05-13,T92,16.3203577064703,17.121787706875573,-0.8,4.9
1998-05-14,T92,27.2882693319306,25.303620317042437,1.98,7.3
1998-05-15,T92,31.1809573908469,26.658372804465007,4.52,14.5
1998-05-16,T92,10.9547606522883,11.751748240388036,-0.8,7.3
1998-05-17,T92,16.925302472383,13.763761210279688,3.16,18.7
1998-03-18,T93,21.0284061020516,27.661061431320018,-6.63,31.5
1998-03-19,T93,29.8790110468175,32.69669914785774,-2.82,9.4
1998-03-20,T93,35.3498158863756,32.93829410903582,2.41,6.8
1998-03-21,T93,23.4087322461862,21.01729156849091,2.39,10.2
1998-03-22,T93,18.9900052603893,20.808723874741347,-1.82,9.6
1998-03-23,T93,20.2130457653866,21.24000152068494,-1.03,5.1
1998-03-24,T93,20.568122041031,21.963777230601863,-1.4,6.8
1998-03-25,T93,27.1436086270384,26.244587707062887,0.9,3.3
1998-03-26,T93,44.0952130457654,36.982718116302905,7.11,16.1
1998-03-27,T93,35.5733824302998,37.81954651120827,-2.25,6.3
1998-03-28,T93,26.5912677538138,23.23615961419545,3.36,12.6
1998-03-29,T93,22.9879011046817,22.154760452897893,0.83,3.6
1998-03-30,T93,22.9089952656497,25.00693428891472,-2.1,9.2
1998-03-31,T93,22.2514466070489,23.925452008810392,-1.67,7.5
1998-04-01,T93,24.118884797475,26.646880951048306,-2.53,10.5
1998-04-02,T93,23.3298264071541,34.5039186081925,-11.17,47.9
1998-04-03,T93,40.5839032088375,27.64952392766997,12.93,31.9
1998-04-04,T93,28.4192530247238,23.435920669104505,4.98,17.5
1998-04-05,T93,22.5802209363493,22.049232121635324,0.53,2.3
1998-04-06,T93,19.2530247238296,20.35382592613066,-1.1,5.7
1998-04-07,T93,23.0273540241978,19.67157453170045,3.36,14.6
1998-04-08,T93,26.1967385586533,25.067024171887148,1.13,4.3
1998-04-09,T93,28.6428195686481,31.77845948037107,-3.14,11.0
1998-04-10,T93,25.0789058390321,31.41893989850023,-6.34,25.3
1998-04-11,T93,16.3072067332983,19.288248556233086,-2.98,18.3
1998-04-12,T93,15.2419779063651,18.447869026800785,-3.21,21.1
1998-04-13,T93,22.8695423461336,16.725193322235082,6.14,26.8
1998-04-14,T93,16.4781693845345,21.641703687187096,-5.16,31.3
1998-04-15,T93,18.4902682798527,22.896200733606193,-4.41,23.9
1998-04-16,T93,25.6180957390847,27.55432819125491,-1.94,7.6
1998-04-17,T93,45.0683850604945,26.87393359289703,18.19,40.4
1998-04-18,T93,32.9431877958969,26.052683649161295,6.89,20.9
1998-04-19,T93,21.1993687532877,23.26430403017245,-2.06,9.7
1998-04-20,T93,19.0689110994214,20.606832116148688,-1.54,8.1
1998-04-21,T93,16.938453445555,19.08850056006418,-2.15,12.7
1998-04-22,T93,23.6717517096265,22.184263225064985,1.49,6.3
1998-04-23,T93,35.0341925302472,30.43010117815881,4.6,13.1
1998-04-24,T93,15.3077327722251,35.79043244466253,-20.48,133.8
1998-04-25,T93,49.8947922146239,16.965637601101662,32.93,66.0
1998-04-26,T93,23.3166754339821,28.316760470298785,-5.0,21.4
1998-04-27,T93,28.6691215149921,21.226133032479765,7.44,26.0
1998-04-28,T93,25.3419253024724,23.219959320890723,2.12,8.4
1998-04-29,T93,22.4750131509732,26.638655644061938,-4.16,18.5
1998-04-30,T93,48.3824302998422,32.54901516755129,15.83,32.7
1998-05-01,T93,43.4902682798527,35.70430788068183,7.79,17.9
1998-05-02,T93,31.9700157811678,32.18517271537026,-0.22,0.7
1998-05-03,T93,32.5486586007365,24.753566176172356,7.8,24.0
1998-05-04,T93,33.048395581273,26.60581468080543,6.44,19.5
1998-05-05,T93,23.1194108364019,24.90351944446078,-1.78,7.7
1998-05-06,T93,25.5128879537086,24.21362686014273,1.3,5.1
1998-05-07,T93,36.3755917937927,33.30287267539118,3.07,8.4
1998-05-08,T93,43.1483429773803,33.41429990599468,9.73,22.6
1998-05-09,T93,27.6038926880589,30.192806509096272,-2.59,9.4
1998-05-10,T93,24.4871120462914,26.396490282144747,-1.91,7.8
1998-05-11,T93,25.0920568122041,23.1890118994617,1.9,7.6
1998-05-12,T93,22.9089952656497,22.72993608007346,0.18,0.8
1998-05-13,T93,26.6438716465018,24.29810051294246,2.35,8.8
1998-05-14,T93,37.2830089426618,34.43672035796354,2.85,7.6
1998-05-15,T93,43.2798527091005,36.98236143672886,6.3,14.6
1998-05-16,T93,28.9715938979484,30.80459081077465,-1.83,6.3
1998-05-17,T93,22.7117306680694,25.10598001367368,-2.39,10.5
1998-03-18,T94,21.1073119410836,19.241327944833504,1.87,8.9
1998-03-19,T94,24.3950552340873,25.05537912407804,-0.66,2.7
1998-03-20,T94,26.5912677538138,23.87601973923308,2.72,10.2
1998-03-21,T94,11.8621778011573,13.25990165062406,-1.4,11.8
1998-03-22,T94,16.8463966333509,16.84367872903861,0.0,0.0
1998-03-23,T94,15.7417148869016,14.823443400957103,0.92,5.8
1998-03-24,T94,18.1746449237244,16.99887698766912,1.18,6.5
1998-03-25,T94,19.9500263019463,22.774714741885965,-2.82,14.1
1998-03-26,T94,27.1304576538664,26.66519389825635,0.47,1.7
1998-03-27,T94,26.82798527091,27.241266175623174,-0.41,1.5
1998-03-28,T94,12.9011046817465,13.529553512004036,-0.63,4.9
1998-03-29,T94,16.0178853235139,17.204870569826713,-1.19,7.4
1998-03-30,T94,19.4239873750658,17.297851473894404,2.13,11.0
1998-03-31,T94,21.1599158337717,19.761711709229953,1.4,6.6
1998-04-01,T94,21.2914255654918,21.724934687947105,-0.43,2.0
1998-04-02,T94,25.3419253024724,25.95696365007334,-0.62,2.4
1998-04-03,T94,33.022093634929,24.703610288508585,8.32,25.2
1998-04-04,T94,13.1904260915308,14.470916314975529,-1.28,9.7
1998-04-05,T94,19.5291951604419,17.106232108308873,2.42,12.4
1998-04-06,T94,20.528669121515,16.005189232473537,4.52,22.0
1998-04-07,T94,18.7006838506049,18.631526087959916,0.07,0.4
1998-04-08,T94,24.7764334560757,20.447288715623568,4.33,17.5
1998-04-09,T94,15.6233561283535,26.676707971544722,-11.05,70.7
1998-04-10,T94,19.9500263019463,23.48885985666515,-3.54,17.7
1998-04-11,T94,7.70647027880063,11.877887207332144,-4.17,54.1
1998-04-12,T94,8.73224618621778,15.37196599711042,-6.64,76.0
1998-04-13,T94,11.5071015255129,15.070640148654341,-3.56,30.9
1998-04-14,T94,19.8316675433982,15.743605884133004,4.09,20.6
1998-04-15,T94,18.713834823777,22.425203107013672,-3.71,19.8
1998-04-16,T94,20.8837453971594,21.69718312849211,-0.81,3.9
1998-04-17,T94,22.7511835875855,21.931227934174533,0.82,3.6
1998-04-18,T94,10.4681746449237,11.017609654445415,-0.55,5.3
1998-04-19,T94,10.8495528669122,12.889842202544521,-2.04,18.8
1998-04-20,T94,17.1357180431352,12.815594549420624,4.32,25.2
1998-04-21,T94,17.3724355602315,17.94743006800229,-0.57,3.3
1998-04-22,T94,18.3061546554445,20.079044017528854,-1.77,9.7
1998-04-23,T94,25.933719095213,23.291455216326632,2.64,10.2
1998-04-24,T94,5.78642819568648,24.501942728155015,-18.72,323.5
1998-04-25,T94,4.69489742240926,9.48539757268075,-4.79,102.0
1998-04-26,T94,11.0731194108364,12.355663583135478,-1.28,11.6
1998-04-27,T94,21.7254076801683,16.30725402259359,5.42,24.9
1998-04-28,T94,21.5807469752762,19.820751065336434,1.76,8.2
1998-04-29,T94,22.369805365597,22.616567362921593,-0.25,1.1
1998-04-30,T94,34.2056812204103,26.618374328653324,7.59,22.2
1998-05-01,T94,27.5644397685429,25.303990066972442,2.26,8.2
1998-05-02,T94,12.2567069963177,11.56792982418606,0.69,5.6
1998-05-03,T94,14.2030510257759,14.890890404339606,-0.69,4.9
1998-05-04,T94,20.2656496580747,17.365176507941854,2.9,14.3
1998-05-05,T94,21.8700683850605,18.85667466280672,3.01,13.8
1998-05-06,T94,16.8332456601789,22.282741587318746,-5.45,32.4
1998-05-07,T94,24.3029984218832,23.24574262261754,1.06,4.4
1998-05-08,T94,29.6422935297212,22.31048187605287,7.33,24.7
1998-05-09,T94,13.1246712256707,12.032811890802233,1.09,8.3
1998-05-10,T94,18.3587585481326,14.225162356413717,4.13,22.5
1998-05-11,T94,10.1130983692793,16.623272889394514,-6.51,64.4
1998-05-12,T94,19.7790636507102,16.613055296819752,3.17,16.0
1998-05-13,T94,19.8185165702262,19.900098014544,-0.08,0.4
1998-05-14,T94,26.5255128879537,25.330827677000027,1.19,4.5
1998-05-15,T94,29.7211993687533,24.811414513193437,4.91,16.5
1998-05-16,T94,4.23461336138874,13.360687780443122,-9.13,215.6
1998-05-17,T94,13.8742766964755,13.521551040794765,0.35,2.5
1998-03-18,T95,19.5291951604419,18.144555885308073,1.38,7.1
1998-03-19,T95,26.5649658074698,26.092299451760386,0.47,1.8
1998-03-20,T95,29.0373487638085,26.901303718033326,2.14,7.4
1998-03-21,T95,16.044187269858,13.920312432111853,2.12,13.2
1998-03-22,T95,18.2667017359285,17.540955263846083,0.73,4.0
1998-03-23,T95,17.2540768016833,17.10425861977071,0.15,0.9
1998-03-24,T95,22.0147290899527,16.592769633536783,5.42,24.6
1998-03-25,T95,20.1998947922146,23.223113873035732,-3.02,15.0
1998-03-26,T95,25.2893214097843,29.206589599997706,-3.92,15.5
1998-03-27,T95,42.6091530773277,26.25283024009563,16.36,38.4
1998-03-28,T95,21.2914255654918,18.40312086358211,2.89,13.6
1998-03-29,T95,21.0152551288795,19.81598910694841,1.2,5.7
1998-03-30,T95,25.0789058390321,20.294548894244613,4.78,19.1
1998-03-31,T95,20.9100473435034,23.0229819751966,-2.11,10.1
1998-04-01,T95,20.9100473435034,21.694565080641098,-0.78,3.7
1998-04-02,T95,29.1688584955287,26.639196974808492,2.53,8.7
1998-04-03,T95,32.127827459232,30.096341995437815,2.03,6.3
1998-04-04,T95,23.17201472909,17.26274981205851,5.91,25.5
1998-04-05,T95,25.7759074171489,20.69665146567083,5.08,19.7
1998-04-06,T95,17.2935297211994,20.450042138409213,-3.16,18.3
1998-04-07,T95,18.1877958968964,17.5579200883983,0.63,3.5
1998-04-08,T95,27.695949500263,20.149474950742828,7.55,27.3
1998-04-09,T95,22.2251446607049,29.886134950048827,-7.66,34.5
1998-04-10,T95,28.0510257759074,27.45197931609586,0.6,2.1
1998-04-11,T95,14.7816938453446,17.6732454230634,-2.89,19.6
1998-04-12,T95,13.8874276696476,19.73793314043707,-5.85,42.1
1998-04-13,T95,23.1325618095739,15.277397136063529,7.86,34.0
1998-04-14,T95,16.3203577064703,19.637452267462074,-3.32,20.3
1998-04-15,T95,17.3855865334035,22.091421558761066,-4.71,27.1
1998-04-16,T95,26.2756443976854,24.168284497962965,2.11,8.0
1998-04-17,T95,26.814834297738,26.823854062475025,-0.01,0.0
1998-04-18,T95,15.215675960021,15.808248209396167,-0.59,3.9
1998-04-19,T95,19.4239873750658,16.512251928788718,2.91,15.0
1998-04-20,T95,13.348237769595,19.09487388432999,-5.75,43.1
1998-04-21,T95,11.2177801157286,15.891113143483842,-4.67,41.6
1998-04-22,T95,17.6617569700158,18.345163172590738,-0.68,3.9
1998-04-23,T95,26.4071541294056,26.08941627831854,0.32,1.2
1998-04-24,T95,9.44239873750658,28.46657501645985,-19.02,201.4
1998-04-25,T95,46.7254076801683,11.667877749031263,35.06,75.0
1998-04-26,T95,20.1998947922146,24.728936778358563,-4.53,22.4
1998-04-27,T95,18.4639663335087,18.280014857636502,0.18,1.0
1998-04-28,T95,20.7522356654392,17.192029962786442,3.56,17.2
1998-04-29,T95,25.4471330878485,23.116864348848353,2.33,9.2
1998-04-30,T95,33.2193582325092,31.242369765098815,1.98,6.0
1998-05-01,T95,39.9132035770647,26.832092058209145,13.08,32.8
1998-05-02,T95,22.2382956338769,24.234060184394306,-2.0,9.0
1998-05-03,T95,21.396633350868,21.363103230134122,0.03,0.1
1998-05-04,T95,24.2635455023672,20.671239665571868,3.59,14.8
1998-05-05,T95,19.5160441872699,20.04409151225509,-0.53,2.7
1998-05-06,T95,19.3319305628617,22.51951985071864,-3.19,16.5
1998-05-07,T95,27.8537611783272,26.90384105386561,0.95,3.4
1998-05-08,T95,32.5749605470805,28.55385038373013,4.02,12.3
1998-05-09,T95,23.224618621778,20.263485243088475,2.96,12.7
1998-05-10,T95,21.422935297212,20.792296113973812,0.63,2.9
1998-05-11,T95,14.7685428721725,18.82357513065872,-4.06,27.5
1998-05-12,T95,17.898474487112,16.733965966626588,1.16,6.5
1998-05-13,T95,20.6996317727512,19.87295940996925,0.83,4.0
1998-05-14,T95,26.6833245660179,28.372438215446195,-1.69,6.3
1998-05-15,T95,31.8648079957917,28.126634831884203,3.74,11.7
1998-05-16,T95,18.5560231457128,21.3934555550357,-2.84,15.3
1998-05-17,T95,19.2135718043135,19.706565122240253,-0.49,2.6
1998-03-18,T96,24.4739610731194,20.92384376747205,3.55,14.5
1998-03-19,T96,36.4544976328248,32.396756883642894,4.06,11.1
1998-03-20,T96,34.9947396107312,29.415508080538288,5.58,15.9
1998-03-21,T96,14.7422409258285,13.47846402140139,1.26,8.5
1998-03-22,T96,13.1772751183588,17.017729488898606,-3.84,29.1
1998-03-23,T96,18.3587585481326,16.915890493290252,1.44,7.8
1998-03-24,T96,16.4387164650184,17.880137689072974,-1.44,8.8
1998-03-25,T96,21.7780115728564,24.130261904172315,-2.35,10.8
1998-03-26,T96,33.8637559179379,34.16736886071557,-0.3,0.9
1998-03-27,T96,31.1415044713309,33.207354994779905,-2.07,6.6
1998-03-28,T96,14.8474487112046,14.381137290420195,0.47,3.2
1998-03-29,T96,18.1614939505523,16.99845696056195,1.16,6.4
1998-03-30,T96,22.5670699631773,20.151973938856827,2.42,10.7
1998-03-31,T96,18.2930036822725,20.42341689917825,-2.13,11.6
1998-04-01,T96,22.0015781167806,22.04909239457475,-0.05,0.2
1998-04-02,T96,35.1130983692793,31.285752005889385,3.83,10.9
1998-04-03,T96,32.2987901104682,30.333283709303288,1.97,6.1
1998-04-04,T96,14.8737506575487,14.005562076950078,0.87,5.8
1998-04-05,T96,19.1609679116255,17.792525086632168,1.37,7.1
1998-04-06,T96,17.6486059968438,17.587551779001878,0.06,0.3
1998-04-07,T96,21.6201998947922,17.08308267977096,4.54,21.0
1998-04-08,T96,35.9679116254603,22.79010908088552,13.18,36.6
1998-04-09,T96,23.1325618095739,36.98113166101176,-13.85,59.9
1998-04-10,T96,38.2956338769069,27.319827683767798,10.98,28.7
1998-04-11,T96,18.4113624408206,15.890380101969814,2.52,13.7
1998-04-12,T96,10.2051551814834,18.54947280819063,-8.34,81.7
1998-04-13,T96,23.7506575486586,16.433745468174273,7.32,30.8
1998-04-14,T96,21.8569174118885,20.843820412662975,1.01,4.6
1998-04-15,T96,26.6044187269858,27.40881907049716,-0.8,3.0
1998-04-16,T96,37.1383482377696,31.470128744072582,5.67,15.3
1998-04-17,T96,27.4986849026828,33.63498762614045,-6.14,22.3
1998-04-18,T96,14.3477117306681,14.616428421104828,-0.27,1.9
1998-04-19,T96,9.65281430825881,16.072555906705162,-6.42,66.5
1998-04-20,T96,17.1488690163072,18.120515028756017,-0.97,5.7
1998-04-21,T96,15.5839032088375,19.20724407060456,-3.62,23.2
1998-04-22,T96,23.198316675434,24.32025319596385,-1.12,4.8
1998-04-23,T96,34.1004734350342,34.01497162129503,0.09,0.3
1998-04-24,T96,26.8411362440821,30.939855058027966,-4.1,15.3
1998-04-25,T96,19.2135718043135,14.195494133313002,5.02,26.1
1998-04-26,T96,21.396633350868,15.996990161376067,5.4,25.2
1998-04-27,T96,17.4381904260915,19.611404471918867,-2.17,12.4
1998-04-28,T96,19.1215149921094,18.513156591036573,0.61,3.2
1998-04-29,T96,30.2735402419779,25.67684663019496,4.6,15.2
1998-04-30,T96,42.0831141504471,36.72891059913851,5.35,12.7
1998-05-01,T96,36.7438190426092,31.549089896984288,5.19,14.1
1998-05-02,T96,16.951604418727,18.283913861570387,-1.33,7.8
1998-05-03,T96,15.5312993161494,18.573014573479,-3.04,19.6
1998-05-04,T96,18.6743819042609,19.67018808340286,-1.0,5.4
1998-05-05,T96,19.7922146238822,18.897933650987603,0.89,4.5
1998-05-06,T96,26.0520778537612,27.857797793263614,-1.81,6.9
1998-05-07,T96,36.4150447133088,34.33495177411637,2.08,5.7
1998-05-08,T96,26.6570226196739,32.746443603453834,-6.09,22.8
1998-05-09,T96,0.0,14.674525855577267,-14.67,1467.0
1998-05-10,T96,19.7659126775381,12.332865873077932,7.43,37.6
1998-05-11,T96,18.4376643871647,17.460705011696962,0.98,5.3
1998-05-12,T96,18.779589689637,18.820032732378024,-0.04,0.2
1998-05-13,T96,11.4544976328248,25.327024681887266,-13.87,121.1
1998-05-14,T96,38.427143608627,29.101493833857845,9.33,24.3
1998-05-15,T96,31.0099947396107,28.957394303170854,2.05,6.6
1998-05-16,T96,14.7816938453446,14.998368240840627,-0.22,1.5
1998-05-17,T96,20.515518148343,17.32385759318894,3.19,15.5
1998-03-18,T97,11.2309310889006,11.455628454769512,-0.22,2.0
1998-03-19,T97,14.9658074697528,14.82840596880853,0.14,0.9
1998-03-20,T97,16.2019989479221,13.71316948602664,2.49,15.4
1998-03-21,T97,7.11467648605997,6.442725517511004,0.67,9.4
1998-03-22,T97,12.0068385060494,9.49703808809969,2.51,20.9
1998-03-23,T97,4.94476591267754,9.77421469298372,-4.83,97.7
1998-03-24,T97,9.57390846922672,7.354186905051712,2.22,23.2
1998-03-25,T97,12.480273540242,12.960857179877221,-0.48,3.8
1998-03-26,T97,18.8584955286691,17.280450985456863,1.58,8.4
1998-03-27,T97,15.6891109942136,16.61113625114535,-0.92,5.9
1998-03-28,T97,4.43187795896896,7.581495014376734,-3.15,71.1
1998-03-29,T97,11.599158337717,10.205604161253936,1.39,12.0
1998-03-30,T97,11.6649132035771,10.46762823833416,1.2,10.3
1998-03-31,T97,10.757496054708,11.668369896401423,-0.91,8.5
1998-04-01,T97,12.3750657548659,12.935034553871892,-0.56,4.5
1998-04-02,T97,15.0447133087849,16.274144449108725,-1.23,8.2
1998-04-03,T97,16.7543398211468,14.268986645284205,2.49,14.9
1998-04-04,T97,6.246712256707,6.915511704624591,-0.67,10.7
1998-04-05,T97,15.3997895844292,9.919729463511299,5.48,35.6
1998-04-06,T97,15.7285639137296,10.979109677348868,4.75,30.2
1998-04-07,T97,15.7680168332457,12.003187062497735,3.76,23.8
1998-04-08,T97,20.6733298264072,14.414607336163227,6.26,30.3
1998-04-09,T97,17.3592845870594,18.360382238077676,-1.0,5.8
1998-04-10,T97,24.9079431877959,17.124747080668456,7.78,31.2
1998-04-11,T97,12.9537085744345,9.682444787673834,3.27,25.2
1998-04-12,T97,14.2162019989479,13.855643124559005,0.36,2.5
1998-04-13,T97,21.436086270384,12.476762359277917,8.96,41.8
1998-04-14,T97,15.5839032088375,16.23967049946877,-0.66,4.2
1998-04-15,T97,14.8079957916886,16.77603632134446,-1.97,13.3
1998-04-16,T97,17.3066806943714,17.95231131487148,-0.65,3.8
1998-04-17,T97,12.7695949500263,18.503948861193287,-5.73,44.9
1998-04-18,T97,4.81325618095739,8.605834716692765,-3.79,78.7
1998-04-19,T97,10.1920042083114,11.043049273482517,-0.85,8.3
1998-04-20,T97,10.757496054708,13.114317494564414,-2.36,21.9
1998-04-21,T97,8.89005786428196,12.587311085911566,-3.7,41.6
1998-04-22,T97,18.779589689637,13.412653607456981,5.37,28.6
1998-04-23,T97,23.3824302998422,19.27987643976286,4.1,17.5
1998-04-24,T97,2.53813782219884,18.36517385368662,-15.83,623.7
1998-04-25,T97,4.82640715412941,6.584537597776125,-1.76,36.5
1998-04-26,T97,8.78485007890584,10.164519100331972,-1.38,15.7
1998-04-27,T97,13.400841662283,11.965651351009397,1.44,10.7
1998-04-28,T97,12.519726459758,12.971540250956743,-0.45,3.6
1998-04-29,T97,14.2162019989479,17.56066731100871,-3.34,23.5
1998-04-30,T97,17.5565491846397,20.928298849030018,-3.37,19.2
1998-05-01,T97,15.176223040505,15.519886234939058,-0.34,2.2
1998-05-02,T97,9.03471856917412,7.246540942129655,1.79,19.8
1998-05-03,T97,12.9800105207785,11.304190435189685,1.68,12.9
1998-05-04,T97,15.7285639137296,14.666212248128133,1.06,6.7
1998-05-05,T97,11.0731194108364,13.841053170623681,-2.77,25.0
1998-05-06,T97,14.5844292477643,14.438333824452089,0.15,1.0
1998-05-07,T97,16.2940557601262,17.90177668339863,-1.61,9.9
1998-05-08,T97,14.4397685428722,14.906481837138172,-0.47,3.3
1998-05-09,T97,5.91793792740663,7.646578889587305,-1.73,29.2
1998-05-10,T97,11.586007364545,10.51367068147113,1.07,9.2
1998-05-11,T97,11.9805365597054,12.403360557330554,-0.42,3.5
1998-05-12,T97,13.7033140452393,11.626562081613422,2.08,15.2
1998-05-13,T97,21.3703314045239,14.969892527283232,6.4,29.9
1998-05-14,T97,17.1488690163072,20.242285248471013,-3.09,18.0
1998-05-15,T97,15.3077327722251,13.694436330624024,1.61,10.5
1998-05-16,T97,4.08995265649658,7.21894025145205,-3.13,76.5
1998-05-17,T97,14.281956864808,10.143645591340263,4.14,29.0
1998-03-18,T98,17.6354550236718,18.94587121633713,-1.31,7.4
1998-03-19,T98,27.3671751709626,24.665446612493085,2.7,9.9
1998-03-20,T98,41.1625460284061,31.677507491665658,9.49,23.1
1998-03-21,T98,9.823776959495,15.388621354192281,-5.56,56.6
1998-03-22,T98,13.387690689111,15.513408307740868,-2.13,15.9
1998-03-23,T98,14.0846922672278,14.894655571071654,-0.81,5.8
1998-03-24,T98,17.4513413992635,16.905393160799772,0.55,3.2
1998-03-25,T98,15.3077327722251,21.62922163175423,-6.32,41.3
1998-03-26,T98,21.6465018411362,25.67553744705215,-4.03,18.6
1998-03-27,T98,39.3740136770121,32.93889069368369,6.44,16.4
1998-03-28,T98,16.0178853235139,14.417393252699283,1.6,10.0
1998-03-29,T98,18.2930036822725,15.99385765914442,2.3,12.6
1998-03-30,T98,21.462388216728,17.347528502801826,4.11,19.1
1998-03-31,T98,14.6633350867964,20.20526780291106,-5.54,37.8
1998-04-01,T98,21.6728037874803,18.12909819443287,3.54,16.3
1998-04-02,T98,28.5113098369279,24.79188850477881,3.72,13.0
1998-04-03,T98,39.5318253550763,32.932102889121566,6.6,16.7
1998-04-04,T98,15.6496580746975,15.336025778935078,0.31,2.0
1998-04-05,T98,17.872172540768,17.09923503148652,0.77,4.3
1998-04-06,T98,16.4781693845345,15.87563451841186,0.6,3.6
1998-04-07,T98,22.8169384534456,15.789361159045281,7.03,30.8
1998-04-08,T98,27.7485533929511,21.354109267217435,6.39,23.0
1998-04-09,T98,24.960547080484,28.83907260733777,-3.88,15.5
1998-04-10,T98,36.3624408206207,31.091950136084478,5.27,14.5
1998-04-11,T98,10.8232509205681,14.620074923015524,-3.8,35.1
1998-04-12,T98,13.6901630720673,16.623089002769387,-2.93,21.4
1998-04-13,T98,19.5554971067859,15.229701120727801,4.33,22.1
1998-04-14,T98,17.6091530773277,19.140423453572524,-1.53,8.7
1998-04-15,T98,20.3971593897948,21.950567084776363,-1.55,7.6
1998-04-16,T98,25.6575486586007,26.1858753267204,-0.53,2.1
1998-04-17,T98,39.6633350867964,31.825693704403136,7.84,19.8
1998-04-18,T98,14.5712782745923,15.01406505125485,-0.44,3.0
1998-04-19,T98,15.7943187795897,15.597820597575897,0.2,1.3
1998-04-20,T98,15.0184113624408,16.90125333067016,-1.88,12.5
1998-04-21,T98,16.070489216202,16.967525930892855,-0.9,5.6
1998-04-22,T98,17.3592845870594,20.911344457032044,-3.55,20.5
1998-04-23,T98,21.1862177801157,25.967996097081205,-4.78,22.6
1998-04-24,T98,7.95633876906891,33.055042684237456,-25.1,315.5
1998-04-25,T98,8.90320883745397,10.777077804848462,-1.87,21.0
1998-04-26,T98,13.9926354550237,14.332225220883354,-0.34,2.4
1998-04-27,T98,11.0599684376644,15.583608587699675,-4.52,40.9
1998-04-28,T98,18.713834823777,15.761347021787754,2.95,15.8
1998-04-29,T98,27.8932140978432,21.525390746085105,6.37,22.8
1998-04-30,T98,30.9179379274066,27.883368412566163,3.03,9.8
1998-05-01,T98,21.9621251972646,30.199171601339224,-8.24,37.5
1998-05-02,T98,0.0,11.128348074358959,-11.13,1113.0
1998-05-03,T98,0.0,10.954446997835632,-10.95,1095.0
1998-05-04,T98,19.9368753287743,13.03661489509282,6.9,34.6
1998-05-05,T98,21.5544450289321,18.241364042668756,3.31,15.4
1998-05-06,T98,19.8448185165702,24.301066390238447,-4.46,22.5
1998-05-07,T98,27.2751183587585,25.93683782113447,1.34,4.9
1998-05-08,T98,37.9668595476065,26.238168465403653,11.73,30.9
1998-05-09,T98,17.3461336138874,13.714001144863845,3.63,20.9
1998-05-10,T98,16.5702261967386,15.594987351871932,0.98,5.9
1998-05-11,T98,17.004208311415,15.8888369196581,1.12,6.6
1998-05-12,T98,16.7411888479748,18.045222010920828,-1.3,7.8
1998-05-13,T98,21.5938979484482,20.019301627589908,1.57,7.3
1998-05-14,T98,31.4308258811152,27.739556740397127,3.69,11.7
1998-05-15,T98,40.3208837453972,32.37610547948642,7.94,19.7
1998-05-16,T98,14.5186743819043,16.37689962460945,-1.86,12.8
1998-05-17,T98,17.1357180431352,16.076120246476314,1.06,6.2
1998-03-18,T99,15.9521304576539,15.302490674228782,0.65,4.1
1998-03-19,T99,23.8953182535508,22.292623862164813,1.6,6.7
1998-03-20,T99,27.1962125197265,23.541742404834586,3.65,13.4
1998-03-21,T99,19.5028932140978,15.693767012784477,3.81,19.5
1998-03-22,T99,13.0194634402946,15.839327306595123,-2.82,21.7
1998-03-23,T99,11.572856391373,11.957686762147913,-0.38,3.3
1998-03-24,T99,13.7559179379274,12.320605474241052,1.44,10.5
1998-03-25,T99,14.8211467648606,18.611590568256325,-3.79,25.6
1998-03-26,T99,22.5802209363493,24.10181327145265,-1.52,6.7
1998-03-27,T99,26.7227774855339,26.525621261125572,0.2,0.7
1998-03-28,T99,14.9132035770647,17.232318994002878,-2.32,15.6
1998-03-29,T99,11.9410836401894,14.68763337123166,-2.75,23.0
1998-03-30,T99,13.9531825355076,14.113593819992854,-0.16,1.1
1998-03-31,T99,17.5828511309837,15.430926298922564,2.15,12.2
1998-04-01,T99,15.5049973698054,17.686556406360996,-2.18,14.1
1998-04-02,T99,26.3940031562336,22.20531189382425,4.19,15.9
1998-04-03,T99,26.4729089952656,24.545071364632424,1.93,7.3
1998-04-04,T99,15.8469226722778,15.883300905627353,-0.04,0.3
1998-04-05,T99,14.0846922672278,14.63959268742768,-0.55,3.9
1998-04-06,T99,13.1641241451867,12.351790504723411,0.81,6.2
1998-04-07,T99,17.3329826407154,13.416438774842195,3.92,22.6
1998-04-08,T99,22.2119936875329,16.937686608711473,5.27,23.7
1998-04-09,T99,21.3308784850079,25.06326000090892,-3.73,17.5
1998-04-10,T99,26.4334560757496,23.736538781839535,2.7,10.2
1998-04-11,T99,13.1509731720147,15.702680593930028,-2.55,19.4
1998-04-12,T99,3.76117832719621,13.662585898398717,-9.9,263.2
1998-04-13,T99,10.0604944765913,12.48887190905332,-2.43,24.2
1998-04-14,T99,16.7937927406628,13.747593472526392,3.05,18.2
1998-04-15,T99,18.1483429773803,18.50302260652417,-0.35,1.9
1998-04-16,T99,19.8448185165702,23.052411024218163,-3.21,16.2
1998-04-17,T99,22.9879011046817,23.528767867843065,-0.54,2.3
1998-04-18,T99,16.2546028406102,14.045035140693027,2.21,13.6
1998-04-19,T99,13.9794844818517,13.797698979069962,0.18,1.3
1998-04-20,T99,11.2046291425565,11.958820950599678,-0.75,6.7
1998-04-21,T99,13.3350867964229,14.216833784737151,-0.88,6.6
1998-04-22,T99,15.8337716991057,17.078077297671282,-1.24,7.8
1998-04-23,T99,24.2109416096791,22.1244085210422,2.09,8.6
1998-04-24,T99,8.95581273014203,24.559332056923218,-15.6,174.2
1998-04-25,T99,9.04786954234613,10.533482266881933,-1.49,16.5
1998-04-26,T99,13.4797475013151,12.348600907462995,1.13,8.4
1998-04-27,T99,13.1641241451867,12.226991995001738,0.94,7.1
1998-04-28,T99,16.3335086796423,14.742589255300377,1.59,9.7
1998-04-29,T99,22.7117306680694,19.016913142135365,3.69,16.2
1998-04-30,T99,28.1693845344555,26.918375962685374,1.25,4.4
1998-05-01,T99,26.3413992635455,23.30445949484266,3.04,11.5
1998-05-02,T99,17.7932667017359,14.384832234048748,3.41,19.2
1998-05-03,T99,22.5802209363493,15.69405306178902,6.89,30.5
1998-05-04,T99,16.8200946870068,16.919295828362763,-0.1,0.6
1998-05-05,T99,14.6238821672804,16.105638097794042,-1.48,10.1
1998-05-06,T99,15.8074697527617,19.310230382913574,-3.5,22.1
1998-05-07,T99,26.0389268805892,22.489701362501325,3.55,13.6
1998-05-08,T99,27.643345607575,23.288765884898318,4.35,15.7
1998-05-09,T99,16.0178853235139,15.54827674004758,0.47,2.9
1998-05-10,T99,14.281956864808,16.083905878126757,-1.8,12.6
1998-05-11,T99,11.3492898474487,12.87889299321769,-1.53,13.5
1998-05-12,T99,14.1372961599158,13.63183813487641,0.51,3.6
1998-05-13,T99,16.9121514992109,16.941630783351147,-0.03,0.2
1998-05-14,T99,24.8290373487638,23.937724075405256,0.89,3.6
1998-05-15,T99,26.1967385586533,23.80955755703086,2.39,9.1
1998-05-16,T99,19.8842714360863,14.97323200774858,4.91,24.7
1998-05-17,T99,16.8463966333509,16.834993055189855,0.01,0.1
